transaction_id,timestamp,sender,receiver,amount,currency,transaction_type,location,channel,device_id
TXN004692,2026-08-01 09:00:59,ACC0085,ACC0157,2625.46,INR,RTGS,Hyderabad,web,DEV0459
TXN004948,2026-08-01 09:01:13,ACC0078,ACC0043,463.79,INR,RTGS,Chennai,atm,DEV0816
TXN004163,2026-08-01 09:04:31,ACC0328,ACC0464,125.85,INR,IMPS,Mumbai,web,DEV0483
TXN003995,2026-08-01 09:06:12,ACC0068,ACC0029,373.64,INR,NEFT,Delhi,branch,DEV0679
TXN003381,2026-08-01 09:06:47,ACC0282,ACC0064,644.66,INR,RTGS,Pune,mobile,DEV0405
TXN007274,2026-08-01 09:11:46,ACC0042,ACC0488,2396.31,INR,RTGS,Pune,mobile,DEV0137
TXN009393,2026-08-01 09:13:29,ACC0165,ACC0462,6027.43,INR,IMPS,Kochi,mobile,DEV0569
TXN005907,2026-08-01 09:13:31,ACC0196,ACC0457,468.25,INR,NEFT,Mumbai,web,DEV0010
TXN001085,2026-08-01 09:14:20,ACC0151,ACC0475,1359.01,INR,NEFT,Kolkata,atm,DEV0670
TXN006621,2026-08-01 09:15:21,ACC0020,ACC0463,13564.45,INR,RTGS,Kolkata,mobile,DEV0475
TXN000437,2026-08-01 09:15:59,ACC0235,ACC0496,1778.09,INR,RTGS,Delhi,mobile,DEV0356
TXN002526,2026-08-01 09:17:28,ACC0203,ACC0469,716.89,INR,RTGS,Hyderabad,atm,DEV0794
TXN002274,2026-08-01 09:17:34,ACC0287,ACC0119,308.89,INR,NEFT,Pune,web,DEV0707
TXN001666,2026-08-01 09:19:17,ACC0399,ACC0466,3749.19,INR,RTGS,Mumbai,web,DEV0741
TXN009023,2026-08-01 09:27:10,ACC0106,ACC0137,4769.39,INR,RTGS,Hyderabad,mobile,DEV0609
TXN009982,2026-08-01 09:30:19,ACC0383,ACC0317,530.48,INR,RTGS,Hyderabad,web,DEV0466
TXN006082,2026-08-01 09:33:07,ACC0098,ACC0470,431.09,INR,RTGS,Pune,atm,DEV0494
TXN000196,2026-08-01 09:33:46,ACC0004,ACC0477,8904.58,INR,NEFT,Mumbai,mobile,DEV0537
TXN003059,2026-08-01 09:35:49,ACC0038,ACC0466,678.92,INR,IMPS,Mumbai,branch,DEV0240
TXN003103,2026-08-01 09:37:02,ACC0385,ACC0453,15592.29,INR,NEFT,Delhi,branch,DEV0527
TXN002505,2026-08-01 09:37:05,ACC0113,ACC0031,921.64,INR,IMPS,Bengaluru,mobile,DEV0504
TXN003684,2026-08-01 09:38:36,ACC0406,ACC0455,1402.88,INR,NEFT,Delhi,web,DEV0068
TXN001402,2026-08-01 09:42:54,ACC0085,ACC0465,1746.96,INR,RTGS,Mumbai,mobile,DEV0120
TXN004342,2026-08-01 09:46:09,ACC0111,ACC0457,5121.78,INR,IMPS,Pune,web,DEV0326
TXN002475,2026-08-01 09:46:12,ACC0400,ACC0471,350.82,INR,UPI,Chennai,atm,DEV0308
TXN001359,2026-08-01 09:48:00,ACC0142,ACC0173,17187.65,INR,UPI,Chennai,mobile,DEV0331
TXN007017,2026-08-01 09:49:49,ACC0380,ACC0453,2782.48,INR,NEFT,Pune,branch,DEV0612
TXN001702,2026-08-01 09:50:24,ACC0385,ACC0494,7798.06,INR,RTGS,Bengaluru,branch,DEV0534
TXN006382,2026-08-01 09:54:43,ACC0382,ACC0153,852.88,INR,IMPS,Chennai,atm,DEV0616
TXN009091,2026-08-01 09:55:50,ACC0279,ACC0457,2694.1,INR,RTGS,Mumbai,atm,DEV0025
TXN000646,2026-08-01 09:56:50,ACC0175,ACC0082,1811.03,INR,IMPS,Pune,mobile,DEV0750
TXN004606,2026-08-01 09:59:05,ACC0297,ACC0385,2197.64,INR,NEFT,Bengaluru,branch,DEV0369
TXN000461,2026-08-01 10:01:29,ACC0120,ACC0100,2139.67,INR,NEFT,Pune,atm,DEV0047
TXN001480,2026-08-01 10:02:35,ACC0415,ACC0478,3010.87,INR,NEFT,Chennai,atm,DEV0568
TXN002701,2026-08-01 10:05:38,ACC0218,ACC0465,420.69,INR,NEFT,Bengaluru,atm,DEV0820
TXN006929,2026-08-01 10:06:39,ACC0023,ACC0494,1839.29,INR,NEFT,Pune,mobile,DEV0502
TXN005274,2026-08-01 10:06:41,ACC0445,ACC0486,3271.0,INR,NEFT,Mumbai,web,DEV0582
TXN002861,2026-08-01 10:09:55,ACC0238,ACC0461,483.98,INR,IMPS,Chennai,mobile,DEV0300
TXN006350,2026-08-01 10:11:39,ACC0404,ACC0259,2815.14,INR,IMPS,Hyderabad,branch,DEV0459
TXN002961,2026-08-01 10:13:52,ACC0058,ACC0469,1701.25,INR,RTGS,Bengaluru,mobile,DEV0292
TXN009645,2026-08-01 10:21:18,ACC0411,ACC0492,4334.04,INR,NEFT,Delhi,mobile,DEV0017
TXN004040,2026-08-01 10:28:52,ACC0364,ACC0461,3910.73,INR,UPI,Delhi,atm,DEV0660
TXN009990,2026-08-01 10:28:56,ACC0390,ACC0198,206.26,INR,UPI,Delhi,mobile,DEV0583
TXN003989,2026-08-01 10:29:51,ACC0156,ACC0474,968.21,INR,RTGS,Kolkata,branch,DEV0529
TXN004985,2026-08-01 10:31:04,ACC0191,ACC0489,3591.09,INR,NEFT,Kochi,mobile,DEV0844
TXN008575,2026-08-01 10:31:39,ACC0431,ACC0500,3933.16,INR,NEFT,Bengaluru,atm,DEV0551
TXN001449,2026-08-01 10:33:15,ACC0048,ACC0498,1196.47,INR,NEFT,Kochi,branch,DEV0025
TXN008534,2026-08-01 10:33:17,ACC0283,ACC0467,312.22,INR,IMPS,Delhi,web,DEV0205
TXN005614,2026-08-01 10:33:48,ACC0262,ACC0465,3112.08,INR,NEFT,Bengaluru,branch,DEV0785
TXN003610,2026-08-01 10:36:31,ACC0029,ACC0486,17229.74,INR,IMPS,Kochi,mobile,DEV0571
TXN004975,2026-08-01 10:38:13,ACC0090,ACC0472,577.2,INR,RTGS,Kochi,branch,DEV0625
TXN002223,2026-08-01 10:41:32,ACC0450,ACC0491,946.53,INR,RTGS,Hyderabad,web,DEV0586
TXN009415,2026-08-01 10:43:46,ACC0014,ACC0485,593.8,INR,UPI,Bengaluru,branch,DEV0311
TXN006343,2026-08-01 10:45:24,ACC0273,ACC0465,6496.46,INR,NEFT,Chennai,web,DEV0537
TXN005334,2026-08-01 10:49:23,ACC0063,ACC0456,704.06,INR,UPI,Mumbai,branch,DEV0774
TXN000562,2026-08-01 10:50:07,ACC0023,ACC0493,4436.78,INR,NEFT,Delhi,branch,DEV0030
TXN003723,2026-08-01 10:51:12,ACC0171,ACC0473,615.06,INR,NEFT,Mumbai,mobile,DEV0856
TXN003293,2026-08-01 10:52:10,ACC0226,ACC0281,1243.08,INR,IMPS,Chennai,branch,DEV0778
TXN007771,2026-08-01 10:52:50,ACC0218,ACC0490,1290.15,INR,NEFT,Bengaluru,atm,DEV0010
TXN003518,2026-08-01 10:58:47,ACC0408,ACC0481,556.31,INR,RTGS,Kochi,branch,DEV0660
TXN004359,2026-08-01 11:01:25,ACC0352,ACC0079,617.3,INR,NEFT,Chennai,web,DEV0109
TXN005275,2026-08-01 11:02:44,ACC0279,ACC0374,413.61,INR,RTGS,Kolkata,atm,DEV0846
TXN000403,2026-08-01 11:06:18,ACC0078,ACC0485,354.5,INR,UPI,Bengaluru,mobile,DEV0155
TXN008355,2026-08-01 11:10:37,ACC0205,ACC0129,664.55,INR,UPI,Delhi,web,DEV0009
TXN004658,2026-08-01 11:10:51,ACC0195,ACC0459,1637.58,INR,UPI,Hyderabad,mobile,DEV0033
TXN007628,2026-08-01 11:12:49,ACC0426,ACC0465,585.16,INR,NEFT,Kochi,branch,DEV0789
TXN000290,2026-08-01 11:12:56,ACC0436,ACC0487,685.6,INR,IMPS,Bengaluru,branch,DEV0378
TXN001545,2026-08-01 11:14:11,ACC0063,ACC0458,2948.37,INR,RTGS,Pune,mobile,DEV0047
TXN007660,2026-08-01 11:16:41,ACC0067,ACC0138,1525.82,INR,IMPS,Delhi,atm,DEV0572
TXN002968,2026-08-01 11:20:15,ACC0125,ACC0081,3847.45,INR,RTGS,Kochi,mobile,DEV0834
TXN008546,2026-08-01 11:21:52,ACC0235,ACC0484,1320.48,INR,NEFT,Pune,branch,DEV0885
TXN008608,2026-08-01 11:27:33,ACC0281,ACC0460,1720.11,INR,NEFT,Kochi,mobile,DEV0359
TXN008866,2026-08-01 11:29:04,ACC0242,ACC0452,3772.47,INR,RTGS,Delhi,branch,DEV0251
TXN007392,2026-08-01 11:32:09,ACC0319,ACC0470,728.42,INR,IMPS,Bengaluru,mobile,DEV0226
TXN000988,2026-08-01 11:33:47,ACC0040,ACC0499,671.86,INR,UPI,Chennai,atm,DEV0508
TXN005532,2026-08-01 11:34:36,ACC0246,ACC0451,2902.54,INR,NEFT,Kochi,mobile,DEV0304
TXN007138,2026-08-01 11:35:39,ACC0411,ACC0494,1090.3,INR,IMPS,Kolkata,branch,DEV0280
TXN000314,2026-08-01 11:42:41,ACC0436,ACC0024,621.55,INR,RTGS,Hyderabad,mobile,DEV0382
TXN006899,2026-08-01 11:43:31,ACC0088,ACC0101,875.04,INR,UPI,Hyderabad,branch,DEV0561
TXN003153,2026-08-01 11:44:57,ACC0242,ACC0322,2695.91,INR,RTGS,Pune,web,DEV0732
TXN006244,2026-08-01 11:46:51,ACC0437,ACC0467,241.19,INR,UPI,Pune,mobile,DEV0233
TXN002426,2026-08-01 11:47:05,ACC0354,ACC0063,2948.49,INR,NEFT,Bengaluru,mobile,DEV0586
TXN004355,2026-08-01 11:52:20,ACC0033,ACC0249,839.89,INR,RTGS,Kolkata,branch,DEV0037
TXN004088,2026-08-01 11:52:37,ACC0333,ACC0116,3196.38,INR,NEFT,Kolkata,branch,DEV0277
TXN006303,2026-08-01 11:56:21,ACC0143,ACC0408,2529.53,INR,IMPS,Kolkata,atm,DEV0214
TXN007646,2026-08-01 11:57:45,ACC0150,ACC0462,4095.37,INR,NEFT,Chennai,web,DEV0288
TXN000362,2026-08-01 12:02:08,ACC0083,ACC0477,1930.07,INR,UPI,Delhi,mobile,DEV0171
TXN003089,2026-08-01 12:03:41,ACC0276,ACC0468,1611.51,INR,IMPS,Mumbai,branch,DEV0164
TXN004921,2026-08-01 12:06:31,ACC0339,ACC0464,140.75,INR,UPI,Bengaluru,atm,DEV0359
TXN001485,2026-08-01 12:07:35,ACC0220,ACC0482,20436.67,INR,NEFT,Pune,web,DEV0843
TXN003046,2026-08-01 12:10:12,ACC0185,ACC0490,1722.55,INR,RTGS,Chennai,branch,DEV0069
TXN005766,2026-08-01 12:11:10,ACC0008,ACC0480,884.49,INR,IMPS,Bengaluru,mobile,DEV0207
TXN003354,2026-08-01 12:14:05,ACC0003,ACC0077,2895.72,INR,RTGS,Kolkata,atm,DEV0704
TXN009538,2026-08-01 12:16:27,ACC0085,ACC0476,5391.91,INR,NEFT,Kolkata,branch,DEV0667
TXN008420,2026-08-01 12:19:36,ACC0192,ACC0453,2129.35,INR,UPI,Mumbai,branch,DEV0131
TXN009117,2026-08-01 12:25:43,ACC0386,ACC0470,18707.31,INR,NEFT,Hyderabad,atm,DEV0682
TXN002022,2026-08-01 12:26:12,ACC0022,ACC0232,3636.05,INR,NEFT,Pune,mobile,DEV0178
TXN004122,2026-08-01 12:32:41,ACC0102,ACC0491,2871.02,INR,RTGS,Pune,atm,DEV0452
TXN002744,2026-08-01 12:33:21,ACC0316,ACC0497,815.55,INR,RTGS,Pune,web,DEV0157
TXN002746,2026-08-01 12:35:36,ACC0173,ACC0148,422.68,INR,IMPS,Pune,branch,DEV0446
TXN000417,2026-08-01 12:41:31,ACC0114,ACC0455,1384.47,INR,IMPS,Pune,branch,DEV0814
TXN002558,2026-08-01 12:45:33,ACC0111,ACC0234,43.67,INR,RTGS,Kochi,atm,DEV0107
TXN004450,2026-08-01 12:46:37,ACC0364,ACC0462,550.79,INR,RTGS,Kochi,mobile,DEV0664
TXN000587,2026-08-01 12:51:52,ACC0123,ACC0463,816.69,INR,RTGS,Pune,mobile,DEV0207
TXN003225,2026-08-01 12:53:34,ACC0264,ACC0460,12802.33,INR,IMPS,Pune,web,DEV0678
TXN003835,2026-08-01 12:53:50,ACC0392,ACC0469,1777.31,INR,UPI,Hyderabad,web,DEV0503
TXN006594,2026-08-01 12:55:42,ACC0009,ACC0481,3747.1,INR,UPI,Delhi,atm,DEV0647
TXN001023,2026-08-01 12:56:38,ACC0251,ACC0488,739.47,INR,IMPS,Kolkata,mobile,DEV0626
TXN002245,2026-08-01 12:59:39,ACC0309,ACC0124,64514.2,INR,RTGS,Kochi,mobile,DEV0319
TXN005408,2026-08-01 13:03:11,ACC0381,ACC0475,1987.83,INR,IMPS,Kochi,atm,DEV0020
TXN003444,2026-08-01 13:05:23,ACC0011,ACC0458,343.72,INR,IMPS,Bengaluru,mobile,DEV0416
TXN004558,2026-08-01 13:08:16,ACC0308,ACC0204,1211.94,INR,IMPS,Delhi,branch,DEV0689
TXN006784,2026-08-01 13:08:56,ACC0383,ACC0465,16948.17,INR,RTGS,Pune,branch,DEV0118
TXN000243,2026-08-01 13:13:02,ACC0038,ACC0455,1249.09,INR,RTGS,Pune,atm,DEV0085
TXN001127,2026-08-01 13:15:01,ACC0332,ACC0075,6037.23,INR,RTGS,Pune,web,DEV0423
TXN007824,2026-08-01 13:17:51,ACC0276,ACC0500,8525.01,INR,UPI,Mumbai,mobile,DEV0081
TXN003910,2026-08-01 13:19:44,ACC0086,ACC0258,1155.97,INR,UPI,Chennai,mobile,DEV0872
TXN006900,2026-08-01 13:22:13,ACC0148,ACC0452,972.42,INR,NEFT,Delhi,atm,DEV0743
TXN005308,2026-08-01 13:22:19,ACC0080,ACC0064,4407.92,INR,IMPS,Pune,mobile,DEV0405
TXN002598,2026-08-01 13:23:23,ACC0356,ACC0493,1920.51,INR,RTGS,Bengaluru,branch,DEV0439
TXN002812,2026-08-01 13:28:13,ACC0286,ACC0479,7349.75,INR,RTGS,Kochi,branch,DEV0471
TXN001985,2026-08-01 13:28:55,ACC0278,ACC0479,4882.26,INR,RTGS,Chennai,web,DEV0202
TXN001692,2026-08-01 13:29:01,ACC0307,ACC0472,773.4,INR,IMPS,Mumbai,branch,DEV0195
TXN004470,2026-08-01 13:32:48,ACC0034,ACC0316,1510.52,INR,RTGS,Kolkata,branch,DEV0232
TXN002433,2026-08-01 13:34:17,ACC0445,ACC0500,2826.24,INR,RTGS,Bengaluru,mobile,DEV0555
TXN005386,2026-08-01 13:36:32,ACC0157,ACC0451,2717.19,INR,RTGS,Kolkata,mobile,DEV0782
TXN002106,2026-08-01 13:37:41,ACC0279,ACC0476,5312.12,INR,UPI,Chennai,mobile,DEV0869
TXN006136,2026-08-01 13:39:16,ACC0422,ACC0500,2422.33,INR,UPI,Kolkata,web,DEV0396
TXN003732,2026-08-01 13:39:41,ACC0079,ACC0494,1431.68,INR,IMPS,Kochi,web,DEV0292
TXN005056,2026-08-01 13:41:15,ACC0036,ACC0456,3684.62,INR,NEFT,Bengaluru,branch,DEV0093
TXN004736,2026-08-01 13:50:21,ACC0239,ACC0458,4239.19,INR,NEFT,Chennai,atm,DEV0830
TXN003489,2026-08-01 13:53:58,ACC0327,ACC0492,1086.9,INR,RTGS,Kolkata,mobile,DEV0014
TXN000096,2026-08-01 13:54:09,ACC0397,ACC0489,3080.64,INR,UPI,Delhi,mobile,DEV0367
TXN003010,2026-08-01 13:54:33,ACC0294,ACC0480,2347.76,INR,RTGS,Hyderabad,web,DEV0140
TXN005480,2026-08-01 13:59:27,ACC0195,ACC0469,1290.95,INR,UPI,Chennai,atm,DEV0703
TXN003035,2026-08-01 14:00:08,ACC0259,ACC0458,12125.52,INR,NEFT,Chennai,atm,DEV0794
TXN009352,2026-08-01 14:00:28,ACC0035,ACC0220,3168.13,INR,IMPS,Chennai,atm,DEV0182
TXN000869,2026-08-01 14:08:14,ACC0187,ACC0464,620.06,INR,NEFT,Mumbai,branch,DEV0726
TXN009925,2026-08-01 14:11:46,ACC0317,ACC0495,535.4,INR,IMPS,Bengaluru,atm,DEV0232
TXN008535,2026-08-01 14:13:44,ACC0189,ACC0478,11485.12,INR,RTGS,Delhi,branch,DEV0827
TXN006025,2026-08-01 14:14:18,ACC0103,ACC0159,1622.62,INR,NEFT,Bengaluru,mobile,DEV0704
TXN000276,2026-08-01 14:16:06,ACC0410,ACC0151,680.69,INR,UPI,Kolkata,atm,DEV0722
TXN003973,2026-08-01 14:20:44,ACC0034,ACC0477,4152.22,INR,NEFT,Hyderabad,branch,DEV0637
TXN008258,2026-08-01 14:27:54,ACC0221,ACC0454,583.47,INR,UPI,Hyderabad,atm,DEV0519
TXN006020,2026-08-01 14:29:37,ACC0253,ACC0480,16156.04,INR,NEFT,Mumbai,mobile,DEV0517
TXN001420,2026-08-01 14:34:28,ACC0348,ACC0188,1324.59,INR,UPI,Delhi,mobile,DEV0585
TXN008155,2026-08-01 14:36:48,ACC0403,ACC0245,1440.88,INR,RTGS,Pune,web,DEV0307
TXN007178,2026-08-01 14:40:34,ACC0054,ACC0464,1090.41,INR,NEFT,Hyderabad,branch,DEV0124
TXN002848,2026-08-01 14:42:48,ACC0303,ACC0472,8226.91,INR,RTGS,Chennai,web,DEV0779
TXN008960,2026-08-01 14:44:24,ACC0309,ACC0463,1559.05,INR,IMPS,Kochi,web,DEV0779
TXN004555,2026-08-01 14:50:03,ACC0155,ACC0150,1829.35,INR,UPI,Bengaluru,branch,DEV0491
TXN002434,2026-08-01 14:54:18,ACC0048,ACC0199,5307.48,INR,IMPS,Hyderabad,atm,DEV0424
TXN006667,2026-08-01 15:01:25,ACC0269,ACC0454,1476.88,INR,RTGS,Pune,web,DEV0275
TXN003389,2026-08-01 15:05:42,ACC0352,ACC0483,1559.65,INR,RTGS,Pune,atm,DEV0619
TXN000908,2026-08-01 15:05:48,ACC0237,ACC0486,5936.3,INR,IMPS,Delhi,branch,DEV0055
TXN003545,2026-08-01 15:06:51,ACC0293,ACC0464,1779.51,INR,UPI,Chennai,branch,DEV0380
TXN001410,2026-08-01 15:07:14,ACC0053,ACC0461,3040.98,INR,IMPS,Delhi,atm,DEV0508
TXN003200,2026-08-01 15:08:51,ACC0012,ACC0467,1096.19,INR,IMPS,Mumbai,branch,DEV0314
TXN007789,2026-08-01 15:10:23,ACC0239,ACC0208,3759.27,INR,RTGS,Delhi,branch,DEV0327
TXN006282,2026-08-01 15:13:06,ACC0356,ACC0454,6300.03,INR,IMPS,Chennai,atm,DEV0801
TXN005541,2026-08-01 15:17:06,ACC0297,ACC0467,1254.43,INR,UPI,Delhi,web,DEV0175
TXN004167,2026-08-01 15:18:57,ACC0066,ACC0455,1880.94,INR,NEFT,Pune,branch,DEV0161
TXN000940,2026-08-01 15:24:28,ACC0438,ACC0482,574.36,INR,UPI,Hyderabad,mobile,DEV0555
TXN008507,2026-08-01 15:27:45,ACC0213,ACC0462,564.18,INR,RTGS,Kolkata,mobile,DEV0267
TXN008704,2026-08-01 15:27:57,ACC0099,ACC0041,1289.07,INR,UPI,Pune,branch,DEV0126
TXN006840,2026-08-01 15:28:00,ACC0332,ACC0455,2980.87,INR,IMPS,Bengaluru,mobile,DEV0235
TXN008236,2026-08-01 15:32:15,ACC0310,ACC0005,2897.28,INR,UPI,Delhi,mobile,DEV0741
TXN007026,2026-08-01 15:36:21,ACC0069,ACC0160,648.63,INR,UPI,Kochi,mobile,DEV0477
TXN002947,2026-08-01 15:36:48,ACC0267,ACC0471,244.31,INR,IMPS,Hyderabad,mobile,DEV0062
TXN004345,2026-08-01 15:36:49,ACC0219,ACC0484,2672.03,INR,IMPS,Chennai,mobile,DEV0094
TXN002163,2026-08-01 15:37:08,ACC0209,ACC0471,7542.44,INR,RTGS,Kolkata,mobile,DEV0147
TXN009135,2026-08-01 15:39:48,ACC0230,ACC0452,1275.79,INR,IMPS,Kolkata,mobile,DEV0523
TXN005822,2026-08-01 15:42:02,ACC0405,ACC0090,1037.44,INR,IMPS,Hyderabad,web,DEV0776
TXN002102,2026-08-01 15:43:56,ACC0318,ACC0494,1849.05,INR,NEFT,Mumbai,mobile,DEV0108
TXN001578,2026-08-01 15:45:39,ACC0360,ACC0491,1190.53,INR,IMPS,Mumbai,web,DEV0001
TXN004235,2026-08-01 15:45:41,ACC0342,ACC0488,361.69,INR,UPI,Hyderabad,mobile,DEV0500
TXN003221,2026-08-01 15:50:09,ACC0178,ACC0475,596.82,INR,NEFT,Kolkata,atm,DEV0466
TXN006627,2026-08-01 15:54:11,ACC0102,ACC0067,392.7,INR,UPI,Kochi,web,DEV0897
TXN001715,2026-08-01 15:57:30,ACC0392,ACC0359,1612.31,INR,UPI,Pune,branch,DEV0846
TXN001544,2026-08-01 15:58:52,ACC0331,ACC0482,844.67,INR,UPI,Bengaluru,web,DEV0150
TXN007844,2026-08-01 16:00:44,ACC0364,ACC0464,513.24,INR,IMPS,Hyderabad,web,DEV0239
TXN000902,2026-08-01 16:02:13,ACC0148,ACC0469,598.11,INR,UPI,Kochi,branch,DEV0006
TXN006636,2026-08-01 16:02:31,ACC0333,ACC0499,1593.05,INR,IMPS,Delhi,web,DEV0253
TXN001852,2026-08-01 16:13:03,ACC0184,ACC0457,5169.91,INR,IMPS,Pune,branch,DEV0773
TXN006565,2026-08-01 16:16:38,ACC0158,ACC0497,2632.13,INR,NEFT,Hyderabad,branch,DEV0677
TXN006683,2026-08-01 16:17:32,ACC0067,ACC0494,307.51,INR,NEFT,Bengaluru,branch,DEV0430
TXN006613,2026-08-01 16:21:55,ACC0304,ACC0482,958.39,INR,NEFT,Delhi,web,DEV0663
TXN008893,2026-08-01 16:26:20,ACC0137,ACC0489,1904.17,INR,IMPS,Kochi,atm,DEV0808
TXN001266,2026-08-01 16:27:46,ACC0293,ACC0475,1367.64,INR,RTGS,Hyderabad,branch,DEV0235
TXN009477,2026-08-01 16:36:02,ACC0346,ACC0493,5514.01,INR,IMPS,Kolkata,mobile,DEV0832
TXN000025,2026-08-01 16:39:36,ACC0162,ACC0038,783.16,INR,IMPS,Mumbai,web,DEV0379
TXN004793,2026-08-01 16:40:59,ACC0281,ACC0458,14332.84,INR,RTGS,Bengaluru,web,DEV0061
TXN001027,2026-08-01 16:41:42,ACC0260,ACC0480,726.84,INR,IMPS,Pune,branch,DEV0760
TXN006520,2026-08-01 16:46:14,ACC0440,ACC0488,1948.58,INR,NEFT,Hyderabad,mobile,DEV0883
TXN000561,2026-08-01 16:48:27,ACC0391,ACC0040,5098.39,INR,UPI,Kochi,mobile,DEV0260
TXN000705,2026-08-01 16:51:42,ACC0448,ACC0498,4253.83,INR,RTGS,Pune,atm,DEV0782
TXN009024,2026-08-01 16:57:25,ACC0011,ACC0198,525.25,INR,RTGS,Kolkata,mobile,DEV0115
TXN001835,2026-08-01 16:59:10,ACC0272,ACC0458,2294.93,INR,RTGS,Chennai,atm,DEV0141
TXN009127,2026-08-01 16:59:30,ACC0403,ACC0484,448.41,INR,RTGS,Kochi,atm,DEV0848
TXN003940,2026-08-01 17:00:23,ACC0092,ACC0023,1908.75,INR,UPI,Chennai,mobile,DEV0716
TXN001935,2026-08-01 17:02:33,ACC0242,ACC0459,2523.74,INR,NEFT,Pune,web,DEV0689
TXN003043,2026-08-01 17:09:26,ACC0328,ACC0357,1780.79,INR,UPI,Kochi,web,DEV0177
TXN000057,2026-08-01 17:12:05,ACC0360,ACC0285,718.9,INR,NEFT,Kochi,atm,DEV0459
TXN005782,2026-08-01 17:19:15,ACC0122,ACC0458,1722.68,INR,NEFT,Chennai,web,DEV0722
TXN008891,2026-08-01 17:20:28,ACC0338,ACC0456,6274.94,INR,UPI,Chennai,branch,DEV0361
TXN007256,2026-08-01 17:21:09,ACC0100,ACC0493,1068.07,INR,IMPS,Bengaluru,branch,DEV0216
TXN008864,2026-08-01 17:22:25,ACC0021,ACC0169,2512.28,INR,IMPS,Hyderabad,atm,DEV0191
TXN006640,2026-08-01 17:23:47,ACC0073,ACC0493,2711.13,INR,IMPS,Hyderabad,branch,DEV0462
TXN002173,2026-08-01 17:23:58,ACC0449,ACC0069,1149.75,INR,UPI,Mumbai,web,DEV0150
TXN006468,2026-08-01 17:25:27,ACC0123,ACC0495,2019.83,INR,RTGS,Kolkata,mobile,DEV0120
TXN003297,2026-08-01 17:26:40,ACC0269,ACC0465,980.28,INR,RTGS,Bengaluru,web,DEV0605
TXN003477,2026-08-01 17:26:54,ACC0345,ACC0478,199.94,INR,IMPS,Chennai,branch,DEV0407
TXN008237,2026-08-01 17:27:07,ACC0086,ACC0488,446.06,INR,IMPS,Bengaluru,mobile,DEV0393
TXN000772,2026-08-01 17:28:51,ACC0442,ACC0462,1136.02,INR,NEFT,Delhi,mobile,DEV0576
TXN006425,2026-08-01 17:30:44,ACC0227,ACC0102,651.81,INR,UPI,Bengaluru,atm,DEV0294
TXN001803,2026-08-01 17:33:24,ACC0112,ACC0452,837.48,INR,RTGS,Kochi,web,DEV0608
TXN003624,2026-08-01 17:34:02,ACC0111,ACC0498,444.94,INR,UPI,Mumbai,atm,DEV0896
TXN008143,2026-08-01 17:35:32,ACC0281,ACC0456,8980.45,INR,UPI,Bengaluru,branch,DEV0283
TXN009311,2026-08-01 17:35:47,ACC0326,ACC0487,3666.59,INR,UPI,Pune,atm,DEV0047
TXN002525,2026-08-01 17:38:25,ACC0351,ACC0042,2405.81,INR,UPI,Delhi,branch,DEV0232
TXN009740,2026-08-01 17:40:30,ACC0340,ACC0488,1835.58,INR,IMPS,Chennai,mobile,DEV0259
TXN007321,2026-08-01 17:49:16,ACC0273,ACC0483,2750.43,INR,IMPS,Kochi,atm,DEV0644
TXN006576,2026-08-01 17:59:40,ACC0139,ACC0095,1254.65,INR,UPI,Kochi,atm,DEV0300
TXN001779,2026-08-01 18:00:39,ACC0129,ACC0496,912.07,INR,RTGS,Chennai,web,DEV0559
TXN005901,2026-08-01 18:01:45,ACC0222,ACC0483,2521.5,INR,UPI,Kolkata,mobile,DEV0758
TXN008323,2026-08-01 18:03:48,ACC0042,ACC0078,248.42,INR,NEFT,Mumbai,mobile,DEV0375
TXN004916,2026-08-01 18:04:11,ACC0441,ACC0289,1637.0,INR,UPI,Delhi,atm,DEV0223
TXN006887,2026-08-01 18:04:21,ACC0262,ACC0472,1634.12,INR,IMPS,Chennai,atm,DEV0720
TXN009296,2026-08-01 18:04:32,ACC0112,ACC0443,5160.29,INR,NEFT,Hyderabad,web,DEV0068
TXN001561,2026-08-01 18:09:08,ACC0223,ACC0065,4570.96,INR,UPI,Chennai,mobile,DEV0065
TXN005981,2026-08-01 18:09:13,ACC0209,ACC0480,6617.94,INR,NEFT,Delhi,web,DEV0174
TXN004754,2026-08-01 18:16:06,ACC0140,ACC0355,738.08,INR,RTGS,Mumbai,atm,DEV0564
TXN005133,2026-08-01 18:19:06,ACC0176,ACC0460,696.66,INR,IMPS,Pune,web,DEV0649
TXN002832,2026-08-01 18:27:32,ACC0414,ACC0477,886.35,INR,RTGS,Mumbai,mobile,DEV0775
TXN000160,2026-08-01 18:30:16,ACC0372,ACC0323,5618.72,INR,UPI,Kochi,web,DEV0537
TXN000487,2026-08-01 18:31:54,ACC0116,ACC0489,7433.2,INR,IMPS,Pune,branch,DEV0035
TXN002437,2026-08-01 18:32:16,ACC0013,ACC0297,6570.64,INR,IMPS,Pune,mobile,DEV0864
TXN003786,2026-08-01 18:33:10,ACC0048,ACC0490,1014.37,INR,UPI,Hyderabad,atm,DEV0681
TXN003969,2026-08-01 18:33:21,ACC0425,ACC0490,2317.44,INR,IMPS,Bengaluru,atm,DEV0588
TXN003920,2026-08-01 18:34:03,ACC0028,ACC0463,1204.51,INR,NEFT,Hyderabad,web,DEV0281
TXN004196,2026-08-01 18:34:35,ACC0410,ACC0499,2901.38,INR,NEFT,Bengaluru,atm,DEV0741
TXN005127,2026-08-01 18:36:45,ACC0345,ACC0136,1286.88,INR,IMPS,Kochi,atm,DEV0304
TXN009980,2026-08-01 18:37:25,ACC0178,ACC0107,1152.15,INR,RTGS,Kolkata,web,DEV0720
TXN004994,2026-08-01 18:37:31,ACC0077,ACC0479,391.95,INR,UPI,Kolkata,branch,DEV0710
TXN000658,2026-08-01 18:40:50,ACC0046,ACC0363,3434.23,INR,UPI,Mumbai,web,DEV0634
TXN006228,2026-08-01 18:45:31,ACC0310,ACC0451,202.17,INR,UPI,Chennai,web,DEV0583
TXN009185,2026-08-01 18:46:49,ACC0283,ACC0448,5486.96,INR,RTGS,Kolkata,mobile,DEV0557
TXN006249,2026-08-01 18:47:04,ACC0371,ACC0470,2875.45,INR,NEFT,Kochi,mobile,DEV0024
TXN008117,2026-08-01 18:51:28,ACC0266,ACC0498,3572.03,INR,IMPS,Mumbai,web,DEV0132
TXN009432,2026-08-01 18:54:09,ACC0287,ACC0080,421.73,INR,IMPS,Kochi,atm,DEV0627
TXN009409,2026-08-01 18:54:48,ACC0198,ACC0476,3849.02,INR,IMPS,Delhi,mobile,DEV0198
TXN003576,2026-08-01 18:57:21,ACC0363,ACC0171,2484.27,INR,RTGS,Delhi,web,DEV0487
TXN001176,2026-08-01 18:57:37,ACC0309,ACC0254,1357.21,INR,IMPS,Bengaluru,branch,DEV0533
TXN008747,2026-08-01 18:57:53,ACC0090,ACC0462,920.94,INR,IMPS,Pune,web,DEV0897
TXN009268,2026-08-01 18:59:07,ACC0441,ACC0046,1041.77,INR,RTGS,Kochi,branch,DEV0642
TXN004521,2026-08-01 19:00:24,ACC0129,ACC0466,2536.48,INR,UPI,Chennai,mobile,DEV0859
TXN001795,2026-08-01 19:08:17,ACC0419,ACC0486,917.71,INR,UPI,Pune,mobile,DEV0135
TXN000692,2026-08-01 19:08:24,ACC0432,ACC0457,20776.23,INR,IMPS,Bengaluru,branch,DEV0468
TXN000033,2026-08-01 19:12:25,ACC0408,ACC0115,150.03,INR,IMPS,Kolkata,atm,DEV0696
TXN005039,2026-08-01 19:13:28,ACC0103,ACC0484,1245.77,INR,UPI,Kochi,branch,DEV0413
TXN001348,2026-08-01 19:17:12,ACC0050,ACC0293,785.21,INR,UPI,Delhi,web,DEV0848
TXN001766,2026-08-01 19:21:34,ACC0409,ACC0496,113.79,INR,RTGS,Mumbai,branch,DEV0649
TXN001776,2026-08-01 19:27:51,ACC0233,ACC0463,2051.66,INR,UPI,Mumbai,atm,DEV0860
TXN005123,2026-08-01 19:30:38,ACC0407,ACC0459,4819.26,INR,RTGS,Mumbai,web,DEV0383
TXN008065,2026-08-01 19:31:39,ACC0440,ACC0485,585.8,INR,UPI,Chennai,atm,DEV0359
TXN003383,2026-08-01 19:32:00,ACC0358,ACC0412,9060.84,INR,RTGS,Delhi,branch,DEV0161
TXN007151,2026-08-01 19:34:07,ACC0423,ACC0476,7157.68,INR,IMPS,Kochi,mobile,DEV0120
TXN001982,2026-08-01 19:35:07,ACC0264,ACC0486,4528.2,INR,IMPS,Kolkata,web,DEV0291
TXN008295,2026-08-01 19:40:37,ACC0241,ACC0346,1045.85,INR,UPI,Mumbai,web,DEV0761
TXN008282,2026-08-01 19:41:07,ACC0280,ACC0471,2972.7,INR,UPI,Bengaluru,mobile,DEV0770
TXN007163,2026-08-01 19:42:34,ACC0350,ACC0388,4164.04,INR,RTGS,Chennai,atm,DEV0550
TXN005727,2026-08-01 19:45:14,ACC0330,ACC0474,602.09,INR,IMPS,Hyderabad,web,DEV0507
TXN009122,2026-08-01 19:46:57,ACC0111,ACC0307,3277.55,INR,RTGS,Kolkata,mobile,DEV0310
TXN003634,2026-08-01 19:49:03,ACC0135,ACC0463,654.46,INR,UPI,Mumbai,branch,DEV0503
TXN009193,2026-08-01 19:49:49,ACC0170,ACC0086,2772.18,INR,NEFT,Hyderabad,mobile,DEV0122
TXN000069,2026-08-01 19:52:17,ACC0429,ACC0301,3003.06,INR,NEFT,Kochi,atm,DEV0285
TXN007701,2026-08-01 19:55:48,ACC0376,ACC0265,1003.27,INR,IMPS,Delhi,branch,DEV0650
TXN001318,2026-08-01 19:59:23,ACC0097,ACC0473,2644.31,INR,UPI,Kolkata,atm,DEV0088
TXN005346,2026-08-01 19:59:33,ACC0052,ACC0482,1215.7,INR,IMPS,Kochi,branch,DEV0711
TXN003775,2026-08-01 20:00:01,ACC0052,ACC0483,3621.35,INR,RTGS,Delhi,atm,DEV0500
TXN005205,2026-08-01 20:04:30,ACC0253,ACC0214,6451.76,INR,UPI,Hyderabad,atm,DEV0233
TXN008530,2026-08-01 20:06:30,ACC0187,ACC0487,567.03,INR,NEFT,Bengaluru,atm,DEV0597
TXN002967,2026-08-01 20:08:09,ACC0279,ACC0496,6078.88,INR,RTGS,Kochi,mobile,DEV0645
TXN002060,2026-08-01 20:08:37,ACC0250,ACC0148,1799.99,INR,NEFT,Bengaluru,mobile,DEV0832
TXN001361,2026-08-01 20:09:22,ACC0404,ACC0489,557.05,INR,IMPS,Hyderabad,branch,DEV0164
TXN006426,2026-08-01 20:10:42,ACC0269,ACC0021,5627.0,INR,RTGS,Kochi,atm,DEV0375
TXN006234,2026-08-01 20:11:20,ACC0232,ACC0454,842.39,INR,UPI,Pune,mobile,DEV0446
TXN002156,2026-08-01 20:15:29,ACC0160,ACC0453,235.57,INR,NEFT,Bengaluru,mobile,DEV0213
TXN009408,2026-08-01 20:16:20,ACC0051,ACC0480,1821.13,INR,NEFT,Hyderabad,branch,DEV0879
TXN008221,2026-08-01 20:16:31,ACC0426,ACC0452,1271.83,INR,IMPS,Kolkata,web,DEV0444
TXN003065,2026-08-01 20:20:16,ACC0251,ACC0427,1429.21,INR,NEFT,Hyderabad,atm,DEV0315
TXN006500,2026-08-01 20:21:23,ACC0433,ACC0470,2713.01,INR,IMPS,Chennai,mobile,DEV0754
TXN008240,2026-08-01 20:24:31,ACC0151,ACC0102,674.79,INR,UPI,Kochi,branch,DEV0846
TXN004023,2026-08-01 20:26:18,ACC0146,ACC0464,524.13,INR,NEFT,Mumbai,mobile,DEV0470
TXN007650,2026-08-01 20:31:18,ACC0097,ACC0446,2326.32,INR,UPI,Chennai,atm,DEV0354
TXN006913,2026-08-01 20:33:38,ACC0195,ACC0181,268.9,INR,RTGS,Pune,mobile,DEV0831
TXN005605,2026-08-01 20:43:05,ACC0010,ACC0456,12862.36,INR,NEFT,Mumbai,web,DEV0195
TXN007979,2026-08-01 20:47:04,ACC0267,ACC0118,2583.42,INR,IMPS,Delhi,web,DEV0409
TXN005228,2026-08-01 20:47:43,ACC0187,ACC0485,2156.08,INR,RTGS,Kolkata,mobile,DEV0852
TXN001591,2026-08-01 20:50:02,ACC0170,ACC0036,2385.44,INR,RTGS,Chennai,branch,DEV0251
TXN001718,2026-08-01 20:52:46,ACC0255,ACC0494,554.43,INR,IMPS,Pune,atm,DEV0783
TXN009909,2026-08-01 20:52:58,ACC0030,ACC0040,748.23,INR,IMPS,Mumbai,web,DEV0625
TXN000881,2026-08-01 20:55:03,ACC0416,ACC0485,198.6,INR,UPI,Chennai,branch,DEV0077
TXN005933,2026-08-01 20:55:49,ACC0030,ACC0357,2348.08,INR,NEFT,Pune,atm,DEV0043
TXN006883,2026-08-01 20:58:09,ACC0176,ACC0459,1355.64,INR,RTGS,Kochi,mobile,DEV0035
TXN003673,2026-08-02 09:06:30,ACC0160,ACC0128,3528.27,INR,RTGS,Hyderabad,web,DEV0824
TXN006394,2026-08-02 09:08:11,ACC0164,ACC0485,1411.53,INR,IMPS,Bengaluru,mobile,DEV0726
TXN002508,2026-08-02 09:10:08,ACC0399,ACC0476,951.04,INR,IMPS,Chennai,branch,DEV0392
TXN004522,2026-08-02 09:11:31,ACC0263,ACC0464,2487.09,INR,NEFT,Kochi,web,DEV0171
TXN001785,2026-08-02 09:12:19,ACC0056,ACC0490,1107.79,INR,RTGS,Bengaluru,mobile,DEV0487
TXN002564,2026-08-02 09:13:26,ACC0450,ACC0495,303.63,INR,NEFT,Bengaluru,branch,DEV0040
TXN003012,2026-08-02 09:15:17,ACC0305,ACC0481,217.16,INR,IMPS,Bengaluru,web,DEV0363
TXN007184,2026-08-02 09:15:55,ACC0159,ACC0469,2238.35,INR,UPI,Pune,mobile,DEV0198
TXN005432,2026-08-02 09:15:56,ACC0081,ACC0477,950.68,INR,NEFT,Kochi,mobile,DEV0861
TXN009753,2026-08-02 09:16:29,ACC0272,ACC0260,190.84,INR,IMPS,Kochi,mobile,DEV0180
TXN005731,2026-08-02 09:19:10,ACC0426,ACC0482,2613.75,INR,IMPS,Kolkata,branch,DEV0481
TXN002081,2026-08-02 09:20:14,ACC0070,ACC0143,8837.4,INR,NEFT,Delhi,mobile,DEV0382
TXN009396,2026-08-02 09:22:58,ACC0294,ACC0475,408.76,INR,RTGS,Bengaluru,mobile,DEV0186
TXN004322,2026-08-02 09:23:17,ACC0029,ACC0274,495.36,INR,UPI,Mumbai,web,DEV0228
TXN000681,2026-08-02 09:24:20,ACC0229,ACC0456,2363.28,INR,UPI,Chennai,mobile,DEV0302
TXN008394,2026-08-02 09:24:27,ACC0269,ACC0248,646.38,INR,RTGS,Delhi,branch,DEV0140
TXN004778,2026-08-02 09:29:05,ACC0344,ACC0255,2010.8,INR,UPI,Bengaluru,branch,DEV0194
TXN009866,2026-08-02 09:29:36,ACC0268,ACC0046,566.27,INR,IMPS,Pune,atm,DEV0455
TXN000061,2026-08-02 09:35:18,ACC0363,ACC0468,2505.86,INR,RTGS,Mumbai,mobile,DEV0588
TXN001531,2026-08-02 09:43:27,ACC0409,ACC0138,430.69,INR,IMPS,Kochi,branch,DEV0758
TXN005325,2026-08-02 09:48:53,ACC0284,ACC0490,4629.62,INR,RTGS,Chennai,atm,DEV0408
TXN005224,2026-08-02 09:49:24,ACC0442,ACC0498,5611.23,INR,RTGS,Kochi,branch,DEV0658
TXN002928,2026-08-02 09:55:12,ACC0285,ACC0480,1322.48,INR,UPI,Kolkata,atm,DEV0477
TXN004696,2026-08-02 09:56:22,ACC0022,ACC0454,5762.99,INR,UPI,Pune,web,DEV0660
TXN003147,2026-08-02 10:06:48,ACC0337,ACC0487,5256.61,INR,IMPS,Pune,atm,DEV0815
TXN006037,2026-08-02 10:12:25,ACC0152,ACC0471,1561.33,INR,UPI,Bengaluru,web,DEV0740
TXN008519,2026-08-02 10:13:46,ACC0433,ACC0495,1124.16,INR,NEFT,Chennai,atm,DEV0838
TXN009291,2026-08-02 10:19:57,ACC0431,ACC0081,2055.09,INR,IMPS,Hyderabad,branch,DEV0847
TXN000534,2026-08-02 10:23:22,ACC0258,ACC0468,1366.31,INR,UPI,Kochi,branch,DEV0463
TXN005770,2026-08-02 10:23:48,ACC0383,ACC0049,4346.99,INR,IMPS,Kochi,mobile,DEV0289
TXN003454,2026-08-02 10:24:16,ACC0093,ACC0474,1266.19,INR,RTGS,Bengaluru,mobile,DEV0159
TXN000572,2026-08-02 10:31:43,ACC0069,ACC0498,2193.45,INR,IMPS,Mumbai,mobile,DEV0677
TXN004349,2026-08-02 10:32:13,ACC0001,ACC0480,251.11,INR,RTGS,Pune,mobile,DEV0558
TXN005825,2026-08-02 10:34:35,ACC0450,ACC0461,6944.33,INR,NEFT,Delhi,web,DEV0834
TXN007393,2026-08-02 10:35:04,ACC0181,ACC0294,3446.0,INR,NEFT,Mumbai,mobile,DEV0358
TXN006177,2026-08-02 10:35:46,ACC0159,ACC0080,3789.95,INR,NEFT,Kolkata,atm,DEV0803
TXN001468,2026-08-02 10:39:46,ACC0207,ACC0462,517.3,INR,RTGS,Bengaluru,web,DEV0638
TXN007847,2026-08-02 10:42:05,ACC0226,ACC0498,2997.26,INR,NEFT,Chennai,mobile,DEV0433
TXN002184,2026-08-02 10:43:21,ACC0359,ACC0486,1810.93,INR,RTGS,Pune,atm,DEV0620
TXN003553,2026-08-02 10:46:25,ACC0144,ACC0462,6437.37,INR,NEFT,Chennai,mobile,DEV0074
TXN009906,2026-08-02 10:47:23,ACC0038,ACC0400,1045.54,INR,RTGS,Pune,atm,DEV0308
TXN009565,2026-08-02 10:57:22,ACC0257,ACC0496,69.83,INR,UPI,Kolkata,branch,DEV0782
TXN000179,2026-08-02 10:59:30,ACC0177,ACC0278,366.92,INR,NEFT,Pune,branch,DEV0392
TXN009874,2026-08-02 11:00:36,ACC0231,ACC0466,2768.71,INR,IMPS,Hyderabad,atm,DEV0397
TXN003596,2026-08-02 11:01:18,ACC0113,ACC0483,6527.06,INR,UPI,Mumbai,web,DEV0610
TXN009633,2026-08-02 11:02:44,ACC0116,ACC0475,4016.23,INR,NEFT,Hyderabad,branch,DEV0477
TXN000140,2026-08-02 11:04:15,ACC0435,ACC0479,3749.66,INR,RTGS,Chennai,web,DEV0696
TXN007095,2026-08-02 11:07:19,ACC0354,ACC0174,477.66,INR,UPI,Delhi,web,DEV0713
TXN001150,2026-08-02 11:09:38,ACC0117,ACC0476,385.65,INR,RTGS,Hyderabad,web,DEV0900
TXN003848,2026-08-02 11:10:41,ACC0124,ACC0314,5244.74,INR,UPI,Hyderabad,branch,DEV0221
TXN001675,2026-08-02 11:10:52,ACC0407,ACC0188,12118.25,INR,RTGS,Pune,branch,DEV0186
TXN007030,2026-08-02 11:11:24,ACC0137,ACC0469,2301.08,INR,NEFT,Chennai,branch,DEV0522
TXN007363,2026-08-02 11:11:36,ACC0253,ACC0491,688.9,INR,IMPS,Mumbai,mobile,DEV0083
TXN000416,2026-08-02 11:11:55,ACC0050,ACC0455,2533.9,INR,RTGS,Hyderabad,mobile,DEV0376
TXN009045,2026-08-02 11:12:48,ACC0015,ACC0290,8852.93,INR,IMPS,Chennai,branch,DEV0707
TXN007278,2026-08-02 11:14:53,ACC0199,ACC0374,6332.11,INR,RTGS,Chennai,mobile,DEV0057
TXN007462,2026-08-02 11:19:15,ACC0024,ACC0403,631.13,INR,IMPS,Mumbai,mobile,DEV0256
TXN009337,2026-08-02 11:20:15,ACC0030,ACC0482,1636.1,INR,IMPS,Delhi,atm,DEV0436
TXN006577,2026-08-02 11:22:48,ACC0428,ACC0475,1301.02,INR,UPI,Mumbai,atm,DEV0603
TXN005829,2026-08-02 11:27:43,ACC0120,ACC0452,1454.01,INR,IMPS,Hyderabad,web,DEV0696
TXN008049,2026-08-02 11:27:58,ACC0266,ACC0481,16935.21,INR,NEFT,Chennai,mobile,DEV0887
TXN004548,2026-08-02 11:32:49,ACC0104,ACC0481,7352.75,INR,RTGS,Pune,atm,DEV0829
TXN009297,2026-08-02 11:34:33,ACC0038,ACC0253,925.82,INR,IMPS,Pune,web,DEV0231
TXN001601,2026-08-02 11:35:13,ACC0387,ACC0451,2613.73,INR,NEFT,Delhi,web,DEV0061
TXN004871,2026-08-02 11:35:19,ACC0359,ACC0257,422.11,INR,RTGS,Delhi,atm,DEV0566
TXN009098,2026-08-02 11:35:57,ACC0389,ACC0477,1171.17,INR,NEFT,Mumbai,atm,DEV0467
TXN002467,2026-08-02 11:39:58,ACC0266,ACC0332,2886.81,INR,NEFT,Hyderabad,mobile,DEV0657
TXN007360,2026-08-02 11:47:02,ACC0421,ACC0468,1244.64,INR,RTGS,Mumbai,mobile,DEV0060
TXN007375,2026-08-02 11:48:27,ACC0125,ACC0472,1564.36,INR,IMPS,Kolkata,branch,DEV0493
TXN000456,2026-08-02 11:54:02,ACC0076,ACC0473,11446.7,INR,IMPS,Kolkata,mobile,DEV0051
TXN003532,2026-08-02 11:55:16,ACC0191,ACC0347,1071.1,INR,IMPS,Mumbai,web,DEV0217
TXN001980,2026-08-02 11:55:29,ACC0320,ACC0221,350.77,INR,RTGS,Hyderabad,branch,DEV0264
TXN006849,2026-08-02 11:55:38,ACC0034,ACC0458,1295.0,INR,IMPS,Bengaluru,atm,DEV0079
TXN003364,2026-08-02 11:57:50,ACC0288,ACC0399,395.39,INR,UPI,Kochi,atm,DEV0083
TXN008320,2026-08-02 11:59:44,ACC0179,ACC0090,1787.04,INR,IMPS,Pune,web,DEV0649
TXN002670,2026-08-02 12:02:50,ACC0364,ACC0460,3196.39,INR,RTGS,Hyderabad,atm,DEV0208
TXN007863,2026-08-02 12:03:47,ACC0313,ACC0458,2466.58,INR,RTGS,Chennai,web,DEV0259
TXN008135,2026-08-02 12:06:27,ACC0069,ACC0478,949.34,INR,RTGS,Kolkata,branch,DEV0079
TXN009736,2026-08-02 12:06:56,ACC0115,ACC0458,2112.73,INR,RTGS,Kochi,web,DEV0323
TXN004811,2026-08-02 12:08:10,ACC0333,ACC0496,2565.01,INR,UPI,Kochi,mobile,DEV0098
TXN005929,2026-08-02 12:08:30,ACC0041,ACC0468,2568.73,INR,IMPS,Pune,branch,DEV0188
TXN001279,2026-08-02 12:09:57,ACC0105,ACC0477,2195.17,INR,IMPS,Chennai,branch,DEV0477
TXN005537,2026-08-02 12:10:41,ACC0077,ACC0492,5755.96,INR,UPI,Chennai,atm,DEV0551
TXN000332,2026-08-02 12:17:48,ACC0196,ACC0493,2453.92,INR,UPI,Hyderabad,web,DEV0772
TXN002900,2026-08-02 12:20:05,ACC0052,ACC0071,2150.92,INR,IMPS,Chennai,branch,DEV0419
TXN002109,2026-08-02 12:20:12,ACC0284,ACC0460,115.65,INR,UPI,Kochi,mobile,DEV0211
TXN008370,2026-08-02 12:21:40,ACC0243,ACC0448,1049.23,INR,NEFT,Kochi,atm,DEV0645
TXN004438,2026-08-02 12:25:45,ACC0054,ACC0231,12461.9,INR,NEFT,Mumbai,web,DEV0307
TXN005642,2026-08-02 12:28:03,ACC0327,ACC0482,1448.55,INR,UPI,Kolkata,branch,DEV0496
TXN005456,2026-08-02 12:28:30,ACC0346,ACC0370,1479.12,INR,UPI,Delhi,branch,DEV0707
TXN000072,2026-08-02 12:33:23,ACC0446,ACC0477,2595.28,INR,RTGS,Chennai,web,DEV0274
TXN003473,2026-08-02 12:35:43,ACC0008,ACC0470,1770.79,INR,UPI,Kolkata,mobile,DEV0525
TXN009798,2026-08-02 12:39:33,ACC0177,ACC0392,849.79,INR,RTGS,Delhi,mobile,DEV0062
TXN005429,2026-08-02 12:41:01,ACC0255,ACC0482,669.3,INR,RTGS,Chennai,web,DEV0396
TXN006043,2026-08-02 12:41:04,ACC0143,ACC0473,1710.33,INR,NEFT,Pune,atm,DEV0319
TXN005485,2026-08-02 12:41:10,ACC0009,ACC0475,2499.6,INR,IMPS,Kochi,web,DEV0480
TXN008970,2026-08-02 12:44:43,ACC0103,ACC0487,31547.56,INR,IMPS,Mumbai,mobile,DEV0023
TXN002140,2026-08-02 12:48:13,ACC0143,ACC0479,885.39,INR,IMPS,Hyderabad,branch,DEV0186
TXN003774,2026-08-02 12:50:24,ACC0173,ACC0487,6300.43,INR,IMPS,Bengaluru,web,DEV0620
TXN001963,2026-08-02 13:00:37,ACC0252,ACC0002,99.2,INR,UPI,Hyderabad,branch,DEV0320
TXN008463,2026-08-02 13:02:28,ACC0376,ACC0467,1971.65,INR,UPI,Pune,web,DEV0253
TXN007905,2026-08-02 13:03:18,ACC0098,ACC0496,1604.52,INR,UPI,Pune,mobile,DEV0158
TXN002138,2026-08-02 13:05:29,ACC0155,ACC0500,2895.7,INR,IMPS,Kolkata,web,DEV0895
TXN007636,2026-08-02 13:06:46,ACC0303,ACC0383,8624.16,INR,NEFT,Bengaluru,atm,DEV0163
TXN003328,2026-08-02 13:07:12,ACC0081,ACC0454,5874.9,INR,RTGS,Kochi,atm,DEV0361
TXN000524,2026-08-02 13:08:07,ACC0066,ACC0487,5572.8,INR,NEFT,Kolkata,web,DEV0303
TXN000903,2026-08-02 13:08:22,ACC0221,ACC0451,1791.29,INR,NEFT,Mumbai,branch,DEV0147
TXN006918,2026-08-02 13:08:53,ACC0106,ACC0476,1325.77,INR,RTGS,Kolkata,atm,DEV0708
TXN002899,2026-08-02 13:09:05,ACC0410,ACC0453,10421.15,INR,RTGS,Hyderabad,atm,DEV0733
TXN003614,2026-08-02 13:09:16,ACC0317,ACC0228,2328.53,INR,NEFT,Chennai,atm,DEV0392
TXN008225,2026-08-02 13:10:49,ACC0371,ACC0257,3564.12,INR,NEFT,Bengaluru,branch,DEV0540
TXN004182,2026-08-02 13:12:31,ACC0151,ACC0498,1527.72,INR,RTGS,Kochi,mobile,DEV0339
TXN002619,2026-08-02 13:14:14,ACC0029,ACC0469,1194.44,INR,IMPS,Kochi,atm,DEV0464
TXN008586,2026-08-02 13:15:33,ACC0086,ACC0461,2292.5,INR,IMPS,Mumbai,web,DEV0068
TXN006419,2026-08-02 13:15:53,ACC0285,ACC0490,10945.45,INR,UPI,Hyderabad,web,DEV0072
TXN000555,2026-08-02 13:18:33,ACC0326,ACC0183,2173.35,INR,NEFT,Delhi,mobile,DEV0614
TXN002654,2026-08-02 13:21:13,ACC0330,ACC0019,1022.31,INR,RTGS,Bengaluru,mobile,DEV0129
TXN008201,2026-08-02 13:24:19,ACC0344,ACC0459,853.56,INR,RTGS,Hyderabad,mobile,DEV0218
TXN001816,2026-08-02 13:27:26,ACC0238,ACC0465,2086.43,INR,RTGS,Mumbai,mobile,DEV0092
TXN006879,2026-08-02 13:28:23,ACC0019,ACC0490,250.71,INR,RTGS,Mumbai,atm,DEV0112
TXN004966,2026-08-02 13:29:30,ACC0449,ACC0459,447.29,INR,NEFT,Chennai,atm,DEV0401
TXN004881,2026-08-02 13:33:58,ACC0080,ACC0496,3146.07,INR,RTGS,Hyderabad,branch,DEV0170
TXN002817,2026-08-02 13:34:22,ACC0206,ACC0476,323.59,INR,IMPS,Bengaluru,branch,DEV0534
TXN001699,2026-08-02 13:36:34,ACC0336,ACC0453,3849.44,INR,NEFT,Mumbai,mobile,DEV0182
TXN005062,2026-08-02 13:38:58,ACC0426,ACC0452,1392.07,INR,IMPS,Hyderabad,atm,DEV0578
TXN007988,2026-08-02 13:40:15,ACC0182,ACC0474,1058.54,INR,NEFT,Chennai,branch,DEV0506
TXN002545,2026-08-02 13:42:16,ACC0346,ACC0038,1824.29,INR,RTGS,Bengaluru,atm,DEV0877
TXN009729,2026-08-02 13:46:37,ACC0349,ACC0498,1090.93,INR,RTGS,Mumbai,mobile,DEV0234
TXN006017,2026-08-02 13:53:08,ACC0143,ACC0246,1907.62,INR,IMPS,Mumbai,web,DEV0636
TXN005040,2026-08-02 13:53:26,ACC0401,ACC0460,1038.58,INR,IMPS,Pune,atm,DEV0227
TXN007130,2026-08-02 13:54:15,ACC0299,ACC0475,283.27,INR,UPI,Mumbai,web,DEV0124
TXN006890,2026-08-02 13:54:52,ACC0365,ACC0397,671.89,INR,RTGS,Kochi,web,DEV0459
TXN004046,2026-08-02 14:00:44,ACC0109,ACC0476,311.91,INR,UPI,Kochi,atm,DEV0095
TXN006616,2026-08-02 14:07:44,ACC0295,ACC0455,786.67,INR,NEFT,Bengaluru,web,DEV0643
TXN001302,2026-08-02 14:10:25,ACC0108,ACC0336,920.66,INR,RTGS,Kochi,atm,DEV0803
TXN001970,2026-08-02 14:10:51,ACC0142,ACC0486,1295.31,INR,UPI,Mumbai,atm,DEV0034
TXN002279,2026-08-02 14:10:59,ACC0315,ACC0489,611.73,INR,RTGS,Kolkata,atm,DEV0365
TXN000095,2026-08-02 14:15:08,ACC0328,ACC0452,3233.67,INR,NEFT,Bengaluru,web,DEV0337
TXN008228,2026-08-02 14:16:06,ACC0261,ACC0467,703.21,INR,IMPS,Kolkata,mobile,DEV0731
TXN004703,2026-08-02 14:18:50,ACC0217,ACC0476,4328.12,INR,UPI,Delhi,atm,DEV0592
TXN007755,2026-08-02 14:19:00,ACC0018,ACC0483,257.4,INR,RTGS,Chennai,mobile,DEV0083
TXN001645,2026-08-02 14:20:16,ACC0375,ACC0481,3120.28,INR,UPI,Kolkata,mobile,DEV0439
TXN002883,2026-08-02 14:23:50,ACC0348,ACC0456,3031.29,INR,UPI,Mumbai,mobile,DEV0379
TXN000677,2026-08-02 14:27:54,ACC0219,ACC0492,3094.58,INR,IMPS,Chennai,web,DEV0049
TXN005388,2026-08-02 14:29:34,ACC0235,ACC0453,797.68,INR,UPI,Chennai,atm,DEV0367
TXN008470,2026-08-02 14:29:52,ACC0299,ACC0442,205.93,INR,NEFT,Delhi,mobile,DEV0664
TXN001987,2026-08-02 14:33:28,ACC0415,ACC0478,2032.64,INR,NEFT,Hyderabad,branch,DEV0077
TXN003177,2026-08-02 14:37:13,ACC0160,ACC0052,3411.57,INR,UPI,Kolkata,mobile,DEV0791
TXN002489,2026-08-02 14:38:35,ACC0161,ACC0460,2990.72,INR,IMPS,Pune,atm,DEV0472
TXN001385,2026-08-02 14:40:01,ACC0267,ACC0498,3611.59,INR,RTGS,Pune,atm,DEV0446
TXN006437,2026-08-02 14:44:29,ACC0397,ACC0207,2415.84,INR,IMPS,Kochi,branch,DEV0543
TXN000986,2026-08-02 14:44:36,ACC0380,ACC0460,6968.0,INR,IMPS,Bengaluru,atm,DEV0559
TXN007865,2026-08-02 14:48:40,ACC0140,ACC0399,812.81,INR,RTGS,Hyderabad,branch,DEV0324
TXN009006,2026-08-02 14:48:55,ACC0108,ACC0458,7364.26,INR,IMPS,Hyderabad,mobile,DEV0389
TXN003572,2026-08-02 14:51:28,ACC0423,ACC0140,5580.39,INR,UPI,Delhi,branch,DEV0768
TXN002682,2026-08-02 14:52:55,ACC0407,ACC0149,845.79,INR,NEFT,Hyderabad,branch,DEV0607
TXN001916,2026-08-02 14:57:02,ACC0187,ACC0478,826.49,INR,IMPS,Pune,web,DEV0217
TXN001599,2026-08-02 14:58:15,ACC0285,ACC0496,1378.75,INR,NEFT,Mumbai,atm,DEV0624
TXN006401,2026-08-02 15:00:39,ACC0170,ACC0462,3782.3,INR,RTGS,Chennai,mobile,DEV0723
TXN002955,2026-08-02 15:03:50,ACC0351,ACC0493,42970.74,INR,UPI,Kochi,branch,DEV0111
TXN000510,2026-08-02 15:07:13,ACC0174,ACC0497,9339.27,INR,RTGS,Delhi,web,DEV0074
TXN005099,2026-08-02 15:09:56,ACC0445,ACC0499,528.24,INR,RTGS,Mumbai,web,DEV0222
TXN004310,2026-08-02 15:15:10,ACC0245,ACC0494,2936.3,INR,RTGS,Kochi,web,DEV0232
TXN006331,2026-08-02 15:20:19,ACC0166,ACC0487,3717.36,INR,NEFT,Delhi,branch,DEV0058
TXN003829,2026-08-02 15:23:49,ACC0286,ACC0488,1553.16,INR,RTGS,Hyderabad,web,DEV0426
TXN001726,2026-08-02 15:25:18,ACC0205,ACC0480,4516.15,INR,UPI,Delhi,branch,DEV0548
TXN003900,2026-08-02 15:29:41,ACC0195,ACC0476,2611.41,INR,NEFT,Mumbai,branch,DEV0126
TXN008409,2026-08-02 15:29:52,ACC0413,ACC0475,3398.88,INR,NEFT,Hyderabad,branch,DEV0619
TXN004845,2026-08-02 15:30:40,ACC0220,ACC0480,922.16,INR,IMPS,Chennai,web,DEV0645
TXN001586,2026-08-02 15:31:36,ACC0186,ACC0453,1802.2,INR,RTGS,Kochi,atm,DEV0270
TXN005410,2026-08-02 15:34:33,ACC0119,ACC0397,379.13,INR,NEFT,Bengaluru,atm,DEV0028
TXN006746,2026-08-02 15:36:40,ACC0344,ACC0498,4442.86,INR,UPI,Kolkata,web,DEV0772
TXN008245,2026-08-02 15:36:43,ACC0253,ACC0463,416.02,INR,IMPS,Hyderabad,web,DEV0530
TXN000601,2026-08-02 15:39:27,ACC0135,ACC0087,2044.04,INR,IMPS,Delhi,mobile,DEV0015
TXN005140,2026-08-02 15:45:34,ACC0218,ACC0490,6728.42,INR,IMPS,Chennai,web,DEV0614
TXN000445,2026-08-02 15:48:00,ACC0071,ACC0465,332.61,INR,NEFT,Bengaluru,mobile,DEV0182
TXN005375,2026-08-02 15:58:03,ACC0442,ACC0482,905.84,INR,UPI,Bengaluru,atm,DEV0289
TXN009418,2026-08-02 15:59:11,ACC0263,ACC0489,720.37,INR,RTGS,Bengaluru,branch,DEV0793
TXN002167,2026-08-02 16:01:13,ACC0267,ACC0492,441.95,INR,NEFT,Mumbai,branch,DEV0464
TXN000118,2026-08-02 16:06:51,ACC0310,ACC0460,5152.12,INR,UPI,Delhi,mobile,DEV0254
TXN007871,2026-08-02 16:10:46,ACC0037,ACC0239,6922.17,INR,RTGS,Pune,atm,DEV0161
TXN004029,2026-08-02 16:12:31,ACC0111,ACC0495,4107.81,INR,UPI,Kochi,web,DEV0330
TXN001581,2026-08-02 16:18:02,ACC0325,ACC0174,8905.67,INR,RTGS,Bengaluru,web,DEV0475
TXN007976,2026-08-02 16:24:49,ACC0220,ACC0476,3992.4,INR,IMPS,Delhi,mobile,DEV0709
TXN009643,2026-08-02 16:26:26,ACC0288,ACC0133,4999.54,INR,UPI,Kochi,web,DEV0449
TXN008595,2026-08-02 16:28:26,ACC0416,ACC0490,898.22,INR,UPI,Kochi,web,DEV0512
TXN006533,2026-08-02 16:28:34,ACC0368,ACC0448,1738.51,INR,IMPS,Mumbai,web,DEV0527
TXN009719,2026-08-02 16:30:00,ACC0436,ACC0057,451.76,INR,UPI,Mumbai,web,DEV0232
TXN000876,2026-08-02 16:31:02,ACC0417,ACC0463,8091.04,INR,UPI,Kochi,web,DEV0616
TXN002853,2026-08-02 16:33:13,ACC0219,ACC0482,7667.54,INR,IMPS,Kochi,branch,DEV0525
TXN002435,2026-08-02 16:36:30,ACC0426,ACC0457,295.59,INR,IMPS,Hyderabad,branch,DEV0429
TXN002589,2026-08-02 16:41:42,ACC0431,ACC0108,363.6,INR,UPI,Bengaluru,branch,DEV0674
TXN005514,2026-08-02 16:44:50,ACC0087,ACC0456,1862.47,INR,IMPS,Kochi,atm,DEV0527
TXN003183,2026-08-02 16:46:57,ACC0374,ACC0170,1002.12,INR,IMPS,Kolkata,atm,DEV0229
TXN003146,2026-08-02 16:47:42,ACC0403,ACC0425,2173.34,INR,IMPS,Mumbai,web,DEV0556
TXN008934,2026-08-02 16:48:31,ACC0433,ACC0465,2559.45,INR,NEFT,Mumbai,web,DEV0450
TXN002729,2026-08-02 16:48:49,ACC0314,ACC0389,401.44,INR,IMPS,Mumbai,atm,DEV0528
TXN001233,2026-08-02 16:48:57,ACC0252,ACC0195,576.76,INR,UPI,Mumbai,web,DEV0742
TXN008950,2026-08-02 16:49:29,ACC0070,ACC0500,6077.63,INR,UPI,Mumbai,web,DEV0173
TXN009453,2026-08-02 16:51:03,ACC0232,ACC0364,2886.23,INR,RTGS,Mumbai,atm,DEV0043
TXN001143,2026-08-02 16:51:53,ACC0407,ACC0473,1828.57,INR,IMPS,Pune,web,DEV0290
TXN004952,2026-08-02 16:56:43,ACC0272,ACC0493,353.85,INR,IMPS,Hyderabad,atm,DEV0021
TXN009301,2026-08-02 17:06:07,ACC0060,ACC0349,715.13,INR,UPI,Kolkata,web,DEV0033
TXN001811,2026-08-02 17:08:17,ACC0076,ACC0049,12001.78,INR,UPI,Delhi,web,DEV0669
TXN000465,2026-08-02 17:19:36,ACC0417,ACC0498,3041.79,INR,UPI,Bengaluru,branch,DEV0819
TXN005560,2026-08-02 17:21:44,ACC0365,ACC0500,261.44,INR,RTGS,Hyderabad,branch,DEV0630
TXN007713,2026-08-02 17:22:44,ACC0395,ACC0492,5130.61,INR,IMPS,Mumbai,branch,DEV0772
TXN006884,2026-08-02 17:22:49,ACC0045,ACC0274,29702.49,INR,UPI,Kochi,web,DEV0666
TXN009321,2026-08-02 17:23:20,ACC0020,ACC0455,1142.83,INR,RTGS,Hyderabad,web,DEV0886
TXN007840,2026-08-02 17:28:10,ACC0363,ACC0241,13731.43,INR,UPI,Mumbai,mobile,DEV0448
TXN003408,2026-08-02 17:30:20,ACC0351,ACC0485,1254.95,INR,IMPS,Chennai,branch,DEV0556
TXN004901,2026-08-02 17:31:08,ACC0053,ACC0383,1054.62,INR,NEFT,Chennai,web,DEV0166
TXN006047,2026-08-02 17:31:14,ACC0365,ACC0461,4256.61,INR,NEFT,Delhi,mobile,DEV0376
TXN000282,2026-08-02 17:36:57,ACC0154,ACC0496,1761.74,INR,NEFT,Mumbai,atm,DEV0178
TXN003347,2026-08-02 17:38:56,ACC0316,ACC0468,5312.43,INR,RTGS,Hyderabad,mobile,DEV0829
TXN006630,2026-08-02 17:40:13,ACC0299,ACC0181,1064.34,INR,RTGS,Bengaluru,branch,DEV0013
TXN000974,2026-08-02 17:49:20,ACC0260,ACC0477,846.18,INR,RTGS,Kochi,atm,DEV0409
TXN004437,2026-08-02 17:49:21,ACC0092,ACC0026,1904.01,INR,UPI,Chennai,web,DEV0287
TXN001243,2026-08-02 17:50:00,ACC0360,ACC0474,183.58,INR,UPI,Hyderabad,web,DEV0328
TXN007345,2026-08-02 17:54:00,ACC0178,ACC0277,1000.81,INR,UPI,Pune,web,DEV0244
TXN008214,2026-08-02 17:56:14,ACC0025,ACC0475,2781.37,INR,NEFT,Kochi,branch,DEV0292
TXN003628,2026-08-02 17:58:01,ACC0168,ACC0185,1223.09,INR,RTGS,Kochi,web,DEV0843
TXN003670,2026-08-02 17:58:19,ACC0255,ACC0486,323.18,INR,UPI,Hyderabad,web,DEV0421
TXN005895,2026-08-02 17:58:26,ACC0027,ACC0485,9108.14,INR,IMPS,Kolkata,atm,DEV0104
TXN002750,2026-08-02 18:00:19,ACC0409,ACC0458,1922.74,INR,UPI,Kochi,web,DEV0880
TXN008722,2026-08-02 18:00:37,ACC0076,ACC0451,2046.22,INR,RTGS,Kochi,web,DEV0551
TXN005898,2026-08-02 18:00:45,ACC0212,ACC0390,383.0,INR,IMPS,Mumbai,mobile,DEV0854
TXN009673,2026-08-02 18:02:45,ACC0001,ACC0400,2468.28,INR,NEFT,Kochi,atm,DEV0254
TXN003999,2026-08-02 18:03:25,ACC0097,ACC0480,1252.56,INR,NEFT,Mumbai,branch,DEV0434
TXN008720,2026-08-02 18:04:13,ACC0016,ACC0458,1028.51,INR,IMPS,Delhi,atm,DEV0430
TXN004920,2026-08-02 18:04:34,ACC0023,ACC0462,590.85,INR,RTGS,Pune,atm,DEV0818
TXN005663,2026-08-02 18:06:49,ACC0084,ACC0024,585.41,INR,IMPS,Bengaluru,branch,DEV0763
TXN004237,2026-08-02 18:09:52,ACC0079,ACC0459,397.03,INR,NEFT,Chennai,mobile,DEV0184
TXN006390,2026-08-02 18:10:25,ACC0175,ACC0488,1540.92,INR,IMPS,Hyderabad,mobile,DEV0303
TXN009262,2026-08-02 18:10:46,ACC0291,ACC0494,8477.91,INR,IMPS,Mumbai,mobile,DEV0723
TXN009339,2026-08-02 18:12:24,ACC0404,ACC0477,3650.76,INR,UPI,Mumbai,atm,DEV0433
TXN002483,2026-08-02 18:17:40,ACC0167,ACC0482,10362.8,INR,IMPS,Pune,branch,DEV0073
TXN009545,2026-08-02 18:19:18,ACC0006,ACC0461,4104.71,INR,IMPS,Hyderabad,web,DEV0113
TXN002366,2026-08-02 18:21:46,ACC0210,ACC0491,351.81,INR,RTGS,Kochi,mobile,DEV0828
TXN004224,2026-08-02 18:22:25,ACC0183,ACC0386,277.64,INR,UPI,Bengaluru,branch,DEV0662
TXN004232,2026-08-02 18:25:29,ACC0370,ACC0448,3491.32,INR,NEFT,Kolkata,atm,DEV0268
TXN002720,2026-08-02 18:26:42,ACC0248,ACC0488,851.41,INR,NEFT,Pune,branch,DEV0737
TXN005771,2026-08-02 18:28:43,ACC0346,ACC0495,5640.56,INR,RTGS,Pune,web,DEV0106
TXN005672,2026-08-02 18:29:16,ACC0405,ACC0001,1935.76,INR,NEFT,Kochi,branch,DEV0502
TXN002343,2026-08-02 18:33:19,ACC0449,ACC0490,5455.55,INR,UPI,Delhi,atm,DEV0339
TXN007486,2026-08-02 18:34:46,ACC0270,ACC0499,2290.25,INR,UPI,Pune,atm,DEV0817
TXN008471,2026-08-02 18:35:30,ACC0178,ACC0470,978.76,INR,NEFT,Pune,mobile,DEV0622
TXN008358,2026-08-02 18:35:34,ACC0326,ACC0486,1184.77,INR,IMPS,Hyderabad,mobile,DEV0505
TXN005098,2026-08-02 18:36:16,ACC0397,ACC0297,2946.06,INR,UPI,Mumbai,web,DEV0847
TXN007625,2026-08-02 18:41:07,ACC0216,ACC0489,170.06,INR,RTGS,Kolkata,mobile,DEV0863
TXN009577,2026-08-02 18:41:17,ACC0301,ACC0488,728.86,INR,RTGS,Pune,branch,DEV0598
TXN009618,2026-08-02 18:42:21,ACC0367,ACC0472,845.67,INR,IMPS,Delhi,branch,DEV0593
TXN007446,2026-08-02 18:44:02,ACC0250,ACC0488,645.83,INR,NEFT,Kochi,web,DEV0202
TXN005713,2026-08-02 18:44:12,ACC0434,ACC0490,3027.15,INR,UPI,Kochi,atm,DEV0370
TXN000298,2026-08-02 18:45:36,ACC0215,ACC0498,4055.83,INR,NEFT,Kochi,branch,DEV0520
TXN002420,2026-08-02 18:46:45,ACC0129,ACC0292,6205.81,INR,NEFT,Hyderabad,web,DEV0345
TXN002470,2026-08-02 18:48:05,ACC0212,ACC0119,2869.51,INR,UPI,Mumbai,branch,DEV0152
TXN001188,2026-08-02 18:48:52,ACC0253,ACC0497,1091.5,INR,RTGS,Chennai,mobile,DEV0327
TXN000835,2026-08-02 18:50:30,ACC0044,ACC0290,468.33,INR,IMPS,Chennai,branch,DEV0770
TXN004561,2026-08-02 18:51:31,ACC0082,ACC0275,4141.86,INR,UPI,Pune,web,DEV0367
TXN004535,2026-08-02 18:54:12,ACC0191,ACC0111,5621.67,INR,UPI,Kolkata,mobile,DEV0502
TXN004787,2026-08-02 18:56:04,ACC0316,ACC0484,2148.59,INR,UPI,Bengaluru,web,DEV0196
TXN008626,2026-08-02 18:56:09,ACC0331,ACC0497,2678.05,INR,UPI,Bengaluru,atm,DEV0706
TXN003151,2026-08-02 18:58:22,ACC0442,ACC0460,3368.32,INR,NEFT,Hyderabad,atm,DEV0803
TXN007669,2026-08-02 19:01:24,ACC0169,ACC0466,438.23,INR,IMPS,Hyderabad,branch,DEV0378
TXN006363,2026-08-02 19:05:26,ACC0290,ACC0394,1158.3,INR,UPI,Chennai,atm,DEV0491
TXN001114,2026-08-02 19:06:55,ACC0360,ACC0216,2426.91,INR,IMPS,Kolkata,mobile,DEV0014
TXN006327,2026-08-02 19:08:23,ACC0392,ACC0499,3686.07,INR,NEFT,Chennai,atm,DEV0841
TXN000731,2026-08-02 19:09:13,ACC0252,ACC0463,695.68,INR,NEFT,Bengaluru,mobile,DEV0437
TXN009334,2026-08-02 19:10:28,ACC0083,ACC0474,961.41,INR,RTGS,Mumbai,branch,DEV0622
TXN001603,2026-08-02 19:13:03,ACC0322,ACC0066,374.86,INR,NEFT,Bengaluru,web,DEV0134
TXN001177,2026-08-02 19:15:44,ACC0013,ACC0461,843.74,INR,RTGS,Kolkata,mobile,DEV0280
TXN001077,2026-08-02 19:21:17,ACC0301,ACC0457,1858.03,INR,IMPS,Mumbai,atm,DEV0138
TXN004177,2026-08-02 19:22:11,ACC0054,ACC0464,3795.04,INR,NEFT,Bengaluru,branch,DEV0169
TXN000546,2026-08-02 19:23:25,ACC0163,ACC0483,1105.14,INR,IMPS,Kolkata,branch,DEV0316
TXN006863,2026-08-02 19:24:27,ACC0148,ACC0195,1382.73,INR,UPI,Delhi,branch,DEV0215
TXN009403,2026-08-02 19:27:32,ACC0399,ACC0458,573.54,INR,IMPS,Hyderabad,branch,DEV0674
TXN003514,2026-08-02 19:30:34,ACC0279,ACC0494,717.8,INR,IMPS,Kochi,atm,DEV0055
TXN006960,2026-08-02 19:30:50,ACC0048,ACC0472,2959.78,INR,NEFT,Mumbai,mobile,DEV0751
TXN007115,2026-08-02 19:34:11,ACC0240,ACC0275,4725.18,INR,RTGS,Kochi,atm,DEV0798
TXN000719,2026-08-02 19:34:13,ACC0184,ACC0496,1458.52,INR,UPI,Pune,branch,DEV0455
TXN007900,2026-08-02 19:36:09,ACC0370,ACC0484,501.79,INR,NEFT,Kolkata,branch,DEV0552
TXN005476,2026-08-02 19:37:27,ACC0063,ACC0481,1751.76,INR,RTGS,Delhi,mobile,DEV0070
TXN003278,2026-08-02 19:43:33,ACC0108,ACC0475,616.89,INR,RTGS,Delhi,branch,DEV0405
TXN008281,2026-08-02 19:46:29,ACC0346,ACC0486,596.42,INR,UPI,Chennai,atm,DEV0225
TXN006489,2026-08-02 19:47:33,ACC0163,ACC0497,219.22,INR,RTGS,Bengaluru,branch,DEV0366
TXN004528,2026-08-02 19:48:10,ACC0188,ACC0496,3941.69,INR,UPI,Chennai,atm,DEV0131
TXN006742,2026-08-02 19:48:49,ACC0185,ACC0456,1759.29,INR,NEFT,Chennai,atm,DEV0704
TXN004149,2026-08-02 19:49:22,ACC0443,ACC0471,2191.17,INR,UPI,Mumbai,web,DEV0864
TXN007080,2026-08-02 19:49:30,ACC0298,ACC0498,759.75,INR,RTGS,Hyderabad,branch,DEV0636
TXN008672,2026-08-02 19:53:13,ACC0370,ACC0473,84.87,INR,RTGS,Kochi,branch,DEV0750
TXN001147,2026-08-02 19:55:27,ACC0097,ACC0485,4211.82,INR,NEFT,Kolkata,mobile,DEV0220
TXN002715,2026-08-02 19:56:33,ACC0269,ACC0240,3493.22,INR,UPI,Kochi,mobile,DEV0119
TXN003542,2026-08-02 19:56:42,ACC0211,ACC0482,2631.0,INR,NEFT,Mumbai,mobile,DEV0587
TXN006780,2026-08-02 20:03:05,ACC0358,ACC0294,7972.6,INR,IMPS,Kochi,atm,DEV0074
TXN003649,2026-08-02 20:10:29,ACC0256,ACC0475,439.39,INR,RTGS,Pune,web,DEV0424
TXN003195,2026-08-02 20:10:43,ACC0242,ACC0277,707.35,INR,RTGS,Kochi,atm,DEV0802
TXN007460,2026-08-02 20:11:03,ACC0117,ACC0500,10187.69,INR,NEFT,Pune,mobile,DEV0133
TXN008663,2026-08-02 20:12:10,ACC0116,ACC0455,3721.14,INR,RTGS,Pune,atm,DEV0121
TXN004491,2026-08-02 20:12:20,ACC0449,ACC0488,18954.74,INR,RTGS,Chennai,mobile,DEV0028
TXN009462,2026-08-02 20:12:25,ACC0239,ACC0476,599.54,INR,IMPS,Kochi,atm,DEV0244
TXN000806,2026-08-02 20:12:47,ACC0067,ACC0487,5299.71,INR,UPI,Delhi,atm,DEV0769
TXN005245,2026-08-02 20:14:27,ACC0354,ACC0238,544.44,INR,NEFT,Kolkata,atm,DEV0027
TXN001836,2026-08-02 20:14:29,ACC0400,ACC0499,467.39,INR,RTGS,Chennai,mobile,DEV0798
TXN003590,2026-08-02 20:15:00,ACC0282,ACC0471,15049.59,INR,RTGS,Kochi,web,DEV0701
TXN001547,2026-08-02 20:15:57,ACC0197,ACC0148,6639.38,INR,NEFT,Mumbai,mobile,DEV0806
TXN008762,2026-08-02 20:16:01,ACC0191,ACC0479,2328.07,INR,NEFT,Pune,branch,DEV0655
TXN008440,2026-08-02 20:16:05,ACC0128,ACC0479,638.13,INR,IMPS,Delhi,mobile,DEV0414
TXN003006,2026-08-02 20:16:36,ACC0422,ACC0255,1945.16,INR,UPI,Chennai,mobile,DEV0515
TXN005859,2026-08-02 20:18:27,ACC0372,ACC0496,477.05,INR,RTGS,Hyderabad,mobile,DEV0482
TXN005885,2026-08-02 20:21:24,ACC0010,ACC0455,397.29,INR,RTGS,Kochi,branch,DEV0109
TXN005032,2026-08-02 20:25:09,ACC0330,ACC0482,1498.0,INR,NEFT,Pune,branch,DEV0730
TXN006810,2026-08-02 20:25:38,ACC0085,ACC0495,2328.42,INR,NEFT,Chennai,web,DEV0230
TXN003322,2026-08-02 20:27:19,ACC0397,ACC0063,5950.63,INR,NEFT,Pune,web,DEV0181
TXN004980,2026-08-02 20:27:20,ACC0240,ACC0464,6609.69,INR,NEFT,Kochi,atm,DEV0365
TXN003753,2026-08-02 20:27:36,ACC0348,ACC0193,2704.11,INR,IMPS,Kolkata,mobile,DEV0038
TXN005965,2026-08-02 20:29:35,ACC0194,ACC0455,2435.51,INR,RTGS,Kochi,branch,DEV0635
TXN008786,2026-08-02 20:30:04,ACC0358,ACC0493,2728.01,INR,UPI,Delhi,mobile,DEV0365
TXN006599,2026-08-02 20:30:37,ACC0325,ACC0500,9299.5,INR,IMPS,Delhi,web,DEV0016
TXN008060,2026-08-02 20:35:02,ACC0030,ACC0134,711.47,INR,RTGS,Bengaluru,mobile,DEV0345
TXN004963,2026-08-02 20:41:20,ACC0073,ACC0490,3669.28,INR,UPI,Kochi,mobile,DEV0019
TXN006243,2026-08-02 20:42:35,ACC0123,ACC0497,5339.73,INR,IMPS,Delhi,web,DEV0684
TXN005137,2026-08-02 20:42:46,ACC0347,ACC0079,991.47,INR,UPI,Pune,mobile,DEV0307
TXN003321,2026-08-02 20:46:17,ACC0384,ACC0451,338.42,INR,RTGS,Chennai,web,DEV0245
TXN001899,2026-08-02 20:48:05,ACC0368,ACC0455,1973.2,INR,NEFT,Delhi,web,DEV0165
TXN006536,2026-08-02 20:48:39,ACC0173,ACC0471,1823.91,INR,UPI,Hyderabad,mobile,DEV0702
TXN001152,2026-08-02 20:49:28,ACC0006,ACC0476,171.49,INR,UPI,Mumbai,mobile,DEV0163
TXN000839,2026-08-02 20:49:43,ACC0185,ACC0478,1251.37,INR,UPI,Delhi,atm,DEV0100
TXN009827,2026-08-02 20:50:01,ACC0240,ACC0453,1237.94,INR,UPI,Hyderabad,atm,DEV0302
TXN002731,2026-08-02 20:51:22,ACC0325,ACC0452,134.05,INR,RTGS,Bengaluru,web,DEV0140
TXN008339,2026-08-02 20:54:38,ACC0281,ACC0453,244.92,INR,RTGS,Pune,branch,DEV0480
TXN001202,2026-08-02 20:56:12,ACC0310,ACC0497,1789.05,INR,NEFT,Pune,atm,DEV0718
TXN004863,2026-08-03 09:05:05,ACC0342,ACC0139,386.0,INR,IMPS,Kochi,branch,DEV0718
TXN008388,2026-08-03 09:07:08,ACC0282,ACC0479,1453.83,INR,RTGS,Pune,branch,DEV0338
TXN008263,2026-08-03 09:08:31,ACC0041,ACC0476,2606.78,INR,IMPS,Bengaluru,web,DEV0641
TXN000343,2026-08-03 09:11:50,ACC0368,ACC0456,988.66,INR,NEFT,Hyderabad,atm,DEV0398
TXN005139,2026-08-03 09:16:19,ACC0290,ACC0481,2193.57,INR,UPI,Bengaluru,atm,DEV0260
TXN006743,2026-08-03 09:20:29,ACC0060,ACC0481,10827.08,INR,UPI,Bengaluru,atm,DEV0108
TXN008742,2026-08-03 09:21:27,ACC0126,ACC0401,2040.84,INR,UPI,Kochi,mobile,DEV0409
TXN009257,2026-08-03 09:25:34,ACC0445,ACC0494,8511.25,INR,UPI,Mumbai,mobile,DEV0696
TXN003912,2026-08-03 09:28:48,ACC0424,ACC0458,351.1,INR,RTGS,Pune,branch,DEV0430
TXN004879,2026-08-03 09:32:45,ACC0309,ACC0479,343.36,INR,NEFT,Delhi,mobile,DEV0246
TXN009466,2026-08-03 09:33:11,ACC0353,ACC0460,6312.44,INR,IMPS,Bengaluru,mobile,DEV0180
TXN006089,2026-08-03 09:33:12,ACC0276,ACC0453,428.32,INR,IMPS,Delhi,atm,DEV0570
TXN008291,2026-08-03 09:34:53,ACC0266,ACC0457,650.0,INR,NEFT,Delhi,web,DEV0400
TXN003480,2026-08-03 09:36:39,ACC0070,ACC0269,1532.45,INR,RTGS,Pune,atm,DEV0384
TXN001296,2026-08-03 09:39:00,ACC0170,ACC0488,3466.6,INR,NEFT,Pune,atm,DEV0111
TXN008925,2026-08-03 09:44:13,ACC0356,ACC0493,629.93,INR,UPI,Chennai,web,DEV0329
TXN009086,2026-08-03 09:45:15,ACC0121,ACC0477,427.13,INR,NEFT,Pune,branch,DEV0222
TXN005060,2026-08-03 09:46:01,ACC0353,ACC0159,4366.91,INR,IMPS,Delhi,web,DEV0049
TXN004638,2026-08-03 09:46:40,ACC0248,ACC0459,2016.76,INR,UPI,Kolkata,atm,DEV0777
TXN001464,2026-08-03 09:49:09,ACC0447,ACC0445,2261.85,INR,IMPS,Chennai,mobile,DEV0311
TXN005525,2026-08-03 09:50:43,ACC0432,ACC0460,2335.5,INR,IMPS,Kochi,atm,DEV0728
TXN007587,2026-08-03 09:53:55,ACC0205,ACC0141,825.0,INR,NEFT,Chennai,atm,DEV0644
TXN007112,2026-08-03 09:55:37,ACC0430,ACC0455,13694.14,INR,NEFT,Bengaluru,web,DEV0011
TXN005838,2026-08-03 10:00:12,ACC0222,ACC0494,307.47,INR,UPI,Chennai,mobile,DEV0171
TXN006034,2026-08-03 10:00:43,ACC0249,ACC0319,1461.81,INR,IMPS,Chennai,atm,DEV0379
TXN002210,2026-08-03 10:02:22,ACC0178,ACC0113,5846.64,INR,UPI,Pune,atm,DEV0208
TXN000980,2026-08-03 10:04:32,ACC0380,ACC0442,9546.92,INR,RTGS,Chennai,mobile,DEV0761
TXN001207,2026-08-03 10:08:09,ACC0368,ACC0255,667.03,INR,NEFT,Mumbai,branch,DEV0366
TXN002912,2026-08-03 10:11:05,ACC0297,ACC0480,2467.16,INR,RTGS,Kochi,web,DEV0830
TXN004589,2026-08-03 10:13:00,ACC0089,ACC0264,4510.72,INR,NEFT,Bengaluru,mobile,DEV0297
TXN004677,2026-08-03 10:14:53,ACC0335,ACC0479,3053.32,INR,RTGS,Bengaluru,mobile,DEV0690
TXN002072,2026-08-03 10:16:44,ACC0425,ACC0473,4361.89,INR,RTGS,Kolkata,web,DEV0066
TXN005377,2026-08-03 10:17:01,ACC0321,ACC0460,1400.08,INR,UPI,Bengaluru,atm,DEV0680
TXN001271,2026-08-03 10:17:52,ACC0101,ACC0455,5148.62,INR,RTGS,Kolkata,web,DEV0157
TXN009674,2026-08-03 10:17:59,ACC0362,ACC0479,7540.37,INR,NEFT,Kochi,branch,DEV0437
TXN002985,2026-08-03 10:19:38,ACC0439,ACC0464,3680.9,INR,UPI,Chennai,atm,DEV0166
TXN007671,2026-08-03 10:21:35,ACC0417,ACC0489,3179.18,INR,UPI,Mumbai,web,DEV0065
TXN004566,2026-08-03 10:22:05,ACC0098,ACC0121,2345.46,INR,IMPS,Hyderabad,web,DEV0145
TXN002095,2026-08-03 10:25:57,ACC0441,ACC0483,7660.58,INR,RTGS,Mumbai,mobile,DEV0251
TXN000754,2026-08-03 10:27:45,ACC0386,ACC0359,961.92,INR,IMPS,Bengaluru,branch,DEV0682
TXN003160,2026-08-03 10:29:21,ACC0149,ACC0044,575.39,INR,IMPS,Kolkata,atm,DEV0657
TXN007438,2026-08-03 10:31:18,ACC0147,ACC0218,1073.58,INR,RTGS,Pune,branch,DEV0291
TXN000773,2026-08-03 10:32:19,ACC0132,ACC0018,929.67,INR,RTGS,Chennai,web,DEV0308
TXN009458,2026-08-03 10:36:00,ACC0021,ACC0186,3201.73,INR,NEFT,Pune,atm,DEV0482
TXN008234,2026-08-03 10:40:15,ACC0073,ACC0236,945.04,INR,IMPS,Kochi,mobile,DEV0173
TXN005491,2026-08-03 10:42:41,ACC0322,ACC0056,3436.36,INR,NEFT,Pune,atm,DEV0735
TXN004585,2026-08-03 10:44:07,ACC0277,ACC0473,4171.6,INR,NEFT,Kochi,web,DEV0450
TXN002250,2026-08-03 10:45:21,ACC0239,ACC0490,946.95,INR,UPI,Bengaluru,branch,DEV0255
TXN000014,2026-08-03 10:46:31,ACC0030,ACC0487,1755.66,INR,RTGS,Delhi,branch,DEV0541
TXN003977,2026-08-03 10:49:24,ACC0178,ACC0482,1227.69,INR,IMPS,Mumbai,branch,DEV0612
TXN007089,2026-08-03 10:50:11,ACC0347,ACC0487,2937.48,INR,IMPS,Chennai,mobile,DEV0148
TXN009905,2026-08-03 10:52:13,ACC0100,ACC0492,1122.44,INR,NEFT,Chennai,atm,DEV0753
TXN000131,2026-08-03 10:53:57,ACC0328,ACC0235,1634.85,INR,NEFT,Delhi,branch,DEV0440
TXN008274,2026-08-03 10:54:23,ACC0133,ACC0494,3558.64,INR,UPI,Mumbai,branch,DEV0591
TXN007774,2026-08-03 10:56:39,ACC0202,ACC0488,4412.26,INR,NEFT,Bengaluru,atm,DEV0791
TXN002266,2026-08-03 10:56:49,ACC0235,ACC0474,1944.35,INR,IMPS,Hyderabad,branch,DEV0266
TXN005757,2026-08-03 10:57:14,ACC0374,ACC0467,876.97,INR,NEFT,Chennai,web,DEV0136
TXN005504,2026-08-03 10:58:30,ACC0228,ACC0493,336.16,INR,RTGS,Pune,mobile,DEV0721
TXN005873,2026-08-03 10:58:46,ACC0137,ACC0471,7992.49,INR,NEFT,Kochi,atm,DEV0323
TXN001131,2026-08-03 11:01:35,ACC0225,ACC0478,1238.85,INR,IMPS,Kochi,web,DEV0066
TXN009051,2026-08-03 11:06:19,ACC0311,ACC0477,448.31,INR,NEFT,Chennai,atm,DEV0644
TXN008578,2026-08-03 11:07:45,ACC0155,ACC0500,2412.02,INR,RTGS,Bengaluru,atm,DEV0577
TXN005848,2026-08-03 11:10:56,ACC0267,ACC0370,584.47,INR,IMPS,Chennai,mobile,DEV0049
TXN004572,2026-08-03 11:12:59,ACC0004,ACC0148,8943.65,INR,UPI,Kolkata,branch,DEV0042
TXN004739,2026-08-03 11:15:55,ACC0177,ACC0471,1240.06,INR,IMPS,Mumbai,branch,DEV0672
TXN004865,2026-08-03 11:16:20,ACC0257,ACC0498,5670.94,INR,IMPS,Kochi,mobile,DEV0522
TXN001526,2026-08-03 11:17:45,ACC0035,ACC0457,3621.21,INR,RTGS,Chennai,mobile,DEV0779
TXN000662,2026-08-03 11:19:26,ACC0074,ACC0500,2340.57,INR,IMPS,Delhi,mobile,DEV0731
TXN007231,2026-08-03 11:20:20,ACC0392,ACC0472,2031.96,INR,NEFT,Kolkata,web,DEV0253
TXN005845,2026-08-03 11:23:22,ACC0037,ACC0489,1307.92,INR,RTGS,Hyderabad,branch,DEV0463
TXN004013,2026-08-03 11:27:42,ACC0211,ACC0470,1212.85,INR,UPI,Hyderabad,mobile,DEV0757
TXN008777,2026-08-03 11:29:16,ACC0353,ACC0457,1583.67,INR,IMPS,Chennai,branch,DEV0648
TXN006161,2026-08-03 11:29:31,ACC0143,ACC0484,184.18,INR,RTGS,Hyderabad,web,DEV0695
TXN005740,2026-08-03 11:30:31,ACC0231,ACC0469,2912.91,INR,RTGS,Delhi,web,DEV0861
TXN000958,2026-08-03 11:32:55,ACC0221,ACC0461,1790.75,INR,RTGS,Kolkata,web,DEV0412
TXN007752,2026-08-03 11:33:02,ACC0317,ACC0465,1246.22,INR,IMPS,Hyderabad,atm,DEV0261
TXN003822,2026-08-03 11:33:32,ACC0046,ACC0485,2905.92,INR,NEFT,Kolkata,web,DEV0775
TXN002165,2026-08-03 11:36:07,ACC0450,ACC0459,93.95,INR,IMPS,Chennai,web,DEV0151
TXN000236,2026-08-03 11:37:14,ACC0049,ACC0481,1747.81,INR,UPI,Kolkata,mobile,DEV0881
TXN006194,2026-08-03 11:37:42,ACC0339,ACC0488,6317.57,INR,NEFT,Delhi,web,DEV0532
TXN003097,2026-08-03 11:38:55,ACC0097,ACC0487,2007.24,INR,RTGS,Mumbai,mobile,DEV0152
TXN000494,2026-08-03 11:38:59,ACC0271,ACC0176,3686.75,INR,RTGS,Bengaluru,atm,DEV0744
TXN001084,2026-08-03 11:41:36,ACC0379,ACC0472,862.59,INR,RTGS,Chennai,atm,DEV0589
TXN002580,2026-08-03 11:42:32,ACC0235,ACC0498,16115.63,INR,NEFT,Chennai,atm,DEV0288
TXN009246,2026-08-03 11:45:43,ACC0063,ACC0478,888.3,INR,NEFT,Hyderabad,mobile,DEV0874
TXN005563,2026-08-03 11:48:33,ACC0164,ACC0489,1969.59,INR,IMPS,Hyderabad,web,DEV0189
TXN005950,2026-08-03 11:49:02,ACC0405,ACC0451,423.82,INR,NEFT,Delhi,web,DEV0491
TXN000258,2026-08-03 11:51:43,ACC0238,ACC0458,468.17,INR,UPI,Bengaluru,branch,DEV0152
TXN001881,2026-08-03 11:56:37,ACC0404,ACC0468,3573.16,INR,NEFT,Chennai,mobile,DEV0147
TXN001322,2026-08-03 11:59:33,ACC0146,ACC0496,6053.01,INR,IMPS,Mumbai,mobile,DEV0271
TXN009335,2026-08-03 12:02:27,ACC0164,ACC0468,664.71,INR,NEFT,Bengaluru,atm,DEV0683
TXN009735,2026-08-03 12:05:59,ACC0415,ACC0408,2061.8,INR,UPI,Kochi,atm,DEV0616
TXN009809,2026-08-03 12:07:39,ACC0423,ACC0454,4765.26,INR,UPI,Hyderabad,branch,DEV0143
TXN004728,2026-08-03 12:13:00,ACC0450,ACC0070,2797.61,INR,RTGS,Delhi,mobile,DEV0169
TXN000949,2026-08-03 12:13:20,ACC0260,ACC0483,3558.71,INR,RTGS,Mumbai,atm,DEV0897
TXN009951,2026-08-03 12:14:08,ACC0448,ACC0497,4696.14,INR,IMPS,Mumbai,mobile,DEV0595
TXN004127,2026-08-03 12:16:01,ACC0130,ACC0486,3121.07,INR,UPI,Hyderabad,mobile,DEV0328
TXN004516,2026-08-03 12:17:04,ACC0139,ACC0490,2683.07,INR,UPI,Chennai,atm,DEV0114
TXN009966,2026-08-03 12:22:06,ACC0426,ACC0462,384.55,INR,IMPS,Chennai,web,DEV0468
TXN002371,2026-08-03 12:22:40,ACC0295,ACC0460,980.99,INR,IMPS,Delhi,atm,DEV0282
TXN000237,2026-08-03 12:24:05,ACC0217,ACC0481,2657.56,INR,IMPS,Kolkata,branch,DEV0141
TXN006224,2026-08-03 12:25:13,ACC0380,ACC0445,546.24,INR,IMPS,Mumbai,mobile,DEV0405
TXN005336,2026-08-03 12:42:37,ACC0122,ACC0052,1110.75,INR,IMPS,Hyderabad,branch,DEV0371
TXN001765,2026-08-03 12:44:22,ACC0206,ACC0479,1712.16,INR,NEFT,Bengaluru,branch,DEV0248
TXN007698,2026-08-03 12:45:43,ACC0362,ACC0460,29330.51,INR,NEFT,Bengaluru,web,DEV0220
TXN002938,2026-08-03 12:48:35,ACC0348,ACC0491,1552.99,INR,IMPS,Pune,web,DEV0528
TXN004783,2026-08-03 12:50:28,ACC0281,ACC0465,300.24,INR,UPI,Mumbai,mobile,DEV0420
TXN003435,2026-08-03 12:54:02,ACC0358,ACC0179,1218.57,INR,NEFT,Mumbai,web,DEV0548
TXN005942,2026-08-03 12:56:03,ACC0386,ACC0429,620.48,INR,RTGS,Mumbai,atm,DEV0430
TXN003262,2026-08-03 12:59:25,ACC0175,ACC0239,121.72,INR,RTGS,Hyderabad,branch,DEV0098
TXN001408,2026-08-03 13:01:25,ACC0083,ACC0489,577.09,INR,UPI,Delhi,branch,DEV0367
TXN008093,2026-08-03 13:02:25,ACC0213,ACC0434,151.44,INR,RTGS,Bengaluru,mobile,DEV0453
TXN007964,2026-08-03 13:04:09,ACC0418,ACC0476,564.82,INR,UPI,Hyderabad,branch,DEV0858
TXN005320,2026-08-03 13:10:24,ACC0347,ACC0446,3097.03,INR,IMPS,Bengaluru,atm,DEV0507
TXN006797,2026-08-03 13:12:53,ACC0015,ACC0297,53481.32,INR,NEFT,Chennai,atm,DEV0265
TXN004377,2026-08-03 13:15:05,ACC0116,ACC0457,3865.55,INR,NEFT,Kochi,mobile,DEV0283
TXN005097,2026-08-03 13:15:42,ACC0167,ACC0403,1818.18,INR,RTGS,Bengaluru,atm,DEV0652
TXN007422,2026-08-03 13:17:46,ACC0101,ACC0483,2460.49,INR,IMPS,Hyderabad,web,DEV0390
TXN003730,2026-08-03 13:19:55,ACC0026,ACC0484,993.38,INR,UPI,Mumbai,atm,DEV0778
TXN007147,2026-08-03 13:20:02,ACC0024,ACC0452,4226.22,INR,UPI,Chennai,web,DEV0480
TXN009915,2026-08-03 13:20:11,ACC0252,ACC0356,1110.89,INR,UPI,Bengaluru,mobile,DEV0584
TXN008088,2026-08-03 13:31:00,ACC0370,ACC0476,3077.36,INR,UPI,Hyderabad,atm,DEV0074
TXN000936,2026-08-03 13:34:13,ACC0337,ACC0455,1577.92,INR,IMPS,Bengaluru,atm,DEV0731
TXN008903,2026-08-03 13:38:05,ACC0197,ACC0464,3897.99,INR,RTGS,Kochi,branch,DEV0664
TXN000368,2026-08-03 13:38:56,ACC0245,ACC0440,1828.39,INR,UPI,Chennai,mobile,DEV0533
TXN007891,2026-08-03 13:39:10,ACC0336,ACC0453,1472.98,INR,UPI,Delhi,atm,DEV0632
TXN004931,2026-08-03 13:40:42,ACC0273,ACC0476,3396.53,INR,UPI,Delhi,mobile,DEV0627
TXN002956,2026-08-03 13:40:48,ACC0201,ACC0459,9226.46,INR,UPI,Delhi,web,DEV0299
TXN002203,2026-08-03 13:42:47,ACC0280,ACC0454,1291.74,INR,UPI,Chennai,branch,DEV0287
TXN006488,2026-08-03 13:45:02,ACC0410,ACC0483,955.34,INR,NEFT,Mumbai,atm,DEV0313
TXN005250,2026-08-03 13:45:14,ACC0392,ACC0297,8039.22,INR,NEFT,Hyderabad,mobile,DEV0801
TXN007898,2026-08-03 13:45:42,ACC0320,ACC0481,4508.5,INR,IMPS,Kochi,branch,DEV0813
TXN006174,2026-08-03 13:46:37,ACC0154,ACC0459,5571.4,INR,RTGS,Kochi,web,DEV0107
TXN008885,2026-08-03 13:49:55,ACC0316,ACC0479,328.82,INR,NEFT,Pune,branch,DEV0397
TXN003173,2026-08-03 13:53:17,ACC0032,ACC0469,529.03,INR,RTGS,Bengaluru,atm,DEV0174
TXN002743,2026-08-03 13:53:36,ACC0153,ACC0481,2231.51,INR,NEFT,Delhi,branch,DEV0742
TXN005394,2026-08-03 13:53:54,ACC0037,ACC0472,1158.98,INR,NEFT,Pune,mobile,DEV0122
TXN004996,2026-08-03 13:56:21,ACC0281,ACC0463,3185.13,INR,UPI,Kochi,web,DEV0800
TXN004439,2026-08-03 13:56:40,ACC0419,ACC0470,922.3,INR,RTGS,Pune,web,DEV0866
TXN002683,2026-08-03 13:57:33,ACC0189,ACC0482,1512.89,INR,UPI,Kochi,atm,DEV0356
TXN002805,2026-08-03 13:59:18,ACC0420,ACC0475,839.96,INR,RTGS,Hyderabad,branch,DEV0725
TXN009129,2026-08-03 14:00:57,ACC0325,ACC0170,2071.79,INR,UPI,Bengaluru,atm,DEV0839
TXN000016,2026-08-03 14:01:37,ACC0232,ACC0465,2094.86,INR,UPI,Mumbai,mobile,DEV0235
TXN001047,2026-08-03 14:01:47,ACC0292,ACC0494,4064.94,INR,RTGS,Bengaluru,web,DEV0469
TXN003617,2026-08-03 14:02:01,ACC0063,ACC0402,4384.85,INR,UPI,Kochi,branch,DEV0776
TXN003095,2026-08-03 14:03:59,ACC0363,ACC0459,2292.55,INR,IMPS,Bengaluru,web,DEV0584
TXN005842,2026-08-03 14:04:44,ACC0386,ACC0266,31394.63,INR,UPI,Kochi,atm,DEV0900
TXN003728,2026-08-03 14:06:38,ACC0395,ACC0485,5891.96,INR,NEFT,Kochi,mobile,DEV0887
TXN003536,2026-08-03 14:06:39,ACC0415,ACC0479,4126.96,INR,NEFT,Chennai,web,DEV0455
TXN006841,2026-08-03 14:06:40,ACC0088,ACC0491,8113.52,INR,UPI,Hyderabad,mobile,DEV0693
TXN000262,2026-08-03 14:07:02,ACC0331,ACC0459,6714.19,INR,RTGS,Kochi,mobile,DEV0392
TXN003869,2026-08-03 14:08:51,ACC0087,ACC0097,855.78,INR,IMPS,Delhi,atm,DEV0434
TXN001326,2026-08-03 14:10:11,ACC0288,ACC0127,3134.26,INR,UPI,Chennai,atm,DEV0224
TXN004052,2026-08-03 14:15:16,ACC0105,ACC0167,1612.18,INR,NEFT,Kochi,mobile,DEV0531
TXN004567,2026-08-03 14:19:56,ACC0212,ACC0463,430.9,INR,UPI,Bengaluru,branch,DEV0709
TXN010063,2026-08-03 14:23:26,ACC0517,ACC0516,1460800.7,INR,IMPS,Mumbai,branch,DEV0209
TXN009198,2026-08-03 14:25:05,ACC0254,ACC0453,761.32,INR,IMPS,Mumbai,web,DEV0081
TXN010064,2026-08-03 14:25:43,ACC0516,ACC0514,1403036.29,INR,IMPS,Hyderabad,atm,DEV0018
TXN003708,2026-08-03 14:28:54,ACC0253,ACC0493,1283.5,INR,RTGS,Chennai,branch,DEV0691
TXN010065,2026-08-03 14:29:40,ACC0514,ACC0522,1375182.65,INR,IMPS,Bengaluru,atm,DEV0198
TXN000470,2026-08-03 14:29:56,ACC0352,ACC0447,274.11,INR,IMPS,Chennai,branch,DEV0655
TXN010066,2026-08-03 14:30:43,ACC0522,ACC0518,1324255.52,INR,IMPS,Delhi,web,DEV0331
TXN002039,2026-08-03 14:31:38,ACC0264,ACC0488,223.53,INR,IMPS,Pune,web,DEV0415
TXN010067,2026-08-03 14:32:21,ACC0518,ACC0561,1270680.11,INR,IMPS,Mumbai,web,DEV0341
TXN007756,2026-08-03 14:32:32,ACC0252,ACC0074,1535.07,INR,IMPS,Chennai,web,DEV0760
TXN005198,2026-08-03 14:33:40,ACC0328,ACC0258,1678.51,INR,IMPS,Kochi,mobile,DEV0173
TXN007288,2026-08-03 14:34:41,ACC0371,ACC0455,4423.8,INR,UPI,Delhi,branch,DEV0645
TXN000507,2026-08-03 14:34:54,ACC0029,ACC0492,1180.63,INR,NEFT,Delhi,mobile,DEV0394
TXN008767,2026-08-03 14:35:06,ACC0358,ACC0026,6785.56,INR,RTGS,Chennai,branch,DEV0457
TXN001860,2026-08-03 14:38:54,ACC0103,ACC0498,227.76,INR,UPI,Kolkata,web,DEV0699
TXN005755,2026-08-03 14:39:41,ACC0055,ACC0246,300.51,INR,NEFT,Bengaluru,web,DEV0375
TXN006405,2026-08-03 14:39:44,ACC0114,ACC0486,3306.5,INR,UPI,Delhi,branch,DEV0650
TXN000993,2026-08-03 14:40:35,ACC0320,ACC0461,4936.22,INR,UPI,Bengaluru,branch,DEV0292
TXN009684,2026-08-03 14:41:34,ACC0244,ACC0480,1195.42,INR,UPI,Pune,web,DEV0353
TXN002087,2026-08-03 14:44:11,ACC0119,ACC0500,619.26,INR,UPI,Hyderabad,atm,DEV0783
TXN006592,2026-08-03 14:46:27,ACC0431,ACC0476,816.76,INR,RTGS,Bengaluru,branch,DEV0842
TXN004731,2026-08-03 14:47:18,ACC0097,ACC0492,773.73,INR,UPI,Kochi,branch,DEV0871
TXN002374,2026-08-03 14:49:41,ACC0209,ACC0471,561.73,INR,RTGS,Kochi,atm,DEV0244
TXN009222,2026-08-03 14:51:10,ACC0075,ACC0489,251.83,INR,IMPS,Pune,branch,DEV0389
TXN007248,2026-08-03 14:53:53,ACC0325,ACC0464,1817.79,INR,UPI,Hyderabad,web,DEV0416
TXN003269,2026-08-03 14:55:56,ACC0165,ACC0472,2529.28,INR,UPI,Bengaluru,web,DEV0276
TXN000700,2026-08-03 14:57:05,ACC0227,ACC0492,751.24,INR,UPI,Hyderabad,web,DEV0101
TXN003040,2026-08-03 14:57:22,ACC0426,ACC0482,1556.02,INR,UPI,Kolkata,web,DEV0005
TXN004116,2026-08-03 14:57:52,ACC0267,ACC0499,1075.04,INR,IMPS,Bengaluru,branch,DEV0373
TXN009143,2026-08-03 14:57:55,ACC0215,ACC0301,1614.19,INR,RTGS,Bengaluru,atm,DEV0263
TXN005349,2026-08-03 14:58:18,ACC0314,ACC0454,1268.68,INR,IMPS,Mumbai,mobile,DEV0557
TXN004612,2026-08-03 15:00:42,ACC0014,ACC0299,1415.66,INR,NEFT,Mumbai,mobile,DEV0065
TXN006492,2026-08-03 15:01:01,ACC0190,ACC0494,8439.95,INR,IMPS,Pune,atm,DEV0470
TXN005928,2026-08-03 15:01:12,ACC0107,ACC0474,2089.52,INR,IMPS,Delhi,web,DEV0555
TXN008964,2026-08-03 15:01:13,ACC0345,ACC0488,10307.71,INR,NEFT,Mumbai,mobile,DEV0181
TXN006822,2026-08-03 15:02:55,ACC0136,ACC0494,3463.35,INR,IMPS,Kochi,web,DEV0243
TXN009080,2026-08-03 15:04:00,ACC0436,ACC0493,1350.44,INR,IMPS,Chennai,atm,DEV0587
TXN008107,2026-08-03 15:05:15,ACC0056,ACC0493,566.75,INR,RTGS,Mumbai,branch,DEV0342
TXN009219,2026-08-03 15:06:26,ACC0199,ACC0472,1360.59,INR,NEFT,Chennai,atm,DEV0242
TXN000102,2026-08-03 15:06:47,ACC0243,ACC0456,17926.15,INR,UPI,Kolkata,mobile,DEV0421
TXN000245,2026-08-03 15:07:29,ACC0434,ACC0466,2047.25,INR,NEFT,Mumbai,mobile,DEV0725
TXN005948,2026-08-03 15:11:42,ACC0077,ACC0489,3832.35,INR,RTGS,Kochi,web,DEV0426
TXN005343,2026-08-03 15:18:50,ACC0208,ACC0163,166.5,INR,UPI,Kolkata,branch,DEV0877
TXN002773,2026-08-03 15:20:31,ACC0304,ACC0190,2426.37,INR,UPI,Pune,mobile,DEV0852
TXN005621,2026-08-03 15:20:46,ACC0282,ACC0433,1628.19,INR,RTGS,Kochi,branch,DEV0790
TXN000232,2026-08-03 15:32:47,ACC0325,ACC0394,11333.41,INR,RTGS,Kolkata,mobile,DEV0815
TXN002013,2026-08-03 15:33:03,ACC0280,ACC0149,1291.66,INR,NEFT,Hyderabad,branch,DEV0411
TXN010016,2026-08-03 15:36:38,ACC0564,ACC0510,492648.08,INR,IMPS,Bengaluru,branch,DEV0235
TXN003942,2026-08-03 15:36:47,ACC0233,ACC0485,775.24,INR,RTGS,Pune,atm,DEV0172
TXN007715,2026-08-03 15:37:29,ACC0167,ACC0479,1215.46,INR,UPI,Kochi,atm,DEV0467
TXN009804,2026-08-03 15:38:17,ACC0398,ACC0482,1094.33,INR,IMPS,Mumbai,web,DEV0713
TXN010017,2026-08-03 15:38:34,ACC0510,ACC0579,481660.95,INR,IMPS,Hyderabad,branch,DEV0493
TXN001842,2026-08-03 15:39:44,ACC0227,ACC0473,296.87,INR,IMPS,Delhi,mobile,DEV0330
TXN003332,2026-08-03 15:40:14,ACC0378,ACC0466,2011.15,INR,IMPS,Pune,branch,DEV0495
TXN010018,2026-08-03 15:40:53,ACC0579,ACC0570,474670.61,INR,IMPS,Bengaluru,branch,DEV0092
TXN010019,2026-08-03 15:43:55,ACC0570,ACC0533,463284.44,INR,IMPS,Kochi,branch,DEV0101
TXN002704,2026-08-03 15:43:58,ACC0400,ACC0294,665.61,INR,IMPS,Chennai,web,DEV0282
TXN010020,2026-08-03 15:45:17,ACC0533,ACC0564,456735.21,INR,IMPS,Hyderabad,web,DEV0694
TXN002197,2026-08-03 15:45:53,ACC0382,ACC0023,6187.49,INR,UPI,Chennai,web,DEV0411
TXN009612,2026-08-03 15:50:28,ACC0290,ACC0300,733.24,INR,NEFT,Kochi,atm,DEV0166
TXN009032,2026-08-03 15:51:12,ACC0168,ACC0464,1664.51,INR,RTGS,Mumbai,branch,DEV0833
TXN004398,2026-08-03 15:52:22,ACC0088,ACC0493,1289.38,INR,UPI,Kochi,web,DEV0819
TXN000623,2026-08-03 15:56:45,ACC0094,ACC0024,648.68,INR,RTGS,Kochi,branch,DEV0350
TXN009188,2026-08-03 16:00:36,ACC0076,ACC0169,1969.04,INR,RTGS,Hyderabad,web,DEV0742
TXN005692,2026-08-03 16:01:28,ACC0191,ACC0481,4512.2,INR,RTGS,Pune,web,DEV0473
TXN008152,2026-08-03 16:02:24,ACC0391,ACC0472,3081.19,INR,NEFT,Kochi,atm,DEV0088
TXN003928,2026-08-03 16:06:15,ACC0092,ACC0474,806.98,INR,IMPS,Kolkata,branch,DEV0658
TXN004738,2026-08-03 16:15:18,ACC0160,ACC0491,4507.0,INR,UPI,Hyderabad,atm,DEV0856
TXN001607,2026-08-03 16:19:24,ACC0417,ACC0498,12193.66,INR,NEFT,Mumbai,mobile,DEV0270
TXN002066,2026-08-03 16:19:54,ACC0126,ACC0180,1201.71,INR,IMPS,Delhi,atm,DEV0834
TXN009790,2026-08-03 16:22:48,ACC0091,ACC0492,6974.39,INR,IMPS,Kolkata,branch,DEV0017
TXN009854,2026-08-03 16:27:37,ACC0085,ACC0482,784.46,INR,NEFT,Bengaluru,branch,DEV0262
TXN000926,2026-08-03 16:27:40,ACC0287,ACC0411,1272.06,INR,UPI,Delhi,branch,DEV0104
TXN002752,2026-08-03 16:27:50,ACC0186,ACC0468,3659.81,INR,RTGS,Mumbai,atm,DEV0300
TXN000321,2026-08-03 16:28:51,ACC0330,ACC0466,1902.88,INR,RTGS,Kochi,branch,DEV0122
TXN006992,2026-08-03 16:29:37,ACC0008,ACC0474,6956.48,INR,IMPS,Chennai,branch,DEV0256
TXN006346,2026-08-03 16:30:44,ACC0035,ACC0289,2530.23,INR,RTGS,Kochi,mobile,DEV0468
TXN003258,2026-08-03 16:32:26,ACC0115,ACC0054,369.26,INR,RTGS,Pune,atm,DEV0506
TXN001960,2026-08-03 16:40:02,ACC0040,ACC0312,1827.03,INR,IMPS,Kolkata,atm,DEV0198
TXN007297,2026-08-03 16:41:46,ACC0409,ACC0486,694.74,INR,IMPS,Kochi,branch,DEV0569
TXN002920,2026-08-03 16:41:53,ACC0420,ACC0481,4655.33,INR,UPI,Kochi,atm,DEV0620
TXN007816,2026-08-03 16:45:04,ACC0152,ACC0491,3821.47,INR,NEFT,Delhi,web,DEV0568
TXN004409,2026-08-03 16:47:23,ACC0171,ACC0484,1187.37,INR,UPI,Chennai,atm,DEV0730
TXN000922,2026-08-03 16:48:23,ACC0129,ACC0498,5778.15,INR,NEFT,Kolkata,mobile,DEV0716
TXN004176,2026-08-03 16:49:25,ACC0277,ACC0017,1088.57,INR,RTGS,Bengaluru,mobile,DEV0121
TXN004481,2026-08-03 16:52:12,ACC0414,ACC0458,2365.11,INR,NEFT,Mumbai,branch,DEV0322
TXN006316,2026-08-03 16:52:31,ACC0166,ACC0023,1162.61,INR,IMPS,Chennai,web,DEV0204
TXN000251,2026-08-03 16:55:18,ACC0265,ACC0206,3459.32,INR,UPI,Kochi,mobile,DEV0378
TXN000301,2026-08-03 16:56:12,ACC0325,ACC0490,1647.14,INR,RTGS,Hyderabad,atm,DEV0056
TXN007725,2026-08-03 16:56:12,ACC0139,ACC0487,369.76,INR,IMPS,Kochi,atm,DEV0592
TXN003142,2026-08-03 16:57:10,ACC0168,ACC0004,1337.92,INR,RTGS,Bengaluru,web,DEV0562
TXN005975,2026-08-03 16:57:31,ACC0083,ACC0477,1801.29,INR,NEFT,Bengaluru,web,DEV0225
TXN006944,2026-08-03 16:59:31,ACC0324,ACC0498,7871.29,INR,UPI,Chennai,web,DEV0513
TXN008252,2026-08-03 17:01:24,ACC0404,ACC0483,1470.58,INR,UPI,Hyderabad,web,DEV0325
TXN004519,2026-08-03 17:03:34,ACC0305,ACC0497,1698.74,INR,IMPS,Delhi,atm,DEV0731
TXN004274,2026-08-03 17:05:31,ACC0004,ACC0453,5908.92,INR,RTGS,Bengaluru,mobile,DEV0126
TXN009089,2026-08-03 17:09:09,ACC0223,ACC0478,240.81,INR,UPI,Chennai,atm,DEV0225
TXN000776,2026-08-03 17:16:16,ACC0066,ACC0217,161.48,INR,RTGS,Kochi,mobile,DEV0261
TXN004203,2026-08-03 17:16:25,ACC0294,ACC0496,986.04,INR,UPI,Pune,web,DEV0444
TXN002904,2026-08-03 17:17:22,ACC0187,ACC0489,1014.5,INR,IMPS,Pune,branch,DEV0633
TXN008769,2026-08-03 17:17:29,ACC0126,ACC0204,944.72,INR,UPI,Pune,web,DEV0509
TXN009977,2026-08-03 17:19:34,ACC0320,ACC0475,817.76,INR,NEFT,Chennai,atm,DEV0555
TXN001712,2026-08-03 17:21:40,ACC0248,ACC0498,227.16,INR,RTGS,Delhi,atm,DEV0466
TXN004483,2026-08-03 17:22:03,ACC0147,ACC0460,134.49,INR,NEFT,Mumbai,mobile,DEV0154
TXN005237,2026-08-03 17:23:37,ACC0067,ACC0017,458.1,INR,RTGS,Bengaluru,mobile,DEV0081
TXN009632,2026-08-03 17:27:16,ACC0074,ACC0494,4566.18,INR,IMPS,Bengaluru,atm,DEV0200
TXN007329,2026-08-03 17:29:11,ACC0072,ACC0476,706.78,INR,UPI,Delhi,web,DEV0705
TXN003041,2026-08-03 17:29:14,ACC0287,ACC0463,7037.02,INR,RTGS,Kochi,web,DEV0108
TXN007386,2026-08-03 17:30:13,ACC0042,ACC0152,18466.67,INR,RTGS,Kochi,atm,DEV0528
TXN006935,2026-08-03 17:34:08,ACC0115,ACC0498,2265.52,INR,RTGS,Pune,web,DEV0300
TXN003487,2026-08-03 17:34:25,ACC0189,ACC0492,3822.99,INR,IMPS,Kochi,mobile,DEV0059
TXN005645,2026-08-03 17:35:31,ACC0369,ACC0485,1652.62,INR,UPI,Pune,web,DEV0242
TXN006189,2026-08-03 17:37:12,ACC0424,ACC0483,884.23,INR,RTGS,Hyderabad,web,DEV0891
TXN002604,2026-08-03 17:41:12,ACC0059,ACC0497,6843.72,INR,NEFT,Mumbai,web,DEV0592
TXN007365,2026-08-03 17:44:14,ACC0073,ACC0484,799.98,INR,IMPS,Kolkata,web,DEV0105
TXN004992,2026-08-03 17:44:24,ACC0395,ACC0405,10226.19,INR,UPI,Mumbai,atm,DEV0548
TXN001913,2026-08-03 17:48:28,ACC0027,ACC0475,1012.46,INR,RTGS,Kochi,web,DEV0696
TXN009952,2026-08-03 17:52:52,ACC0104,ACC0398,1106.59,INR,IMPS,Kolkata,web,DEV0318
TXN004414,2026-08-03 17:56:08,ACC0217,ACC0455,414.05,INR,RTGS,Kolkata,mobile,DEV0393
TXN002464,2026-08-03 17:59:34,ACC0198,ACC0489,960.81,INR,IMPS,Kochi,atm,DEV0242
TXN006632,2026-08-03 17:59:34,ACC0191,ACC0467,19520.69,INR,NEFT,Kochi,mobile,DEV0057
TXN008035,2026-08-03 17:59:35,ACC0445,ACC0452,919.42,INR,UPI,Delhi,branch,DEV0809
TXN006080,2026-08-03 18:01:24,ACC0037,ACC0455,1598.45,INR,RTGS,Kolkata,web,DEV0693
TXN008708,2026-08-03 18:05:38,ACC0407,ACC0478,2737.2,INR,IMPS,Delhi,atm,DEV0199
TXN000176,2026-08-03 18:07:03,ACC0229,ACC0474,486.36,INR,NEFT,Kolkata,atm,DEV0120
TXN008550,2026-08-03 18:08:37,ACC0032,ACC0369,9042.73,INR,UPI,Hyderabad,web,DEV0407
TXN003598,2026-08-03 18:13:23,ACC0410,ACC0452,3814.14,INR,IMPS,Pune,atm,DEV0864
TXN003410,2026-08-03 18:13:28,ACC0134,ACC0478,2121.23,INR,RTGS,Pune,web,DEV0850
TXN001900,2026-08-03 18:14:24,ACC0153,ACC0048,14439.87,INR,RTGS,Chennai,web,DEV0473
TXN001038,2026-08-03 18:18:46,ACC0010,ACC0114,16523.25,INR,RTGS,Kolkata,atm,DEV0488
TXN007762,2026-08-03 18:26:38,ACC0122,ACC0488,9337.29,INR,IMPS,Mumbai,mobile,DEV0496
TXN007880,2026-08-03 18:30:13,ACC0340,ACC0497,1655.46,INR,IMPS,Pune,atm,DEV0618
TXN001610,2026-08-03 18:32:51,ACC0120,ACC0079,1194.87,INR,IMPS,Hyderabad,branch,DEV0308
TXN007874,2026-08-03 18:33:04,ACC0346,ACC0480,220.71,INR,IMPS,Hyderabad,atm,DEV0325
TXN003139,2026-08-03 18:33:17,ACC0345,ACC0463,956.17,INR,IMPS,Chennai,branch,DEV0514
TXN001973,2026-08-03 18:36:21,ACC0033,ACC0498,4543.55,INR,RTGS,Kochi,atm,DEV0418
TXN005433,2026-08-03 18:37:17,ACC0121,ACC0481,4688.05,INR,RTGS,Hyderabad,branch,DEV0016
TXN002617,2026-08-03 18:38:05,ACC0430,ACC0452,317.27,INR,UPI,Kochi,mobile,DEV0709
TXN005376,2026-08-03 18:39:04,ACC0148,ACC0244,4376.57,INR,NEFT,Hyderabad,web,DEV0874
TXN008582,2026-08-03 18:44:43,ACC0440,ACC0128,877.48,INR,NEFT,Hyderabad,atm,DEV0395
TXN007290,2026-08-03 18:48:16,ACC0110,ACC0455,1575.42,INR,UPI,Kochi,web,DEV0673
TXN009158,2026-08-03 18:48:31,ACC0155,ACC0454,1830.21,INR,UPI,Chennai,mobile,DEV0728
TXN001379,2026-08-03 18:48:32,ACC0438,ACC0455,1388.18,INR,RTGS,Mumbai,atm,DEV0513
TXN004412,2026-08-03 18:49:51,ACC0251,ACC0464,1474.54,INR,NEFT,Mumbai,web,DEV0334
TXN005023,2026-08-03 18:51:54,ACC0385,ACC0487,5351.7,INR,IMPS,Mumbai,mobile,DEV0493
TXN004195,2026-08-03 18:53:22,ACC0242,ACC0483,2070.42,INR,RTGS,Mumbai,mobile,DEV0604
TXN008090,2026-08-03 18:53:41,ACC0123,ACC0195,731.97,INR,IMPS,Kolkata,branch,DEV0831
TXN005053,2026-08-03 18:56:48,ACC0226,ACC0453,1084.3,INR,NEFT,Hyderabad,branch,DEV0257
TXN008839,2026-08-03 18:58:43,ACC0239,ACC0459,1987.99,INR,UPI,Delhi,mobile,DEV0506
TXN004363,2026-08-03 19:02:16,ACC0160,ACC0307,4848.13,INR,RTGS,Hyderabad,branch,DEV0886
TXN002372,2026-08-03 19:04:45,ACC0276,ACC0142,241.52,INR,NEFT,Pune,atm,DEV0331
TXN005251,2026-08-03 19:04:45,ACC0169,ACC0127,9625.87,INR,NEFT,Chennai,atm,DEV0842
TXN007195,2026-08-03 19:05:21,ACC0378,ACC0254,639.23,INR,RTGS,Bengaluru,mobile,DEV0210
TXN002101,2026-08-03 19:07:11,ACC0294,ACC0493,4027.78,INR,RTGS,Hyderabad,atm,DEV0091
TXN008259,2026-08-03 19:16:26,ACC0297,ACC0479,4593.6,INR,RTGS,Delhi,atm,DEV0229
TXN004096,2026-08-03 19:17:33,ACC0234,ACC0479,2664.37,INR,NEFT,Kolkata,atm,DEV0550
TXN004061,2026-08-03 19:19:19,ACC0151,ACC0477,291.64,INR,NEFT,Kochi,web,DEV0387
TXN007983,2026-08-03 19:21:21,ACC0020,ACC0344,8195.39,INR,NEFT,Bengaluru,atm,DEV0751
TXN001767,2026-08-03 19:21:55,ACC0150,ACC0466,1158.61,INR,RTGS,Delhi,branch,DEV0356
TXN007062,2026-08-03 19:22:05,ACC0409,ACC0481,640.98,INR,UPI,Mumbai,atm,DEV0643
TXN000048,2026-08-03 19:27:08,ACC0304,ACC0452,3812.44,INR,IMPS,Pune,branch,DEV0217
TXN001040,2026-08-03 19:31:35,ACC0017,ACC0487,4424.51,INR,IMPS,Hyderabad,branch,DEV0463
TXN006880,2026-08-03 19:32:17,ACC0113,ACC0471,3283.81,INR,IMPS,Kochi,mobile,DEV0148
TXN001977,2026-08-03 19:40:27,ACC0067,ACC0329,1801.93,INR,NEFT,Chennai,mobile,DEV0169
TXN005078,2026-08-03 19:41:26,ACC0231,ACC0404,2154.17,INR,UPI,Bengaluru,mobile,DEV0875
TXN004399,2026-08-03 19:42:18,ACC0318,ACC0479,1747.95,INR,IMPS,Hyderabad,web,DEV0031
TXN005644,2026-08-03 19:44:56,ACC0053,ACC0500,6127.69,INR,RTGS,Mumbai,mobile,DEV0736
TXN004726,2026-08-03 19:46:11,ACC0240,ACC0354,1230.79,INR,RTGS,Kolkata,atm,DEV0054
TXN003064,2026-08-03 19:46:40,ACC0101,ACC0479,1485.61,INR,UPI,Kolkata,atm,DEV0725
TXN004833,2026-08-03 19:50:40,ACC0289,ACC0489,1981.41,INR,NEFT,Mumbai,web,DEV0741
TXN001419,2026-08-03 19:53:10,ACC0002,ACC0460,321.77,INR,IMPS,Delhi,mobile,DEV0403
TXN008368,2026-08-03 19:56:28,ACC0377,ACC0475,13348.94,INR,UPI,Bengaluru,web,DEV0444
TXN007804,2026-08-03 20:01:25,ACC0114,ACC0457,543.73,INR,IMPS,Kochi,web,DEV0495
TXN007082,2026-08-03 20:02:19,ACC0077,ACC0466,11303.32,INR,UPI,Pune,branch,DEV0278
TXN009304,2026-08-03 20:02:40,ACC0204,ACC0481,1223.95,INR,IMPS,Bengaluru,atm,DEV0424
TXN004020,2026-08-03 20:02:46,ACC0378,ACC0484,10529.01,INR,UPI,Kolkata,atm,DEV0621
TXN000353,2026-08-03 20:04:57,ACC0101,ACC0491,258.99,INR,UPI,Pune,web,DEV0038
TXN001183,2026-08-03 20:05:00,ACC0382,ACC0096,1094.08,INR,NEFT,Chennai,mobile,DEV0397
TXN004238,2026-08-03 20:05:19,ACC0300,ACC0453,521.98,INR,RTGS,Delhi,mobile,DEV0726
TXN005906,2026-08-03 20:05:27,ACC0329,ACC0485,3662.17,INR,IMPS,Pune,mobile,DEV0200
TXN008196,2026-08-03 20:05:30,ACC0287,ACC0484,917.92,INR,UPI,Kolkata,web,DEV0698
TXN008790,2026-08-03 20:05:50,ACC0166,ACC0438,8386.77,INR,NEFT,Hyderabad,atm,DEV0469
TXN008542,2026-08-03 20:06:57,ACC0372,ACC0456,1182.94,INR,IMPS,Chennai,atm,DEV0269
TXN005980,2026-08-03 20:08:50,ACC0350,ACC0499,832.01,INR,RTGS,Mumbai,branch,DEV0834
TXN000195,2026-08-03 20:09:00,ACC0071,ACC0119,616.62,INR,UPI,Kochi,atm,DEV0017
TXN006274,2026-08-03 20:09:43,ACC0120,ACC0458,926.07,INR,IMPS,Hyderabad,atm,DEV0542
TXN003273,2026-08-03 20:11:59,ACC0371,ACC0468,1745.85,INR,RTGS,Delhi,branch,DEV0247
TXN009232,2026-08-03 20:15:50,ACC0448,ACC0488,2857.3,INR,NEFT,Hyderabad,branch,DEV0341
TXN002988,2026-08-03 20:16:01,ACC0035,ACC0470,1901.23,INR,NEFT,Hyderabad,atm,DEV0065
TXN008665,2026-08-03 20:16:16,ACC0235,ACC0203,1739.26,INR,IMPS,Bengaluru,atm,DEV0638
TXN009840,2026-08-03 20:17:25,ACC0231,ACC0488,1488.45,INR,IMPS,Pune,branch,DEV0645
TXN006313,2026-08-03 20:18:25,ACC0364,ACC0382,793.07,INR,UPI,Bengaluru,web,DEV0830
TXN008539,2026-08-03 20:19:00,ACC0399,ACC0452,3104.6,INR,UPI,Bengaluru,mobile,DEV0858
TXN003711,2026-08-03 20:21:03,ACC0236,ACC0451,2789.1,INR,UPI,Mumbai,mobile,DEV0190
TXN006438,2026-08-03 20:23:19,ACC0062,ACC0019,930.09,INR,NEFT,Hyderabad,branch,DEV0503
TXN010068,2026-08-03 20:23:26,ACC0517,ACC0516,1460800.7,INR,IMPS,Kolkata,atm,DEV0674
TXN002820,2026-08-03 20:26:46,ACC0321,ACC0049,1022.6,INR,IMPS,Kolkata,branch,DEV0171
TXN010069,2026-08-03 20:26:48,ACC0516,ACC0514,1432395.1,INR,IMPS,Delhi,atm,DEV0668
TXN010070,2026-08-03 20:28:37,ACC0514,ACC0522,1410542.9,INR,IMPS,Delhi,web,DEV0798
TXN010071,2026-08-03 20:29:49,ACC0522,ACC0518,1395505.32,INR,IMPS,Chennai,atm,DEV0478
TXN003820,2026-08-03 20:30:48,ACC0123,ACC0470,1748.97,INR,NEFT,Kochi,branch,DEV0613
TXN004092,2026-08-03 20:31:13,ACC0430,ACC0081,1056.65,INR,UPI,Bengaluru,atm,DEV0203
TXN010072,2026-08-03 20:31:36,ACC0518,ACC0561,1328421.2,INR,IMPS,Chennai,mobile,DEV0470
TXN002809,2026-08-03 20:33:33,ACC0283,ACC0321,1766.37,INR,RTGS,Pune,mobile,DEV0728
TXN010021,2026-08-03 20:36:38,ACC0564,ACC0510,477868.63,INR,IMPS,Kochi,web,DEV0554
TXN002639,2026-08-03 20:37:13,ACC0357,ACC0493,1687.34,INR,NEFT,Hyderabad,branch,DEV0807
TXN010022,2026-08-03 20:38:22,ACC0510,ACC0579,459391.34,INR,IMPS,Kochi,atm,DEV0878
TXN001124,2026-08-03 20:38:58,ACC0357,ACC0456,5403.16,INR,IMPS,Delhi,branch,DEV0546
TXN010023,2026-08-03 20:40:44,ACC0579,ACC0570,440189.83,INR,IMPS,Delhi,mobile,DEV0631
TXN002152,2026-08-03 20:41:20,ACC0402,ACC0486,1561.89,INR,UPI,Chennai,web,DEV0136
TXN010024,2026-08-03 20:41:57,ACC0570,ACC0533,418367.96,INR,IMPS,Mumbai,atm,DEV0560
TXN009551,2026-08-03 20:42:53,ACC0183,ACC0490,387.74,INR,NEFT,Pune,mobile,DEV0834
TXN010025,2026-08-03 20:43:19,ACC0533,ACC0564,413812.91,INR,IMPS,Hyderabad,atm,DEV0127
TXN009989,2026-08-03 20:45:14,ACC0145,ACC0309,676.17,INR,IMPS,Kolkata,atm,DEV0402
TXN002711,2026-08-03 20:47:15,ACC0336,ACC0476,498.9,INR,IMPS,Hyderabad,mobile,DEV0716
TXN001551,2026-08-03 20:53:57,ACC0154,ACC0363,192.85,INR,IMPS,Mumbai,atm,DEV0629
TXN009687,2026-08-03 20:54:21,ACC0256,ACC0474,997.01,INR,NEFT,Hyderabad,branch,DEV0216
TXN004837,2026-08-03 20:54:54,ACC0186,ACC0473,545.17,INR,IMPS,Bengaluru,mobile,DEV0072
TXN009182,2026-08-03 20:55:07,ACC0083,ACC0290,1787.88,INR,UPI,Chennai,web,DEV0837
TXN004706,2026-08-03 20:55:35,ACC0207,ACC0052,404.4,INR,UPI,Chennai,atm,DEV0321
TXN002453,2026-08-03 20:56:31,ACC0361,ACC0451,1080.8,INR,IMPS,Mumbai,atm,DEV0283
TXN005397,2026-08-03 20:57:54,ACC0412,ACC0399,779.09,INR,RTGS,Pune,atm,DEV0132
TXN010026,2026-08-04 01:36:38,ACC0564,ACC0510,463532.57,INR,IMPS,Kolkata,mobile,DEV0495
TXN010027,2026-08-04 01:39:31,ACC0510,ACC0579,443878.07,INR,IMPS,Chennai,web,DEV0700
TXN010028,2026-08-04 01:41:52,ACC0579,ACC0570,422526.12,INR,IMPS,Pune,web,DEV0505
TXN010029,2026-08-04 01:45:46,ACC0570,ACC0533,404815.54,INR,IMPS,Chennai,atm,DEV0538
TXN010030,2026-08-04 01:48:18,ACC0533,ACC0564,389202.09,INR,IMPS,Kolkata,branch,DEV0316
TXN008312,2026-08-04 09:00:40,ACC0346,ACC0294,851.63,INR,RTGS,Kolkata,mobile,DEV0405
TXN006123,2026-08-04 09:01:06,ACC0011,ACC0171,1195.64,INR,RTGS,Delhi,atm,DEV0278
TXN006506,2026-08-04 09:03:26,ACC0176,ACC0390,2992.75,INR,RTGS,Pune,mobile,DEV0253
TXN000214,2026-08-04 09:06:16,ACC0170,ACC0221,205.96,INR,NEFT,Kochi,branch,DEV0401
TXN008658,2026-08-04 09:12:40,ACC0354,ACC0029,1091.73,INR,NEFT,Kolkata,branch,DEV0614
TXN000852,2026-08-04 09:13:47,ACC0231,ACC0488,7777.93,INR,NEFT,Pune,web,DEV0357
TXN002733,2026-08-04 09:14:51,ACC0173,ACC0107,622.55,INR,UPI,Chennai,branch,DEV0146
TXN001672,2026-08-04 09:19:14,ACC0136,ACC0492,4808.61,INR,RTGS,Pune,mobile,DEV0034
TXN007373,2026-08-04 09:21:25,ACC0255,ACC0461,188.75,INR,NEFT,Bengaluru,mobile,DEV0430
TXN002255,2026-08-04 09:22:08,ACC0236,ACC0481,2405.59,INR,RTGS,Chennai,atm,DEV0659
TXN007965,2026-08-04 09:23:23,ACC0291,ACC0458,3668.8,INR,NEFT,Kochi,branch,DEV0080
TXN005627,2026-08-04 09:23:37,ACC0074,ACC0249,258.87,INR,UPI,Hyderabad,atm,DEV0726
TXN007781,2026-08-04 09:28:58,ACC0299,ACC0444,3152.1,INR,NEFT,Delhi,atm,DEV0861
TXN008399,2026-08-04 09:30:21,ACC0055,ACC0496,1492.95,INR,NEFT,Pune,atm,DEV0698
TXN005851,2026-08-04 09:37:45,ACC0290,ACC0457,1031.62,INR,RTGS,Chennai,web,DEV0304
TXN008571,2026-08-04 09:39:13,ACC0107,ACC0053,1692.12,INR,UPI,Delhi,branch,DEV0399
TXN007398,2026-08-04 09:39:37,ACC0014,ACC0360,1654.55,INR,IMPS,Delhi,atm,DEV0425
TXN002076,2026-08-04 09:39:42,ACC0281,ACC0480,1123.86,INR,RTGS,Hyderabad,web,DEV0339
TXN000020,2026-08-04 09:41:34,ACC0039,ACC0486,480.95,INR,NEFT,Pune,mobile,DEV0169
TXN004209,2026-08-04 09:42:11,ACC0105,ACC0471,2143.83,INR,NEFT,Kolkata,mobile,DEV0519
TXN000626,2026-08-04 09:44:12,ACC0065,ACC0463,3853.51,INR,NEFT,Bengaluru,atm,DEV0863
TXN007622,2026-08-04 09:44:30,ACC0120,ACC0495,7360.23,INR,IMPS,Kolkata,web,DEV0895
TXN009204,2026-08-04 09:48:05,ACC0300,ACC0474,1495.97,INR,IMPS,Pune,atm,DEV0145
TXN004693,2026-08-04 09:48:30,ACC0262,ACC0497,121.08,INR,NEFT,Delhi,web,DEV0333
TXN007783,2026-08-04 09:49:52,ACC0192,ACC0470,1565.81,INR,RTGS,Chennai,atm,DEV0421
TXN008319,2026-08-04 09:52:03,ACC0163,ACC0458,14481.28,INR,NEFT,Kochi,mobile,DEV0154
TXN009640,2026-08-04 09:52:48,ACC0039,ACC0452,344.13,INR,RTGS,Chennai,web,DEV0337
TXN001205,2026-08-04 09:55:20,ACC0066,ACC0452,1914.45,INR,IMPS,Pune,mobile,DEV0644
TXN007759,2026-08-04 10:08:32,ACC0378,ACC0421,1031.93,INR,UPI,Kochi,web,DEV0878
TXN000845,2026-08-04 10:11:46,ACC0274,ACC0239,1160.89,INR,RTGS,Kolkata,mobile,DEV0325
TXN010105,2026-08-04 10:20:38,ACC0384,ACC0565,220987.66,INR,UPI,Mumbai,branch,DEV0605
TXN000757,2026-08-04 10:21:47,ACC0133,ACC0456,2027.0,INR,UPI,Kolkata,web,DEV0874
TXN004091,2026-08-04 10:22:28,ACC0158,ACC0480,1838.48,INR,UPI,Kolkata,atm,DEV0126
TXN006950,2026-08-04 10:23:37,ACC0222,ACC0438,15204.1,INR,IMPS,Kolkata,branch,DEV0609
TXN002578,2026-08-04 10:24:00,ACC0129,ACC0494,7354.54,INR,UPI,Mumbai,branch,DEV0676
TXN010106,2026-08-04 10:26:38,ACC0091,ACC0565,157366.36,INR,UPI,Kochi,web,DEV0538
TXN008367,2026-08-04 10:27:10,ACC0040,ACC0460,6151.66,INR,IMPS,Delhi,mobile,DEV0426
TXN010107,2026-08-04 10:30:38,ACC0143,ACC0565,282730.11,INR,UPI,Hyderabad,atm,DEV0535
TXN000366,2026-08-04 10:30:42,ACC0402,ACC0499,281.67,INR,UPI,Pune,atm,DEV0380
TXN007032,2026-08-04 10:32:13,ACC0244,ACC0459,3303.12,INR,IMPS,Mumbai,atm,DEV0321
TXN003966,2026-08-04 10:33:06,ACC0309,ACC0333,2659.35,INR,NEFT,Kochi,branch,DEV0671
TXN006486,2026-08-04 10:33:45,ACC0393,ACC0379,1002.85,INR,RTGS,Kolkata,mobile,DEV0343
TXN005631,2026-08-04 10:33:47,ACC0385,ACC0500,2254.41,INR,NEFT,Hyderabad,branch,DEV0038
TXN007245,2026-08-04 10:34:39,ACC0249,ACC0467,3093.17,INR,RTGS,Mumbai,atm,DEV0578
TXN010108,2026-08-04 10:38:38,ACC0565,ACC0554,600000.0,INR,IMPS,Hyderabad,mobile,DEV0026
TXN000018,2026-08-04 10:42:27,ACC0243,ACC0098,1025.68,INR,UPI,Mumbai,mobile,DEV0413
TXN005312,2026-08-04 10:43:02,ACC0039,ACC0285,574.98,INR,NEFT,Chennai,mobile,DEV0457
TXN002831,2026-08-04 10:43:21,ACC0449,ACC0451,633.55,INR,RTGS,Kochi,web,DEV0641
TXN004590,2026-08-04 10:44:40,ACC0044,ACC0486,1341.67,INR,NEFT,Chennai,branch,DEV0002
TXN010109,2026-08-04 10:44:44,ACC0554,ACC0546,572798.46,INR,IMPS,Delhi,atm,DEV0085
TXN004021,2026-08-04 10:47:32,ACC0328,ACC0459,1454.83,INR,UPI,Chennai,branch,DEV0263
TXN002696,2026-08-04 10:47:49,ACC0263,ACC0483,187.14,INR,IMPS,Kochi,web,DEV0558
TXN010110,2026-08-04 10:48:42,ACC0546,ACC0544,533021.03,INR,IMPS,Pune,atm,DEV0431
TXN000637,2026-08-04 10:50:39,ACC0235,ACC0387,7053.2,INR,UPI,Chennai,mobile,DEV0172
TXN008816,2026-08-04 10:52:02,ACC0376,ACC0470,106.16,INR,IMPS,Chennai,atm,DEV0799
TXN005735,2026-08-04 10:55:33,ACC0423,ACC0500,2121.62,INR,IMPS,Pune,atm,DEV0047
TXN007429,2026-08-04 10:56:37,ACC0171,ACC0493,1042.71,INR,RTGS,Mumbai,web,DEV0503
TXN000029,2026-08-04 10:56:44,ACC0362,ACC0451,8755.54,INR,IMPS,Delhi,atm,DEV0131
TXN006420,2026-08-04 11:00:24,ACC0312,ACC0415,2819.95,INR,RTGS,Hyderabad,mobile,DEV0349
TXN006074,2026-08-04 11:00:53,ACC0127,ACC0478,814.24,INR,RTGS,Kochi,atm,DEV0494
TXN003639,2026-08-04 11:01:45,ACC0384,ACC0469,1145.47,INR,NEFT,Bengaluru,web,DEV0485
TXN002677,2026-08-04 11:01:49,ACC0420,ACC0500,2602.14,INR,UPI,Bengaluru,mobile,DEV0095
TXN002603,2026-08-04 11:02:03,ACC0035,ACC0348,492.35,INR,RTGS,Pune,atm,DEV0168
TXN008278,2026-08-04 11:03:15,ACC0045,ACC0164,6825.75,INR,NEFT,Pune,branch,DEV0770
TXN001239,2026-08-04 11:08:08,ACC0359,ACC0060,2019.91,INR,IMPS,Pune,mobile,DEV0726
TXN008862,2026-08-04 11:09:27,ACC0138,ACC0491,833.93,INR,UPI,Chennai,mobile,DEV0617
TXN005798,2026-08-04 11:12:56,ACC0106,ACC0492,1019.84,INR,NEFT,Bengaluru,atm,DEV0048
TXN006560,2026-08-04 11:14:10,ACC0356,ACC0452,3452.62,INR,UPI,Mumbai,web,DEV0827
TXN004990,2026-08-04 11:15:51,ACC0188,ACC0459,6536.11,INR,UPI,Kolkata,atm,DEV0730
TXN004978,2026-08-04 11:16:03,ACC0256,ACC0465,967.38,INR,RTGS,Bengaluru,atm,DEV0151
TXN004298,2026-08-04 11:17:00,ACC0085,ACC0459,1141.17,INR,RTGS,Pune,branch,DEV0737
TXN000865,2026-08-04 11:18:16,ACC0236,ACC0063,1608.4,INR,NEFT,Pune,mobile,DEV0503
TXN009107,2026-08-04 11:20:38,ACC0234,ACC0474,2206.41,INR,IMPS,Mumbai,atm,DEV0236
TXN005809,2026-08-04 11:22:28,ACC0009,ACC0485,4943.87,INR,NEFT,Delhi,web,DEV0272
TXN001466,2026-08-04 11:25:03,ACC0304,ACC0489,4178.43,INR,UPI,Bengaluru,web,DEV0121
TXN009685,2026-08-04 11:25:34,ACC0052,ACC0498,615.29,INR,NEFT,Delhi,web,DEV0695
TXN004937,2026-08-04 11:26:21,ACC0350,ACC0476,263.14,INR,RTGS,Kolkata,branch,DEV0518
TXN003455,2026-08-04 11:28:25,ACC0444,ACC0477,2258.01,INR,NEFT,Delhi,branch,DEV0511
TXN004260,2026-08-04 11:31:18,ACC0273,ACC0462,1377.6,INR,NEFT,Bengaluru,branch,DEV0374
TXN003685,2026-08-04 11:32:08,ACC0195,ACC0459,1222.28,INR,RTGS,Chennai,web,DEV0292
TXN009657,2026-08-04 11:34:20,ACC0071,ACC0193,881.25,INR,NEFT,Chennai,mobile,DEV0576
TXN006396,2026-08-04 11:34:44,ACC0111,ACC0493,105.36,INR,NEFT,Kochi,mobile,DEV0247
TXN004325,2026-08-04 11:37:51,ACC0441,ACC0462,1547.82,INR,UPI,Mumbai,web,DEV0611
TXN008924,2026-08-04 11:40:26,ACC0046,ACC0489,3560.25,INR,UPI,Mumbai,web,DEV0537
TXN009652,2026-08-04 11:42:18,ACC0250,ACC0471,8658.83,INR,IMPS,Bengaluru,web,DEV0674
TXN003558,2026-08-04 11:42:57,ACC0041,ACC0483,684.79,INR,IMPS,Chennai,mobile,DEV0377
TXN007177,2026-08-04 11:44:07,ACC0233,ACC0474,191.77,INR,UPI,Chennai,atm,DEV0040
TXN009579,2026-08-04 11:44:22,ACC0146,ACC0134,421.34,INR,UPI,Kochi,mobile,DEV0506
TXN003955,2026-08-04 11:49:13,ACC0174,ACC0486,1252.95,INR,NEFT,Hyderabad,branch,DEV0804
TXN008036,2026-08-04 11:49:54,ACC0079,ACC0465,1936.61,INR,UPI,Bengaluru,mobile,DEV0246
TXN008547,2026-08-04 11:53:09,ACC0280,ACC0493,5332.53,INR,RTGS,Kolkata,atm,DEV0694
TXN001727,2026-08-04 12:00:35,ACC0427,ACC0484,8671.39,INR,NEFT,Chennai,branch,DEV0495
TXN009892,2026-08-04 12:04:14,ACC0250,ACC0491,1533.48,INR,NEFT,Kolkata,atm,DEV0759
TXN008067,2026-08-04 12:08:05,ACC0224,ACC0464,2928.37,INR,NEFT,Hyderabad,atm,DEV0137
TXN007723,2026-08-04 12:08:41,ACC0279,ACC0244,1703.23,INR,NEFT,Chennai,mobile,DEV0380
TXN007056,2026-08-04 12:09:19,ACC0384,ACC0468,206.86,INR,NEFT,Bengaluru,atm,DEV0326
TXN008607,2026-08-04 12:20:41,ACC0231,ACC0493,269.99,INR,NEFT,Kochi,branch,DEV0393
TXN009858,2026-08-04 12:25:49,ACC0203,ACC0454,3825.18,INR,RTGS,Kolkata,branch,DEV0118
TXN004216,2026-08-04 12:26:29,ACC0112,ACC0223,18013.81,INR,UPI,Pune,mobile,DEV0440
TXN004296,2026-08-04 12:26:32,ACC0126,ACC0267,766.28,INR,UPI,Kolkata,web,DEV0628
TXN000639,2026-08-04 12:28:26,ACC0187,ACC0459,5433.89,INR,IMPS,Delhi,mobile,DEV0273
TXN008907,2026-08-04 12:32:25,ACC0369,ACC0500,2996.22,INR,NEFT,Bengaluru,branch,DEV0567
TXN003667,2026-08-04 12:33:10,ACC0161,ACC0134,352.37,INR,NEFT,Pune,web,DEV0243
TXN007936,2026-08-04 12:35:47,ACC0398,ACC0084,1085.66,INR,UPI,Kochi,mobile,DEV0260
TXN007943,2026-08-04 12:36:01,ACC0209,ACC0341,8763.76,INR,UPI,Kolkata,branch,DEV0157
TXN008357,2026-08-04 12:40:07,ACC0200,ACC0070,14077.51,INR,UPI,Chennai,atm,DEV0120
TXN007538,2026-08-04 12:40:44,ACC0311,ACC0480,1426.79,INR,IMPS,Hyderabad,mobile,DEV0533
TXN003513,2026-08-04 12:41:43,ACC0110,ACC0492,822.57,INR,NEFT,Mumbai,mobile,DEV0509
TXN004128,2026-08-04 12:45:54,ACC0030,ACC0284,2508.28,INR,UPI,Chennai,mobile,DEV0283
TXN001437,2026-08-04 12:51:27,ACC0215,ACC0484,1414.31,INR,UPI,Hyderabad,web,DEV0714
TXN007957,2026-08-04 12:52:15,ACC0374,ACC0494,5677.0,INR,UPI,Mumbai,mobile,DEV0582
TXN006022,2026-08-04 12:52:44,ACC0077,ACC0455,1673.28,INR,UPI,Pune,atm,DEV0886
TXN005033,2026-08-04 12:54:33,ACC0405,ACC0456,5406.01,INR,UPI,Kolkata,atm,DEV0106
TXN004494,2026-08-04 12:54:50,ACC0099,ACC0283,483.29,INR,NEFT,Mumbai,branch,DEV0379
TXN006470,2026-08-04 12:58:31,ACC0341,ACC0482,1246.46,INR,NEFT,Pune,branch,DEV0023
TXN008311,2026-08-04 13:03:15,ACC0212,ACC0491,598.34,INR,UPI,Delhi,web,DEV0360
TXN007581,2026-08-04 13:04:01,ACC0338,ACC0272,1924.57,INR,RTGS,Kolkata,web,DEV0753
TXN005866,2026-08-04 13:04:27,ACC0089,ACC0482,3209.13,INR,IMPS,Kochi,mobile,DEV0056
TXN005338,2026-08-04 13:05:17,ACC0247,ACC0483,753.1,INR,IMPS,Kochi,branch,DEV0726
TXN005687,2026-08-04 13:07:16,ACC0048,ACC0474,1007.92,INR,UPI,Kochi,branch,DEV0770
TXN004538,2026-08-04 13:08:59,ACC0285,ACC0467,2467.16,INR,NEFT,Mumbai,branch,DEV0271
TXN000034,2026-08-04 13:11:37,ACC0432,ACC0452,5368.43,INR,UPI,Pune,branch,DEV0747
TXN002236,2026-08-04 13:13:21,ACC0337,ACC0486,943.05,INR,RTGS,Hyderabad,web,DEV0845
TXN006806,2026-08-04 13:15:35,ACC0261,ACC0481,717.06,INR,UPI,Bengaluru,web,DEV0349
TXN000788,2026-08-04 13:19:30,ACC0277,ACC0440,997.17,INR,RTGS,Bengaluru,branch,DEV0659
TXN009807,2026-08-04 13:22:04,ACC0015,ACC0460,3232.01,INR,NEFT,Kolkata,web,DEV0015
TXN006518,2026-08-04 13:22:35,ACC0345,ACC0474,5362.34,INR,UPI,Mumbai,web,DEV0600
TXN007734,2026-08-04 13:22:53,ACC0197,ACC0474,800.9,INR,UPI,Delhi,branch,DEV0760
TXN009570,2026-08-04 13:23:38,ACC0078,ACC0481,23280.4,INR,NEFT,Delhi,web,DEV0470
TXN007055,2026-08-04 13:26:55,ACC0269,ACC0087,886.97,INR,RTGS,Hyderabad,web,DEV0176
TXN002298,2026-08-04 13:31:22,ACC0314,ACC0146,464.27,INR,UPI,Bengaluru,atm,DEV0040
TXN004270,2026-08-04 13:32:29,ACC0125,ACC0497,78.63,INR,UPI,Kolkata,mobile,DEV0135
TXN007946,2026-08-04 13:33:07,ACC0029,ACC0271,3931.67,INR,IMPS,Chennai,branch,DEV0703
TXN007011,2026-08-04 13:36:40,ACC0254,ACC0473,4298.11,INR,IMPS,Chennai,mobile,DEV0157
TXN008971,2026-08-04 13:42:54,ACC0273,ACC0422,4665.05,INR,NEFT,Bengaluru,mobile,DEV0688
TXN002159,2026-08-04 13:42:55,ACC0269,ACC0457,384.59,INR,IMPS,Delhi,atm,DEV0403
TXN007314,2026-08-04 13:44:43,ACC0426,ACC0487,9490.15,INR,IMPS,Bengaluru,branch,DEV0739
TXN003157,2026-08-04 13:44:56,ACC0126,ACC0454,541.07,INR,NEFT,Hyderabad,branch,DEV0182
TXN007372,2026-08-04 13:46:29,ACC0106,ACC0489,9013.43,INR,NEFT,Kolkata,atm,DEV0234
TXN009800,2026-08-04 13:47:08,ACC0324,ACC0473,10601.48,INR,NEFT,Bengaluru,web,DEV0496
TXN009862,2026-08-04 13:52:06,ACC0401,ACC0462,623.82,INR,NEFT,Kolkata,atm,DEV0125
TXN005365,2026-08-04 13:52:34,ACC0143,ACC0480,7254.88,INR,UPI,Kolkata,branch,DEV0354
TXN005506,2026-08-04 13:55:00,ACC0248,ACC0458,364.77,INR,RTGS,Chennai,atm,DEV0360
TXN004371,2026-08-04 13:56:05,ACC0345,ACC0451,4424.82,INR,RTGS,Delhi,web,DEV0071
TXN001502,2026-08-04 13:57:50,ACC0302,ACC0496,256.35,INR,UPI,Kolkata,atm,DEV0046
TXN009053,2026-08-04 13:58:50,ACC0267,ACC0468,1149.09,INR,RTGS,Chennai,branch,DEV0371
TXN007661,2026-08-04 13:59:36,ACC0223,ACC0494,403.39,INR,RTGS,Chennai,mobile,DEV0373
TXN000613,2026-08-04 14:01:18,ACC0127,ACC0347,4776.02,INR,RTGS,Kolkata,mobile,DEV0858
TXN002455,2026-08-04 14:10:25,ACC0333,ACC0400,3627.23,INR,IMPS,Hyderabad,web,DEV0846
TXN003621,2026-08-04 14:10:28,ACC0326,ACC0460,2685.1,INR,NEFT,Pune,atm,DEV0288
TXN009290,2026-08-04 14:13:02,ACC0337,ACC0117,293.04,INR,NEFT,Bengaluru,mobile,DEV0828
TXN004695,2026-08-04 14:17:07,ACC0121,ACC0453,1490.91,INR,RTGS,Pune,atm,DEV0081
TXN009539,2026-08-04 14:20:54,ACC0215,ACC0104,17405.84,INR,NEFT,Chennai,branch,DEV0080
TXN005989,2026-08-04 14:21:26,ACC0250,ACC0479,648.71,INR,RTGS,Hyderabad,web,DEV0157
TXN004616,2026-08-04 14:29:49,ACC0203,ACC0480,3047.61,INR,UPI,Mumbai,web,DEV0040
TXN007726,2026-08-04 14:30:16,ACC0252,ACC0144,936.01,INR,UPI,Kolkata,atm,DEV0430
TXN005684,2026-08-04 14:32:01,ACC0312,ACC0480,1689.13,INR,UPI,Mumbai,mobile,DEV0858
TXN002180,2026-08-04 14:33:59,ACC0360,ACC0456,1731.45,INR,UPI,Kochi,atm,DEV0450
TXN006355,2026-08-04 14:35:16,ACC0226,ACC0222,3662.27,INR,UPI,Mumbai,atm,DEV0710
TXN008642,2026-08-04 14:36:22,ACC0373,ACC0487,296.94,INR,UPI,Pune,web,DEV0467
TXN007763,2026-08-04 14:38:07,ACC0423,ACC0452,1046.32,INR,IMPS,Hyderabad,web,DEV0645
TXN006459,2026-08-04 14:40:01,ACC0444,ACC0473,2669.78,INR,UPI,Mumbai,atm,DEV0776
TXN004539,2026-08-04 14:41:02,ACC0164,ACC0481,989.3,INR,RTGS,Kochi,atm,DEV0506
TXN004858,2026-08-04 14:41:51,ACC0329,ACC0470,3039.76,INR,IMPS,Delhi,atm,DEV0390
TXN008671,2026-08-04 14:42:23,ACC0278,ACC0453,667.12,INR,IMPS,Mumbai,web,DEV0202
TXN005015,2026-08-04 14:44:34,ACC0308,ACC0472,178.4,INR,NEFT,Chennai,branch,DEV0499
TXN009666,2026-08-04 14:46:40,ACC0341,ACC0456,2777.12,INR,NEFT,Kochi,branch,DEV0752
TXN003981,2026-08-04 14:46:46,ACC0416,ACC0460,4316.69,INR,NEFT,Kolkata,mobile,DEV0487
TXN004285,2026-08-04 14:49:30,ACC0363,ACC0299,771.27,INR,IMPS,Bengaluru,branch,DEV0651
TXN002570,2026-08-04 14:53:10,ACC0375,ACC0100,3061.14,INR,NEFT,Delhi,web,DEV0677
TXN003717,2026-08-04 14:55:03,ACC0295,ACC0194,1236.14,INR,UPI,Pune,atm,DEV0125
TXN006448,2026-08-04 14:55:40,ACC0134,ACC0484,1372.0,INR,IMPS,Mumbai,branch,DEV0063
TXN006307,2026-08-04 14:57:41,ACC0113,ACC0025,8884.36,INR,UPI,Mumbai,branch,DEV0282
TXN001796,2026-08-04 14:59:34,ACC0055,ACC0493,4316.56,INR,NEFT,Pune,atm,DEV0776
TXN002451,2026-08-04 15:00:15,ACC0296,ACC0470,808.38,INR,UPI,Kochi,mobile,DEV0020
TXN009860,2026-08-04 15:00:36,ACC0115,ACC0494,1551.9,INR,UPI,Kolkata,mobile,DEV0076
TXN007820,2026-08-04 15:01:56,ACC0335,ACC0500,384.09,INR,NEFT,Kochi,mobile,DEV0359
TXN002642,2026-08-04 15:02:08,ACC0016,ACC0119,3321.15,INR,IMPS,Bengaluru,web,DEV0055
TXN002058,2026-08-04 15:04:28,ACC0250,ACC0490,760.98,INR,UPI,Pune,mobile,DEV0662
TXN008565,2026-08-04 15:07:22,ACC0165,ACC0463,5996.95,INR,UPI,Delhi,web,DEV0213
TXN005599,2026-08-04 15:09:39,ACC0362,ACC0464,175.78,INR,RTGS,Delhi,mobile,DEV0874
TXN000801,2026-08-04 15:11:16,ACC0147,ACC0489,6181.79,INR,IMPS,Mumbai,mobile,DEV0686
TXN003306,2026-08-04 15:12:25,ACC0027,ACC0498,1539.04,INR,IMPS,Delhi,branch,DEV0855
TXN006844,2026-08-04 15:15:06,ACC0260,ACC0468,1763.87,INR,RTGS,Kolkata,mobile,DEV0783
TXN000957,2026-08-04 15:16:48,ACC0449,ACC0461,7143.7,INR,UPI,Delhi,mobile,DEV0854
TXN003766,2026-08-04 15:22:08,ACC0112,ACC0467,3746.02,INR,RTGS,Mumbai,mobile,DEV0010
TXN001904,2026-08-04 15:22:17,ACC0071,ACC0367,4719.83,INR,NEFT,Kochi,web,DEV0476
TXN003675,2026-08-04 15:25:23,ACC0397,ACC0081,1894.68,INR,RTGS,Chennai,atm,DEV0770
TXN000322,2026-08-04 15:26:02,ACC0255,ACC0010,232.64,INR,IMPS,Bengaluru,atm,DEV0350
TXN004804,2026-08-04 15:26:10,ACC0072,ACC0236,2514.02,INR,RTGS,Chennai,mobile,DEV0473
TXN008403,2026-08-04 15:27:12,ACC0118,ACC0473,5000.71,INR,NEFT,Hyderabad,mobile,DEV0199
TXN007611,2026-08-04 15:30:12,ACC0163,ACC0060,478.34,INR,RTGS,Pune,web,DEV0870
TXN002657,2026-08-04 15:30:35,ACC0333,ACC0457,7686.69,INR,IMPS,Pune,branch,DEV0410
TXN009370,2026-08-04 15:30:47,ACC0143,ACC0492,236.54,INR,UPI,Bengaluru,branch,DEV0040
TXN008462,2026-08-04 15:32:49,ACC0202,ACC0058,814.4,INR,NEFT,Pune,mobile,DEV0660
TXN007987,2026-08-04 15:32:57,ACC0393,ACC0036,1870.79,INR,UPI,Delhi,branch,DEV0600
TXN002353,2026-08-04 15:34:09,ACC0341,ACC0498,1195.23,INR,NEFT,Delhi,mobile,DEV0649
TXN008745,2026-08-04 15:36:21,ACC0279,ACC0457,4941.65,INR,NEFT,Delhi,web,DEV0057
TXN005548,2026-08-04 15:44:28,ACC0411,ACC0375,5640.2,INR,UPI,Pune,branch,DEV0681
TXN006658,2026-08-04 15:46:34,ACC0295,ACC0478,4791.69,INR,NEFT,Kochi,branch,DEV0018
TXN009460,2026-08-04 15:46:44,ACC0112,ACC0458,2533.77,INR,NEFT,Kochi,mobile,DEV0579
TXN002566,2026-08-04 15:49:36,ACC0170,ACC0295,18233.38,INR,NEFT,Mumbai,atm,DEV0861
TXN003445,2026-08-04 15:49:43,ACC0195,ACC0493,3258.51,INR,RTGS,Mumbai,web,DEV0664
TXN008837,2026-08-04 15:49:47,ACC0137,ACC0026,2050.25,INR,RTGS,Delhi,atm,DEV0318
TXN003715,2026-08-04 15:53:21,ACC0012,ACC0429,1065.99,INR,UPI,Kolkata,web,DEV0795
TXN006124,2026-08-04 15:57:29,ACC0447,ACC0479,1184.25,INR,UPI,Kolkata,web,DEV0782
TXN006614,2026-08-04 16:02:49,ACC0373,ACC0487,1660.12,INR,IMPS,Kochi,branch,DEV0218
TXN004771,2026-08-04 16:06:50,ACC0120,ACC0485,101.54,INR,IMPS,Delhi,branch,DEV0391
TXN002219,2026-08-04 16:06:57,ACC0038,ACC0149,6489.54,INR,RTGS,Bengaluru,mobile,DEV0843
TXN003385,2026-08-04 16:07:37,ACC0023,ACC0177,1262.96,INR,UPI,Delhi,web,DEV0886
TXN007413,2026-08-04 16:11:10,ACC0133,ACC0455,2679.31,INR,RTGS,Kolkata,mobile,DEV0593
TXN002471,2026-08-04 16:11:52,ACC0239,ACC0496,685.49,INR,UPI,Hyderabad,atm,DEV0888
TXN007648,2026-08-04 16:15:48,ACC0336,ACC0458,1448.65,INR,IMPS,Kolkata,atm,DEV0877
TXN009160,2026-08-04 16:18:31,ACC0285,ACC0492,1295.81,INR,NEFT,Bengaluru,atm,DEV0454
TXN009207,2026-08-04 16:19:00,ACC0195,ACC0453,3337.45,INR,RTGS,Delhi,web,DEV0256
TXN006058,2026-08-04 16:19:20,ACC0028,ACC0485,1128.84,INR,RTGS,Kolkata,web,DEV0508
TXN003107,2026-08-04 16:20:31,ACC0211,ACC0171,23201.84,INR,IMPS,Mumbai,atm,DEV0406
TXN001884,2026-08-04 16:23:14,ACC0229,ACC0465,2648.29,INR,RTGS,Hyderabad,atm,DEV0327
TXN003700,2026-08-04 16:24:23,ACC0316,ACC0384,2179.98,INR,UPI,Chennai,mobile,DEV0176
TXN001256,2026-08-04 16:27:24,ACC0322,ACC0305,1085.84,INR,UPI,Kolkata,mobile,DEV0043
TXN006534,2026-08-04 16:27:53,ACC0302,ACC0460,545.68,INR,NEFT,Hyderabad,atm,DEV0852
TXN006387,2026-08-04 16:29:01,ACC0216,ACC0024,11275.59,INR,UPI,Kolkata,web,DEV0202
TXN006413,2026-08-04 16:32:26,ACC0254,ACC0469,2353.17,INR,NEFT,Pune,web,DEV0585
TXN008046,2026-08-04 16:34:08,ACC0247,ACC0451,12995.83,INR,NEFT,Pune,branch,DEV0085
TXN007540,2026-08-04 16:36:13,ACC0288,ACC0161,7144.47,INR,RTGS,Hyderabad,atm,DEV0011
TXN002506,2026-08-04 16:36:36,ACC0355,ACC0143,7215.17,INR,IMPS,Pune,atm,DEV0157
TXN004715,2026-08-04 16:40:39,ACC0233,ACC0134,531.62,INR,UPI,Chennai,mobile,DEV0029
TXN005417,2026-08-04 16:41:09,ACC0046,ACC0475,238.21,INR,NEFT,Hyderabad,branch,DEV0751
TXN005746,2026-08-04 16:41:56,ACC0338,ACC0475,1763.67,INR,IMPS,Mumbai,atm,DEV0225
TXN006625,2026-08-04 16:43:08,ACC0286,ACC0459,2600.35,INR,UPI,Pune,atm,DEV0433
TXN002934,2026-08-04 16:46:31,ACC0062,ACC0497,724.13,INR,IMPS,Kochi,atm,DEV0622
TXN002636,2026-08-04 16:46:35,ACC0090,ACC0480,408.32,INR,RTGS,Delhi,atm,DEV0345
TXN001396,2026-08-04 16:48:26,ACC0243,ACC0491,1057.2,INR,IMPS,Bengaluru,web,DEV0334
TXN003348,2026-08-04 16:48:59,ACC0070,ACC0264,1984.43,INR,UPI,Chennai,branch,DEV0528
TXN003779,2026-08-04 16:49:22,ACC0381,ACC0489,1951.55,INR,RTGS,Kochi,branch,DEV0822
TXN007333,2026-08-04 16:49:29,ACC0208,ACC0057,713.1,INR,RTGS,Bengaluru,mobile,DEV0116
TXN004132,2026-08-04 16:51:27,ACC0171,ACC0467,6412.6,INR,NEFT,Delhi,branch,DEV0769
TXN000688,2026-08-04 16:56:50,ACC0154,ACC0461,7607.93,INR,UPI,Bengaluru,web,DEV0478
TXN002877,2026-08-04 16:58:59,ACC0356,ACC0468,2147.18,INR,IMPS,Hyderabad,branch,DEV0345
TXN003303,2026-08-04 17:00:12,ACC0054,ACC0486,1216.86,INR,NEFT,Kolkata,web,DEV0810
TXN004796,2026-08-04 17:01:28,ACC0051,ACC0436,1008.33,INR,RTGS,Pune,mobile,DEV0063
TXN005392,2026-08-04 17:05:06,ACC0111,ACC0453,5336.24,INR,NEFT,Delhi,mobile,DEV0687
TXN003586,2026-08-04 17:09:35,ACC0135,ACC0455,1368.71,INR,UPI,Hyderabad,atm,DEV0366
TXN006372,2026-08-04 17:11:06,ACC0274,ACC0207,542.17,INR,IMPS,Kochi,branch,DEV0159
TXN001895,2026-08-04 17:11:22,ACC0446,ACC0499,5924.37,INR,RTGS,Delhi,branch,DEV0458
TXN003363,2026-08-04 17:13:39,ACC0175,ACC0467,7522.19,INR,IMPS,Kolkata,atm,DEV0856
TXN007631,2026-08-04 17:17:36,ACC0018,ACC0065,501.77,INR,UPI,Pune,branch,DEV0861
TXN002189,2026-08-04 17:18:08,ACC0383,ACC0060,537.32,INR,RTGS,Pune,web,DEV0002
TXN009066,2026-08-04 17:18:17,ACC0110,ACC0457,733.96,INR,IMPS,Kolkata,mobile,DEV0524
TXN009947,2026-08-04 17:20:24,ACC0123,ACC0215,2600.16,INR,UPI,Mumbai,atm,DEV0102
TXN000655,2026-08-04 17:22:04,ACC0420,ACC0002,5432.73,INR,IMPS,Kochi,branch,DEV0801
TXN003274,2026-08-04 17:23:17,ACC0351,ACC0497,1081.61,INR,NEFT,Kolkata,web,DEV0088
TXN002927,2026-08-04 17:27:32,ACC0379,ACC0034,1449.31,INR,UPI,Hyderabad,mobile,DEV0835
TXN002430,2026-08-04 17:29:48,ACC0230,ACC0467,5205.15,INR,RTGS,Chennai,mobile,DEV0398
TXN008792,2026-08-04 17:31:25,ACC0290,ACC0279,14778.79,INR,UPI,Mumbai,branch,DEV0269
TXN007021,2026-08-04 17:32:08,ACC0138,ACC0496,1184.28,INR,UPI,Hyderabad,mobile,DEV0720
TXN004287,2026-08-04 17:33:05,ACC0271,ACC0451,3380.61,INR,UPI,Mumbai,web,DEV0240
TXN008721,2026-08-04 17:40:34,ACC0159,ACC0460,809.91,INR,UPI,Pune,branch,DEV0785
TXN004560,2026-08-04 17:41:35,ACC0439,ACC0487,674.6,INR,RTGS,Pune,mobile,DEV0266
TXN001316,2026-08-04 17:49:51,ACC0200,ACC0222,1311.45,INR,RTGS,Mumbai,web,DEV0855
TXN008266,2026-08-04 17:50:05,ACC0100,ACC0468,2613.54,INR,RTGS,Chennai,mobile,DEV0506
TXN005519,2026-08-04 17:51:44,ACC0120,ACC0497,4300.16,INR,NEFT,Kolkata,branch,DEV0484
TXN004418,2026-08-04 17:54:56,ACC0363,ACC0460,6060.58,INR,NEFT,Mumbai,web,DEV0338
TXN006931,2026-08-04 17:55:44,ACC0129,ACC0479,2963.23,INR,IMPS,Delhi,branch,DEV0268
TXN001065,2026-08-04 17:56:50,ACC0390,ACC0480,349.21,INR,RTGS,Mumbai,atm,DEV0203
TXN006119,2026-08-04 17:57:01,ACC0374,ACC0459,3928.32,INR,NEFT,Mumbai,atm,DEV0620
TXN006611,2026-08-04 17:58:32,ACC0071,ACC0472,510.34,INR,IMPS,Bengaluru,branch,DEV0837
TXN006240,2026-08-04 17:59:37,ACC0400,ACC0480,4528.55,INR,IMPS,Pune,web,DEV0514
TXN001735,2026-08-04 18:00:21,ACC0394,ACC0462,2427.94,INR,UPI,Hyderabad,atm,DEV0315
TXN002679,2026-08-04 18:06:43,ACC0415,ACC0463,2318.24,INR,NEFT,Mumbai,web,DEV0197
TXN008344,2026-08-04 18:10:02,ACC0148,ACC0475,2565.4,INR,UPI,Bengaluru,atm,DEV0702
TXN006493,2026-08-04 18:11:03,ACC0450,ACC0498,1175.28,INR,IMPS,Kolkata,branch,DEV0680
TXN004918,2026-08-04 18:12:12,ACC0364,ACC0498,1099.54,INR,IMPS,Hyderabad,web,DEV0499
TXN000211,2026-08-04 18:12:37,ACC0419,ACC0187,109.04,INR,UPI,Pune,atm,DEV0143
TXN001782,2026-08-04 18:13:10,ACC0303,ACC0140,549.21,INR,UPI,Chennai,atm,DEV0732
TXN002114,2026-08-04 18:18:10,ACC0057,ACC0475,937.04,INR,IMPS,Hyderabad,mobile,DEV0078
TXN008099,2026-08-04 18:23:53,ACC0266,ACC0465,1956.41,INR,RTGS,Chennai,atm,DEV0185
TXN009636,2026-08-04 18:26:03,ACC0095,ACC0292,2585.14,INR,UPI,Hyderabad,branch,DEV0622
TXN009249,2026-08-04 18:29:10,ACC0171,ACC0050,1367.62,INR,NEFT,Kochi,web,DEV0015
TXN009569,2026-08-04 18:29:45,ACC0064,ACC0467,857.29,INR,NEFT,Kochi,mobile,DEV0770
TXN008870,2026-08-04 18:35:08,ACC0421,ACC0257,2978.21,INR,NEFT,Pune,web,DEV0288
TXN002254,2026-08-04 18:35:15,ACC0420,ACC0461,235.03,INR,IMPS,Kochi,web,DEV0696
TXN003719,2026-08-04 18:36:18,ACC0312,ACC0463,1379.11,INR,RTGS,Chennai,atm,DEV0278
TXN006597,2026-08-04 18:38:00,ACC0205,ACC0458,4170.65,INR,UPI,Chennai,branch,DEV0168
TXN003550,2026-08-04 18:38:48,ACC0360,ACC0485,517.4,INR,IMPS,Hyderabad,branch,DEV0446
TXN002419,2026-08-04 18:39:05,ACC0315,ACC0470,1242.48,INR,NEFT,Chennai,atm,DEV0804
TXN008224,2026-08-04 18:41:25,ACC0178,ACC0471,1618.57,INR,RTGS,Mumbai,atm,DEV0274
TXN003495,2026-08-04 18:42:40,ACC0129,ACC0499,1884.06,INR,UPI,Chennai,mobile,DEV0862
TXN005264,2026-08-04 18:44:24,ACC0139,ACC0175,638.61,INR,NEFT,Bengaluru,mobile,DEV0390
TXN005697,2026-08-04 18:44:33,ACC0395,ACC0473,3804.78,INR,NEFT,Hyderabad,branch,DEV0082
TXN009289,2026-08-04 18:50:32,ACC0444,ACC0488,867.41,INR,NEFT,Hyderabad,web,DEV0882
TXN005547,2026-08-04 18:52:41,ACC0209,ACC0493,29367.72,INR,UPI,Mumbai,branch,DEV0283
TXN000333,2026-08-04 18:55:43,ACC0278,ACC0479,4640.95,INR,NEFT,Hyderabad,mobile,DEV0391
TXN001343,2026-08-04 18:57:08,ACC0288,ACC0455,634.31,INR,UPI,Mumbai,atm,DEV0736
TXN008913,2026-08-04 18:57:17,ACC0085,ACC0493,18367.91,INR,IMPS,Mumbai,mobile,DEV0336
TXN003014,2026-08-04 19:04:07,ACC0038,ACC0133,14348.54,INR,UPI,Delhi,mobile,DEV0389
TXN001566,2026-08-04 19:05:20,ACC0092,ACC0414,98.5,INR,RTGS,Chennai,web,DEV0205
TXN007037,2026-08-04 19:08:18,ACC0044,ACC0495,3771.5,INR,UPI,Kochi,mobile,DEV0512
TXN000755,2026-08-04 19:08:59,ACC0244,ACC0344,2074.34,INR,UPI,Kolkata,web,DEV0590
TXN008179,2026-08-04 19:10:11,ACC0077,ACC0487,1172.98,INR,IMPS,Kolkata,web,DEV0555
TXN004517,2026-08-04 19:19:57,ACC0294,ACC0492,1069.12,INR,IMPS,Mumbai,branch,DEV0597
TXN005028,2026-08-04 19:21:03,ACC0205,ACC0117,1673.72,INR,RTGS,Pune,atm,DEV0861
TXN000463,2026-08-04 19:21:21,ACC0282,ACC0451,1037.89,INR,UPI,Delhi,web,DEV0339
TXN005101,2026-08-04 19:22:29,ACC0282,ACC0467,1442.51,INR,NEFT,Delhi,web,DEV0634
TXN009933,2026-08-04 19:22:35,ACC0365,ACC0463,1266.1,INR,IMPS,Bengaluru,web,DEV0717
TXN006561,2026-08-04 19:22:43,ACC0137,ACC0468,1884.72,INR,NEFT,Delhi,mobile,DEV0887
TXN008731,2026-08-04 19:25:06,ACC0114,ACC0490,733.33,INR,IMPS,Delhi,web,DEV0627
TXN000402,2026-08-04 19:29:39,ACC0036,ACC0469,1214.91,INR,RTGS,Bengaluru,branch,DEV0020
TXN008031,2026-08-04 19:33:16,ACC0017,ACC0478,4626.41,INR,IMPS,Hyderabad,atm,DEV0788
TXN001111,2026-08-04 19:38:30,ACC0061,ACC0484,665.33,INR,UPI,Kochi,web,DEV0073
TXN006175,2026-08-04 19:41:36,ACC0340,ACC0497,2400.75,INR,IMPS,Chennai,web,DEV0007
TXN009332,2026-08-04 19:41:46,ACC0414,ACC0461,671.0,INR,NEFT,Kolkata,branch,DEV0431
TXN009284,2026-08-04 19:45:07,ACC0197,ACC0460,1781.82,INR,RTGS,Mumbai,web,DEV0433
TXN002297,2026-08-04 19:47:32,ACC0211,ACC0456,1408.41,INR,IMPS,Pune,branch,DEV0009
TXN002082,2026-08-04 19:47:39,ACC0194,ACC0452,652.16,INR,IMPS,Bengaluru,web,DEV0590
TXN002762,2026-08-04 19:47:56,ACC0221,ACC0299,16818.05,INR,RTGS,Kolkata,branch,DEV0565
TXN009653,2026-08-04 19:49:02,ACC0443,ACC0462,171.22,INR,UPI,Delhi,web,DEV0288
TXN007132,2026-08-04 19:51:28,ACC0237,ACC0129,1119.03,INR,RTGS,Delhi,atm,DEV0422
TXN009900,2026-08-04 19:51:31,ACC0343,ACC0468,930.84,INR,RTGS,Mumbai,mobile,DEV0779
TXN001400,2026-08-04 19:53:43,ACC0288,ACC0478,3807.67,INR,IMPS,Mumbai,branch,DEV0864
TXN007796,2026-08-04 19:53:57,ACC0049,ACC0457,659.38,INR,IMPS,Chennai,branch,DEV0268
TXN004245,2026-08-04 19:54:34,ACC0369,ACC0426,26581.99,INR,NEFT,Delhi,web,DEV0069
TXN001624,2026-08-04 19:57:01,ACC0337,ACC0116,3881.14,INR,IMPS,Delhi,web,DEV0124
TXN007602,2026-08-04 19:57:50,ACC0128,ACC0127,1798.09,INR,NEFT,Kochi,web,DEV0855
TXN003778,2026-08-04 19:58:38,ACC0083,ACC0483,363.66,INR,IMPS,Mumbai,mobile,DEV0416
TXN006813,2026-08-04 20:01:39,ACC0357,ACC0494,884.74,INR,RTGS,Kolkata,mobile,DEV0256
TXN000433,2026-08-04 20:03:15,ACC0388,ACC0044,431.01,INR,UPI,Kolkata,web,DEV0758
TXN004815,2026-08-04 20:08:02,ACC0427,ACC0482,3257.77,INR,IMPS,Mumbai,atm,DEV0349
TXN005973,2026-08-04 20:10:12,ACC0450,ACC0493,4475.39,INR,IMPS,Pune,web,DEV0693
TXN007043,2026-08-04 20:13:43,ACC0110,ACC0469,236.84,INR,NEFT,Bengaluru,web,DEV0182
TXN008688,2026-08-04 20:15:43,ACC0285,ACC0218,461.26,INR,IMPS,Chennai,mobile,DEV0119
TXN002581,2026-08-04 20:15:46,ACC0200,ACC0380,8165.05,INR,RTGS,Delhi,atm,DEV0108
TXN005077,2026-08-04 20:16:02,ACC0059,ACC0453,4688.09,INR,NEFT,Hyderabad,mobile,DEV0006
TXN004168,2026-08-04 20:17:32,ACC0366,ACC0494,1515.37,INR,RTGS,Kochi,web,DEV0450
TXN007887,2026-08-04 20:17:57,ACC0010,ACC0028,994.53,INR,IMPS,Kochi,web,DEV0406
TXN004762,2026-08-04 20:20:42,ACC0070,ACC0402,568.21,INR,RTGS,Delhi,branch,DEV0811
TXN005858,2026-08-04 20:23:59,ACC0062,ACC0485,1249.62,INR,NEFT,Bengaluru,web,DEV0678
TXN006138,2026-08-04 20:24:51,ACC0049,ACC0270,1552.17,INR,UPI,Kolkata,atm,DEV0856
TXN003922,2026-08-04 20:27:29,ACC0151,ACC0134,1294.5,INR,RTGS,Hyderabad,web,DEV0022
TXN007139,2026-08-04 20:31:49,ACC0191,ACC0442,427.89,INR,IMPS,Bengaluru,web,DEV0096
TXN000385,2026-08-04 20:33:29,ACC0352,ACC0235,2777.83,INR,UPI,Kolkata,branch,DEV0628
TXN006985,2026-08-04 20:34:11,ACC0053,ACC0075,1455.37,INR,RTGS,Kochi,web,DEV0304
TXN001707,2026-08-04 20:35:01,ACC0083,ACC0463,1408.3,INR,NEFT,Chennai,mobile,DEV0006
TXN009174,2026-08-04 20:36:46,ACC0283,ACC0089,4709.97,INR,UPI,Mumbai,mobile,DEV0399
TXN000981,2026-08-04 20:37:50,ACC0426,ACC0460,483.41,INR,IMPS,Kolkata,atm,DEV0525
TXN005969,2026-08-04 20:39:22,ACC0339,ACC0467,1583.84,INR,NEFT,Chennai,mobile,DEV0203
TXN008466,2026-08-04 20:40:21,ACC0120,ACC0497,6081.47,INR,RTGS,Mumbai,web,DEV0316
TXN000580,2026-08-04 20:43:13,ACC0294,ACC0482,877.84,INR,IMPS,Delhi,branch,DEV0373
TXN008351,2026-08-04 20:43:50,ACC0345,ACC0495,1704.16,INR,UPI,Chennai,atm,DEV0042
TXN006581,2026-08-04 20:44:59,ACC0092,ACC0158,3370.33,INR,UPI,Hyderabad,web,DEV0540
TXN008082,2026-08-04 20:47:47,ACC0267,ACC0427,4795.91,INR,NEFT,Kolkata,mobile,DEV0750
TXN009948,2026-08-04 20:50:24,ACC0049,ACC0471,2977.55,INR,RTGS,Delhi,atm,DEV0364
TXN008685,2026-08-04 20:50:55,ACC0300,ACC0304,4794.83,INR,NEFT,Chennai,web,DEV0073
TXN000861,2026-08-04 20:51:08,ACC0265,ACC0465,1672.04,INR,RTGS,Hyderabad,web,DEV0331
TXN001125,2026-08-04 20:52:56,ACC0182,ACC0475,4607.76,INR,UPI,Kolkata,web,DEV0454
TXN004032,2026-08-04 20:53:17,ACC0039,ACC0303,2881.39,INR,UPI,Delhi,atm,DEV0725
TXN004749,2026-08-04 20:55:58,ACC0251,ACC0062,3280.04,INR,UPI,Delhi,web,DEV0003
TXN009879,2026-08-04 20:57:50,ACC0009,ACC0492,12857.4,INR,RTGS,Hyderabad,web,DEV0217
TXN008324,2026-08-04 20:59:30,ACC0202,ACC0481,405.59,INR,NEFT,Mumbai,branch,DEV0364
TXN004869,2026-08-04 20:59:33,ACC0386,ACC0359,1682.56,INR,NEFT,Bengaluru,branch,DEV0774
TXN005219,2026-08-05 09:02:27,ACC0257,ACC0387,1386.91,INR,RTGS,Delhi,atm,DEV0470
TXN004944,2026-08-05 09:02:35,ACC0231,ACC0301,947.37,INR,UPI,Pune,branch,DEV0731
TXN000685,2026-08-05 09:03:08,ACC0318,ACC0466,871.34,INR,IMPS,Hyderabad,web,DEV0151
TXN001300,2026-08-05 09:05:03,ACC0124,ACC0496,1973.46,INR,UPI,Kochi,web,DEV0153
TXN005899,2026-08-05 09:05:22,ACC0040,ACC0326,142.7,INR,IMPS,Delhi,atm,DEV0708
TXN002460,2026-08-05 09:07:54,ACC0067,ACC0487,2124.52,INR,IMPS,Delhi,web,DEV0233
TXN002248,2026-08-05 09:09:23,ACC0047,ACC0492,2139.86,INR,IMPS,Kolkata,mobile,DEV0880
TXN009637,2026-08-05 09:09:30,ACC0150,ACC0459,1480.52,INR,UPI,Chennai,web,DEV0350
TXN005709,2026-08-05 09:09:45,ACC0075,ACC0042,467.53,INR,UPI,Kochi,atm,DEV0702
TXN002339,2026-08-05 09:12:20,ACC0154,ACC0424,2159.94,INR,UPI,Delhi,web,DEV0802
TXN001276,2026-08-05 09:13:04,ACC0209,ACC0482,2203.39,INR,IMPS,Mumbai,atm,DEV0392
TXN002990,2026-08-05 09:17:12,ACC0438,ACC0493,3680.22,INR,IMPS,Bengaluru,web,DEV0315
TXN005515,2026-08-05 09:23:53,ACC0353,ACC0477,2461.8,INR,RTGS,Pune,web,DEV0482
TXN009985,2026-08-05 09:25:05,ACC0404,ACC0497,1426.28,INR,RTGS,Kochi,atm,DEV0885
TXN004584,2026-08-05 09:29:09,ACC0352,ACC0491,673.8,INR,NEFT,Bengaluru,web,DEV0591
TXN003072,2026-08-05 09:32:42,ACC0202,ACC0473,3231.95,INR,NEFT,Pune,branch,DEV0338
TXN001951,2026-08-05 09:33:11,ACC0318,ACC0333,8331.79,INR,UPI,Hyderabad,atm,DEV0129
TXN004819,2026-08-05 09:40:45,ACC0242,ACC0467,2499.44,INR,UPI,Kochi,web,DEV0077
TXN004960,2026-08-05 09:40:48,ACC0395,ACC0003,480.62,INR,RTGS,Chennai,atm,DEV0075
TXN009420,2026-08-05 09:41:21,ACC0217,ACC0480,542.41,INR,IMPS,Bengaluru,web,DEV0870
TXN004392,2026-08-05 09:41:38,ACC0064,ACC0500,44116.63,INR,RTGS,Kochi,branch,DEV0157
TXN003240,2026-08-05 09:42:08,ACC0022,ACC0225,393.39,INR,NEFT,Mumbai,mobile,DEV0162
TXN008680,2026-08-05 09:42:25,ACC0107,ACC0495,2899.5,INR,NEFT,Kolkata,web,DEV0288
TXN000894,2026-08-05 09:42:30,ACC0096,ACC0480,1423.81,INR,IMPS,Mumbai,web,DEV0696
TXN008768,2026-08-05 09:44:01,ACC0296,ACC0098,19784.69,INR,NEFT,Pune,web,DEV0405
TXN006259,2026-08-05 09:44:40,ACC0025,ACC0476,6903.9,INR,UPI,Kochi,branch,DEV0645
TXN008966,2026-08-05 09:45:54,ACC0159,ACC0413,1705.16,INR,IMPS,Hyderabad,branch,DEV0632
TXN001304,2026-08-05 09:56:08,ACC0213,ACC0472,474.07,INR,IMPS,Bengaluru,web,DEV0428
TXN002962,2026-08-05 09:57:07,ACC0438,ACC0471,326.54,INR,UPI,Delhi,mobile,DEV0635
TXN001278,2026-08-05 09:57:14,ACC0407,ACC0466,4535.23,INR,RTGS,Kochi,atm,DEV0381
TXN003884,2026-08-05 09:57:21,ACC0319,ACC0475,7196.56,INR,IMPS,Kolkata,atm,DEV0839
TXN002605,2026-08-05 10:00:54,ACC0194,ACC0313,1193.8,INR,UPI,Delhi,web,DEV0428
TXN005216,2026-08-05 10:02:37,ACC0144,ACC0454,483.42,INR,NEFT,Pune,atm,DEV0636
TXN000826,2026-08-05 10:03:58,ACC0009,ACC0481,249.72,INR,NEFT,Hyderabad,atm,DEV0148
TXN000257,2026-08-05 10:10:28,ACC0400,ACC0056,1468.6,INR,IMPS,Bengaluru,atm,DEV0316
TXN003464,2026-08-05 10:13:34,ACC0419,ACC0369,967.47,INR,IMPS,Kolkata,mobile,DEV0863
TXN004306,2026-08-05 10:15:38,ACC0244,ACC0151,4451.16,INR,RTGS,Kolkata,branch,DEV0540
TXN006602,2026-08-05 10:18:44,ACC0216,ACC0217,769.4,INR,IMPS,Hyderabad,atm,DEV0662
TXN003437,2026-08-05 10:18:46,ACC0450,ACC0395,2000.35,INR,NEFT,Kochi,mobile,DEV0491
TXN000880,2026-08-05 10:20:55,ACC0115,ACC0451,3063.56,INR,NEFT,Mumbai,web,DEV0742
TXN001734,2026-08-05 10:20:58,ACC0020,ACC0500,788.22,INR,RTGS,Delhi,branch,DEV0436
TXN007101,2026-08-05 10:22:13,ACC0102,ACC0497,4116.61,INR,NEFT,Bengaluru,web,DEV0156
TXN004735,2026-08-05 10:23:55,ACC0043,ACC0127,5199.47,INR,UPI,Mumbai,mobile,DEV0524
TXN000305,2026-08-05 10:24:32,ACC0356,ACC0160,1999.95,INR,UPI,Hyderabad,branch,DEV0467
TXN003546,2026-08-05 10:25:11,ACC0265,ACC0481,5030.61,INR,IMPS,Delhi,branch,DEV0442
TXN008865,2026-08-05 10:27:50,ACC0214,ACC0461,1826.41,INR,UPI,Pune,web,DEV0098
TXN007576,2026-08-05 10:28:01,ACC0195,ACC0468,21699.32,INR,IMPS,Kochi,branch,DEV0462
TXN004048,2026-08-05 10:28:28,ACC0135,ACC0466,133.73,INR,UPI,Mumbai,atm,DEV0446
TXN006133,2026-08-05 10:29:59,ACC0035,ACC0492,1909.53,INR,UPI,Pune,web,DEV0402
TXN001245,2026-08-05 10:30:32,ACC0342,ACC0483,300.09,INR,RTGS,Kolkata,web,DEV0848
TXN003664,2026-08-05 10:38:39,ACC0151,ACC0475,3512.14,INR,IMPS,Pune,branch,DEV0647
TXN005640,2026-08-05 10:40:42,ACC0219,ACC0191,1178.16,INR,IMPS,Bengaluru,atm,DEV0425
TXN001081,2026-08-05 10:41:26,ACC0310,ACC0012,806.65,INR,UPI,Chennai,branch,DEV0017
TXN005978,2026-08-05 10:44:16,ACC0426,ACC0478,5538.26,INR,IMPS,Chennai,web,DEV0066
TXN009563,2026-08-05 10:44:48,ACC0186,ACC0500,1534.41,INR,RTGS,Kochi,web,DEV0419
TXN007039,2026-08-05 10:55:22,ACC0326,ACC0004,4483.35,INR,IMPS,Mumbai,atm,DEV0728
TXN006874,2026-08-05 11:00:04,ACC0111,ACC0455,1296.21,INR,RTGS,Mumbai,web,DEV0415
TXN000123,2026-08-05 11:04:18,ACC0393,ACC0465,437.84,INR,NEFT,Pune,web,DEV0167
TXN001889,2026-08-05 11:05:32,ACC0355,ACC0441,2192.22,INR,IMPS,Kolkata,mobile,DEV0605
TXN003751,2026-08-05 11:09:00,ACC0321,ACC0475,3095.95,INR,NEFT,Hyderabad,atm,DEV0852
TXN008391,2026-08-05 11:10:12,ACC0247,ACC0269,1000.74,INR,NEFT,Delhi,web,DEV0711
TXN008627,2026-08-05 11:10:28,ACC0051,ACC0499,3496.88,INR,RTGS,Pune,branch,DEV0220
TXN009361,2026-08-05 11:10:45,ACC0365,ACC0489,985.08,INR,NEFT,Mumbai,branch,DEV0009
TXN000634,2026-08-05 11:12:10,ACC0384,ACC0481,2042.55,INR,RTGS,Kochi,branch,DEV0241
TXN002012,2026-08-05 11:13:28,ACC0263,ACC0270,1821.65,INR,RTGS,Chennai,branch,DEV0674
TXN007768,2026-08-05 11:17:16,ACC0285,ACC0482,2085.99,INR,IMPS,Kolkata,web,DEV0026
TXN004453,2026-08-05 11:26:25,ACC0190,ACC0455,1011.31,INR,IMPS,Chennai,branch,DEV0859
TXN000829,2026-08-05 11:30:47,ACC0292,ACC0214,388.71,INR,IMPS,Kochi,atm,DEV0740
TXN004911,2026-08-05 11:30:55,ACC0102,ACC0494,859.47,INR,IMPS,Hyderabad,branch,DEV0744
TXN005930,2026-08-05 11:31:04,ACC0080,ACC0487,4129.63,INR,UPI,Kochi,branch,DEV0282
TXN006220,2026-08-05 11:31:57,ACC0205,ACC0466,1155.53,INR,IMPS,Kochi,branch,DEV0306
TXN002606,2026-08-05 11:32:14,ACC0022,ACC0287,2745.12,INR,IMPS,Delhi,atm,DEV0799
TXN005489,2026-08-05 11:32:21,ACC0319,ACC0415,9964.97,INR,NEFT,Kolkata,branch,DEV0541
TXN000396,2026-08-05 11:33:53,ACC0378,ACC0491,67.46,INR,RTGS,Kochi,branch,DEV0562
TXN006642,2026-08-05 11:48:32,ACC0088,ACC0492,2289.62,INR,NEFT,Pune,mobile,DEV0175
TXN000107,2026-08-05 11:48:39,ACC0291,ACC0454,1357.8,INR,RTGS,Pune,branch,DEV0221
TXN000823,2026-08-05 11:49:24,ACC0143,ACC0471,943.97,INR,RTGS,Pune,branch,DEV0142
TXN009236,2026-08-05 11:49:35,ACC0312,ACC0453,134.73,INR,NEFT,Chennai,atm,DEV0283
TXN000063,2026-08-05 11:51:36,ACC0296,ACC0454,558.22,INR,RTGS,Bengaluru,atm,DEV0462
TXN009857,2026-08-05 11:51:45,ACC0059,ACC0421,1749.96,INR,UPI,Hyderabad,atm,DEV0494
TXN001476,2026-08-05 11:55:18,ACC0303,ACC0465,4760.97,INR,UPI,Kolkata,branch,DEV0268
TXN005946,2026-08-05 11:56:56,ACC0128,ACC0194,860.66,INR,NEFT,Pune,branch,DEV0793
TXN008823,2026-08-05 12:02:12,ACC0058,ACC0189,3231.12,INR,NEFT,Pune,mobile,DEV0191
TXN007731,2026-08-05 12:03:11,ACC0413,ACC0477,4847.81,INR,NEFT,Mumbai,web,DEV0706
TXN006071,2026-08-05 12:04:16,ACC0219,ACC0459,16066.13,INR,NEFT,Chennai,web,DEV0014
TXN004903,2026-08-05 12:04:55,ACC0374,ACC0342,616.43,INR,IMPS,Mumbai,atm,DEV0393
TXN008410,2026-08-05 12:05:35,ACC0355,ACC0490,584.41,INR,UPI,Hyderabad,atm,DEV0559
TXN002789,2026-08-05 12:05:45,ACC0187,ACC0255,5536.31,INR,IMPS,Delhi,web,DEV0349
TXN001092,2026-08-05 12:11:36,ACC0332,ACC0024,454.61,INR,UPI,Chennai,web,DEV0888
TXN004752,2026-08-05 12:14:45,ACC0314,ACC0444,1125.78,INR,NEFT,Kolkata,web,DEV0085
TXN009281,2026-08-05 12:19:36,ACC0316,ACC0460,9782.2,INR,RTGS,Chennai,web,DEV0259
TXN002369,2026-08-05 12:23:13,ACC0392,ACC0464,1714.54,INR,IMPS,Pune,atm,DEV0420
TXN001622,2026-08-05 12:23:49,ACC0233,ACC0142,797.34,INR,IMPS,Chennai,branch,DEV0667
TXN008905,2026-08-05 12:24:19,ACC0164,ACC0200,639.52,INR,NEFT,Pune,mobile,DEV0382
TXN001333,2026-08-05 12:24:22,ACC0340,ACC0491,280.89,INR,NEFT,Kochi,atm,DEV0281
TXN001285,2026-08-05 12:26:36,ACC0022,ACC0451,5777.35,INR,IMPS,Bengaluru,mobile,DEV0068
TXN000037,2026-08-05 12:26:42,ACC0207,ACC0486,11813.51,INR,IMPS,Pune,mobile,DEV0312
TXN007171,2026-08-05 12:26:55,ACC0247,ACC0463,265.82,INR,NEFT,Kolkata,branch,DEV0661
TXN006993,2026-08-05 12:27:42,ACC0351,ACC0198,3605.75,INR,NEFT,Kochi,branch,DEV0720
TXN004239,2026-08-05 12:30:32,ACC0178,ACC0165,349.86,INR,IMPS,Kochi,branch,DEV0492
TXN009433,2026-08-05 12:31:40,ACC0351,ACC0454,585.06,INR,IMPS,Bengaluru,web,DEV0147
TXN001098,2026-08-05 12:32:08,ACC0426,ACC0101,3204.36,INR,UPI,Mumbai,atm,DEV0290
TXN001195,2026-08-05 12:33:31,ACC0362,ACC0469,4366.32,INR,UPI,Hyderabad,web,DEV0347
TXN000536,2026-08-05 12:33:40,ACC0058,ACC0482,349.41,INR,NEFT,Kochi,branch,DEV0431
TXN003768,2026-08-05 12:34:41,ACC0204,ACC0087,1480.53,INR,UPI,Mumbai,branch,DEV0006
TXN004643,2026-08-05 12:41:29,ACC0312,ACC0500,6795.42,INR,IMPS,Pune,atm,DEV0488
TXN008567,2026-08-05 12:43:28,ACC0301,ACC0437,1591.21,INR,IMPS,Hyderabad,mobile,DEV0495
TXN001837,2026-08-05 12:43:38,ACC0316,ACC0460,9290.9,INR,RTGS,Hyderabad,atm,DEV0503
TXN002457,2026-08-05 12:44:35,ACC0191,ACC0482,517.17,INR,UPI,Pune,mobile,DEV0815
TXN004610,2026-08-05 12:49:17,ACC0200,ACC0489,877.44,INR,IMPS,Kolkata,atm,DEV0146
TXN000224,2026-08-05 12:52:24,ACC0184,ACC0249,9602.84,INR,RTGS,Pune,atm,DEV0426
TXN000089,2026-08-05 12:55:43,ACC0059,ACC0455,487.8,INR,UPI,Hyderabad,mobile,DEV0466
TXN007287,2026-08-05 13:01:17,ACC0389,ACC0492,857.54,INR,NEFT,Bengaluru,branch,DEV0765
TXN009887,2026-08-05 13:02:55,ACC0216,ACC0463,1748.78,INR,UPI,Bengaluru,mobile,DEV0332
TXN004242,2026-08-05 13:05:13,ACC0103,ACC0287,365.51,INR,UPI,Pune,branch,DEV0678
TXN000244,2026-08-05 13:05:19,ACC0328,ACC0490,742.09,INR,UPI,Hyderabad,atm,DEV0748
TXN008382,2026-08-05 13:05:32,ACC0121,ACC0405,252.83,INR,IMPS,Kochi,branch,DEV0754
TXN009308,2026-08-05 13:06:01,ACC0017,ACC0461,1889.1,INR,UPI,Mumbai,web,DEV0445
TXN006106,2026-08-05 13:09:37,ACC0072,ACC0478,6031.18,INR,RTGS,Hyderabad,web,DEV0678
TXN004757,2026-08-05 13:10:54,ACC0084,ACC0459,1297.45,INR,NEFT,Pune,mobile,DEV0163
TXN007895,2026-08-05 13:12:04,ACC0347,ACC0452,11878.82,INR,UPI,Chennai,mobile,DEV0628
TXN008740,2026-08-05 13:13:58,ACC0259,ACC0326,1033.07,INR,RTGS,Kolkata,mobile,DEV0045
TXN005114,2026-08-05 13:15:36,ACC0223,ACC0476,267.75,INR,RTGS,Bengaluru,mobile,DEV0040
TXN007214,2026-08-05 13:17:52,ACC0266,ACC0490,7412.6,INR,UPI,Chennai,mobile,DEV0326
TXN004718,2026-08-05 13:18:15,ACC0077,ACC0482,4215.03,INR,IMPS,Kolkata,atm,DEV0078
TXN001193,2026-08-05 13:21:12,ACC0049,ACC0481,370.5,INR,IMPS,Hyderabad,web,DEV0195
TXN005442,2026-08-05 13:27:06,ACC0052,ACC0498,698.28,INR,NEFT,Delhi,branch,DEV0667
TXN008023,2026-08-05 13:28:00,ACC0393,ACC0455,972.95,INR,NEFT,Hyderabad,mobile,DEV0134
TXN000690,2026-08-05 13:28:12,ACC0184,ACC0458,27979.26,INR,IMPS,Chennai,mobile,DEV0204
TXN008982,2026-08-05 13:29:54,ACC0183,ACC0203,887.04,INR,UPI,Pune,mobile,DEV0428
TXN007260,2026-08-05 13:31:07,ACC0400,ACC0455,824.25,INR,NEFT,Bengaluru,mobile,DEV0083
TXN001365,2026-08-05 13:32:14,ACC0289,ACC0477,7106.16,INR,UPI,Kolkata,branch,DEV0842
TXN007167,2026-08-05 13:33:14,ACC0211,ACC0187,1023.6,INR,UPI,Mumbai,branch,DEV0380
TXN005984,2026-08-05 13:35:36,ACC0192,ACC0180,8220.99,INR,RTGS,Mumbai,web,DEV0014
TXN009033,2026-08-05 13:35:38,ACC0301,ACC0488,2464.92,INR,IMPS,Kolkata,atm,DEV0818
TXN002481,2026-08-05 13:48:30,ACC0217,ACC0462,2020.89,INR,RTGS,Delhi,mobile,DEV0248
TXN002357,2026-08-05 13:51:12,ACC0174,ACC0498,9469.55,INR,NEFT,Kolkata,mobile,DEV0303
TXN005176,2026-08-05 13:51:24,ACC0358,ACC0319,1175.72,INR,UPI,Hyderabad,atm,DEV0287
TXN002299,2026-08-05 13:53:20,ACC0164,ACC0491,2629.58,INR,NEFT,Pune,mobile,DEV0684
TXN003008,2026-08-05 13:53:24,ACC0387,ACC0466,6144.38,INR,RTGS,Hyderabad,mobile,DEV0773
TXN003592,2026-08-05 13:55:53,ACC0218,ACC0489,2489.92,INR,NEFT,Kochi,web,DEV0405
TXN008287,2026-08-05 13:58:23,ACC0336,ACC0235,1145.72,INR,UPI,Delhi,web,DEV0108
TXN006100,2026-08-05 14:00:59,ACC0356,ACC0476,9812.59,INR,RTGS,Delhi,atm,DEV0101
TXN003647,2026-08-05 14:01:39,ACC0292,ACC0500,5722.15,INR,RTGS,Chennai,branch,DEV0006
TXN006762,2026-08-05 14:05:53,ACC0207,ACC0215,539.97,INR,RTGS,Pune,mobile,DEV0364
TXN003956,2026-08-05 14:07:36,ACC0248,ACC0451,2977.89,INR,RTGS,Delhi,branch,DEV0712
TXN001136,2026-08-05 14:11:06,ACC0209,ACC0481,1060.89,INR,RTGS,Hyderabad,atm,DEV0093
TXN006608,2026-08-05 14:15:28,ACC0355,ACC0499,440.52,INR,UPI,Pune,branch,DEV0639
TXN003627,2026-08-05 14:15:55,ACC0383,ACC0454,1034.6,INR,NEFT,Chennai,web,DEV0183
TXN005402,2026-08-05 14:20:16,ACC0180,ACC0485,1679.79,INR,RTGS,Pune,mobile,DEV0145
TXN004674,2026-08-05 14:23:32,ACC0349,ACC0456,1647.73,INR,NEFT,Bengaluru,mobile,DEV0489
TXN005451,2026-08-05 14:25:30,ACC0450,ACC0494,2722.15,INR,UPI,Chennai,branch,DEV0371
TXN005813,2026-08-05 14:26:37,ACC0073,ACC0477,1168.65,INR,IMPS,Mumbai,atm,DEV0812
TXN004675,2026-08-05 14:29:01,ACC0279,ACC0458,2863.32,INR,UPI,Kochi,atm,DEV0852
TXN000554,2026-08-05 14:29:56,ACC0133,ACC0454,2885.89,INR,UPI,Hyderabad,branch,DEV0430
TXN009707,2026-08-05 14:35:06,ACC0148,ACC0064,2279.71,INR,IMPS,Delhi,web,DEV0051
TXN001097,2026-08-05 14:42:34,ACC0244,ACC0467,848.55,INR,UPI,Kochi,atm,DEV0767
TXN006947,2026-08-05 14:43:00,ACC0011,ACC0493,17216.03,INR,NEFT,Chennai,atm,DEV0705
TXN007876,2026-08-05 14:46:43,ACC0022,ACC0465,563.98,INR,UPI,Chennai,web,DEV0378
TXN000792,2026-08-05 14:47:27,ACC0337,ACC0083,2550.24,INR,IMPS,Chennai,web,DEV0405
TXN001303,2026-08-05 14:47:45,ACC0364,ACC0231,1321.0,INR,NEFT,Chennai,web,DEV0257
TXN000764,2026-08-05 14:48:50,ACC0439,ACC0457,3562.39,INR,IMPS,Kochi,web,DEV0592
TXN004031,2026-08-05 14:49:14,ACC0313,ACC0488,4427.2,INR,UPI,Chennai,web,DEV0801
TXN008468,2026-08-05 14:51:31,ACC0387,ACC0460,1082.65,INR,IMPS,Chennai,mobile,DEV0877
TXN007851,2026-08-05 14:58:54,ACC0140,ACC0495,12676.32,INR,UPI,Bengaluru,branch,DEV0378
TXN009486,2026-08-05 15:02:54,ACC0076,ACC0494,6645.75,INR,IMPS,Mumbai,atm,DEV0143
TXN003657,2026-08-05 15:03:11,ACC0235,ACC0325,1269.39,INR,RTGS,Hyderabad,mobile,DEV0328
TXN003339,2026-08-05 15:07:20,ACC0183,ACC0474,452.83,INR,IMPS,Kolkata,atm,DEV0009
TXN001110,2026-08-05 15:07:46,ACC0116,ACC0142,502.54,INR,IMPS,Kolkata,mobile,DEV0653
TXN003468,2026-08-05 15:08:28,ACC0082,ACC0466,1144.34,INR,RTGS,Hyderabad,atm,DEV0630
TXN007498,2026-08-05 15:14:10,ACC0152,ACC0492,3544.25,INR,NEFT,Bengaluru,atm,DEV0642
TXN000703,2026-08-05 15:14:14,ACC0335,ACC0499,2788.89,INR,NEFT,Kochi,atm,DEV0349
TXN005780,2026-08-05 15:19:04,ACC0150,ACC0068,194.76,INR,NEFT,Chennai,branch,DEV0391
TXN009514,2026-08-05 15:31:36,ACC0306,ACC0459,996.86,INR,UPI,Kochi,mobile,DEV0800
TXN008063,2026-08-05 15:31:46,ACC0450,ACC0055,2084.2,INR,IMPS,Mumbai,branch,DEV0792
TXN003401,2026-08-05 15:32:36,ACC0357,ACC0109,1369.98,INR,NEFT,Pune,branch,DEV0078
TXN000239,2026-08-05 15:39:43,ACC0370,ACC0498,1423.82,INR,UPI,Delhi,mobile,DEV0604
TXN003479,2026-08-05 15:41:06,ACC0327,ACC0357,1062.75,INR,RTGS,Kochi,mobile,DEV0405
TXN004829,2026-08-05 15:45:03,ACC0381,ACC0467,1557.44,INR,UPI,Hyderabad,web,DEV0548
TXN001872,2026-08-05 15:45:26,ACC0289,ACC0031,1270.55,INR,NEFT,Kochi,web,DEV0567
TXN004405,2026-08-05 15:48:16,ACC0441,ACC0108,1556.46,INR,IMPS,Mumbai,web,DEV0689
TXN000952,2026-08-05 15:48:41,ACC0299,ACC0497,4721.53,INR,RTGS,Mumbai,mobile,DEV0622
TXN002008,2026-08-05 15:49:55,ACC0360,ACC0107,1404.04,INR,NEFT,Bengaluru,branch,DEV0391
TXN005790,2026-08-05 15:50:31,ACC0415,ACC0244,1351.74,INR,UPI,Chennai,web,DEV0739
TXN000898,2026-08-05 15:54:14,ACC0266,ACC0011,2322.41,INR,RTGS,Chennai,web,DEV0592
TXN008734,2026-08-05 15:55:27,ACC0344,ACC0198,4017.02,INR,UPI,Pune,branch,DEV0472
TXN002601,2026-08-05 15:56:59,ACC0339,ACC0428,1891.64,INR,NEFT,Delhi,mobile,DEV0578
TXN004473,2026-08-05 16:00:08,ACC0122,ACC0006,1454.01,INR,UPI,Kochi,atm,DEV0825
TXN009853,2026-08-05 16:01:48,ACC0242,ACC0487,619.91,INR,NEFT,Kolkata,atm,DEV0068
TXN006930,2026-08-05 16:02:08,ACC0072,ACC0495,328.75,INR,RTGS,Kochi,atm,DEV0005
TXN009553,2026-08-05 16:06:23,ACC0347,ACC0463,613.35,INR,RTGS,Pune,branch,DEV0117
TXN001166,2026-08-05 16:06:34,ACC0330,ACC0476,2466.6,INR,RTGS,Chennai,web,DEV0223
TXN005580,2026-08-05 16:06:58,ACC0400,ACC0462,3029.38,INR,UPI,Kochi,web,DEV0420
TXN007981,2026-08-05 16:08:36,ACC0247,ACC0024,2859.6,INR,IMPS,Kochi,web,DEV0159
TXN002876,2026-08-05 16:09:43,ACC0064,ACC0398,1554.46,INR,UPI,Hyderabad,branch,DEV0116
TXN002945,2026-08-05 16:10:03,ACC0181,ACC0488,2599.76,INR,NEFT,Pune,branch,DEV0462
TXN006881,2026-08-05 16:10:50,ACC0232,ACC0489,641.64,INR,RTGS,Bengaluru,web,DEV0240
TXN002855,2026-08-05 16:11:32,ACC0150,ACC0318,438.88,INR,NEFT,Pune,branch,DEV0252
TXN009118,2026-08-05 16:14:43,ACC0446,ACC0477,13558.12,INR,RTGS,Mumbai,branch,DEV0362
TXN006578,2026-08-05 16:15:11,ACC0028,ACC0479,2612.57,INR,RTGS,Kochi,atm,DEV0274
TXN006949,2026-08-05 16:17:11,ACC0429,ACC0248,939.75,INR,IMPS,Pune,mobile,DEV0195
TXN003219,2026-08-05 16:18:25,ACC0121,ACC0458,2919.72,INR,UPI,Mumbai,atm,DEV0400
TXN001169,2026-08-05 16:20:39,ACC0240,ACC0498,13464.43,INR,UPI,Mumbai,mobile,DEV0088
TXN009752,2026-08-05 16:24:41,ACC0342,ACC0496,2258.08,INR,IMPS,Hyderabad,atm,DEV0766
TXN006894,2026-08-05 16:29:42,ACC0193,ACC0480,6641.55,INR,IMPS,Kochi,web,DEV0156
TXN006060,2026-08-05 16:30:41,ACC0041,ACC0489,2847.09,INR,UPI,Bengaluru,atm,DEV0672
TXN003925,2026-08-05 16:30:57,ACC0270,ACC0194,881.45,INR,NEFT,Kolkata,mobile,DEV0134
TXN008719,2026-08-05 16:34:30,ACC0307,ACC0462,1298.17,INR,RTGS,Chennai,branch,DEV0489
TXN001156,2026-08-05 16:38:49,ACC0316,ACC0498,3043.49,INR,NEFT,Kolkata,mobile,DEV0583
TXN002596,2026-08-05 16:43:46,ACC0306,ACC0491,1396.12,INR,RTGS,Mumbai,web,DEV0173
TXN009323,2026-08-05 16:44:24,ACC0034,ACC0205,618.96,INR,UPI,Mumbai,atm,DEV0850
TXN006976,2026-08-05 16:53:45,ACC0422,ACC0452,904.4,INR,UPI,Delhi,branch,DEV0787
TXN004806,2026-08-05 16:58:54,ACC0098,ACC0467,1848.32,INR,NEFT,Chennai,mobile,DEV0171
TXN002130,2026-08-05 17:02:11,ACC0233,ACC0491,330.95,INR,NEFT,Chennai,atm,DEV0228
TXN002983,2026-08-05 17:05:28,ACC0325,ACC0058,1865.84,INR,NEFT,Kolkata,branch,DEV0691
TXN006206,2026-08-05 17:06:27,ACC0112,ACC0469,2016.42,INR,NEFT,Hyderabad,branch,DEV0352
TXN000886,2026-08-05 17:06:58,ACC0160,ACC0336,1102.86,INR,NEFT,Pune,web,DEV0071
TXN003352,2026-08-05 17:07:09,ACC0425,ACC0467,6677.8,INR,IMPS,Bengaluru,atm,DEV0796
TXN000777,2026-08-05 17:13:04,ACC0347,ACC0495,2286.24,INR,NEFT,Kolkata,web,DEV0430
TXN006231,2026-08-05 17:18:19,ACC0020,ACC0488,781.41,INR,NEFT,Hyderabad,web,DEV0223
TXN001159,2026-08-05 17:20:03,ACC0271,ACC0461,1693.69,INR,NEFT,Kolkata,branch,DEV0040
TXN007475,2026-08-05 17:24:15,ACC0316,ACC0407,3875.22,INR,IMPS,Bengaluru,mobile,DEV0020
TXN000222,2026-08-05 17:24:26,ACC0060,ACC0495,2509.79,INR,RTGS,Delhi,atm,DEV0651
TXN008756,2026-08-05 17:25:35,ACC0135,ACC0471,488.91,INR,IMPS,Bengaluru,web,DEV0281
TXN007578,2026-08-05 17:27:35,ACC0004,ACC0477,2867.06,INR,IMPS,Hyderabad,mobile,DEV0739
TXN007928,2026-08-05 17:28:24,ACC0327,ACC0176,5149.65,INR,IMPS,Pune,atm,DEV0484
TXN007189,2026-08-05 17:31:16,ACC0246,ACC0016,20750.89,INR,NEFT,Delhi,web,DEV0789
TXN005495,2026-08-05 17:36:26,ACC0440,ACC0262,3953.08,INR,UPI,Mumbai,branch,DEV0242
TXN005102,2026-08-05 17:40:23,ACC0431,ACC0474,4719.03,INR,UPI,Chennai,web,DEV0786
TXN000759,2026-08-05 17:42:38,ACC0187,ACC0408,1981.76,INR,UPI,Kochi,branch,DEV0149
TXN009668,2026-08-05 17:46:27,ACC0033,ACC0468,21653.72,INR,NEFT,Mumbai,mobile,DEV0805
TXN002129,2026-08-05 17:48:58,ACC0314,ACC0499,178.22,INR,IMPS,Kochi,atm,DEV0820
TXN008883,2026-08-05 17:50:20,ACC0421,ACC0468,2686.15,INR,NEFT,Delhi,mobile,DEV0731
TXN002449,2026-08-05 17:51:30,ACC0304,ACC0339,2854.54,INR,NEFT,Kochi,web,DEV0847
TXN005961,2026-08-05 17:52:22,ACC0101,ACC0320,2314.59,INR,RTGS,Hyderabad,web,DEV0645
TXN005869,2026-08-05 17:53:16,ACC0130,ACC0318,441.11,INR,RTGS,Mumbai,atm,DEV0513
TXN003405,2026-08-05 17:54:28,ACC0115,ACC0183,1811.75,INR,IMPS,Bengaluru,branch,DEV0823
TXN000444,2026-08-05 17:54:38,ACC0041,ACC0481,1382.7,INR,NEFT,Pune,atm,DEV0486
TXN007381,2026-08-05 17:56:15,ACC0141,ACC0163,2720.78,INR,NEFT,Bengaluru,atm,DEV0012
TXN007607,2026-08-05 17:58:25,ACC0206,ACC0499,2283.83,INR,RTGS,Kochi,branch,DEV0342
TXN007529,2026-08-05 17:58:49,ACC0211,ACC0493,233.1,INR,RTGS,Bengaluru,mobile,DEV0453
TXN006817,2026-08-05 17:58:52,ACC0100,ACC0460,980.14,INR,NEFT,Bengaluru,atm,DEV0175
TXN005378,2026-08-05 18:00:31,ACC0195,ACC0306,289.51,INR,NEFT,Hyderabad,web,DEV0474
TXN007617,2026-08-05 18:04:37,ACC0033,ACC0500,992.29,INR,NEFT,Pune,branch,DEV0118
TXN004856,2026-08-05 18:07:59,ACC0206,ACC0461,2713.14,INR,UPI,Mumbai,atm,DEV0568
TXN006233,2026-08-05 18:12:43,ACC0001,ACC0499,1667.91,INR,UPI,Delhi,mobile,DEV0789
TXN007118,2026-08-05 18:13:36,ACC0387,ACC0467,29922.47,INR,UPI,Mumbai,atm,DEV0748
TXN009424,2026-08-05 18:13:36,ACC0296,ACC0476,2608.03,INR,UPI,Chennai,web,DEV0826
TXN002770,2026-08-05 18:14:13,ACC0052,ACC0456,419.77,INR,NEFT,Delhi,mobile,DEV0577
TXN003365,2026-08-05 18:18:23,ACC0348,ACC0216,6526.68,INR,IMPS,Hyderabad,atm,DEV0229
TXN002267,2026-08-05 18:25:22,ACC0187,ACC0481,293.05,INR,NEFT,Kochi,atm,DEV0511
TXN007109,2026-08-05 18:26:22,ACC0054,ACC0462,717.36,INR,UPI,Pune,branch,DEV0753
TXN005151,2026-08-05 18:32:12,ACC0329,ACC0068,582.37,INR,RTGS,Chennai,branch,DEV0684
TXN007901,2026-08-05 18:32:52,ACC0233,ACC0479,2432.76,INR,IMPS,Pune,web,DEV0827
TXN001568,2026-08-05 18:33:29,ACC0151,ACC0492,1131.9,INR,NEFT,Pune,branch,DEV0135
TXN001460,2026-08-05 18:35:58,ACC0363,ACC0168,1704.67,INR,UPI,Mumbai,web,DEV0813
TXN009419,2026-08-05 18:37:02,ACC0142,ACC0499,1056.01,INR,UPI,Delhi,atm,DEV0869
TXN008116,2026-08-05 18:39:32,ACC0305,ACC0482,2968.36,INR,RTGS,Chennai,atm,DEV0111
TXN002042,2026-08-05 18:41:50,ACC0450,ACC0052,2022.09,INR,UPI,Delhi,mobile,DEV0665
TXN004745,2026-08-05 18:45:16,ACC0194,ACC0307,2524.35,INR,UPI,Bengaluru,web,DEV0467
TXN004069,2026-08-05 18:45:25,ACC0272,ACC0453,425.95,INR,NEFT,Mumbai,branch,DEV0679
TXN001663,2026-08-05 18:46:30,ACC0304,ACC0477,2806.83,INR,IMPS,Mumbai,web,DEV0162
TXN009005,2026-08-05 18:46:52,ACC0226,ACC0465,820.34,INR,NEFT,Bengaluru,branch,DEV0497
TXN007034,2026-08-05 18:47:52,ACC0393,ACC0455,379.89,INR,NEFT,Delhi,mobile,DEV0830
TXN003246,2026-08-05 18:51:11,ACC0083,ACC0457,472.14,INR,NEFT,Kolkata,branch,DEV0508
TXN008764,2026-08-05 18:53:20,ACC0033,ACC0061,1200.5,INR,IMPS,Bengaluru,branch,DEV0198
TXN008997,2026-08-05 19:08:09,ACC0277,ACC0013,4975.26,INR,NEFT,Delhi,web,DEV0233
TXN005976,2026-08-05 19:09:48,ACC0142,ACC0132,6194.25,INR,UPI,Kochi,atm,DEV0530
TXN001126,2026-08-05 19:17:01,ACC0423,ACC0486,1537.14,INR,NEFT,Bengaluru,web,DEV0451
TXN002065,2026-08-05 19:19:17,ACC0232,ACC0471,3210.28,INR,IMPS,Chennai,web,DEV0217
TXN006288,2026-08-05 19:20:01,ACC0355,ACC0490,9913.41,INR,RTGS,Delhi,mobile,DEV0420
TXN006126,2026-08-05 19:20:34,ACC0129,ACC0145,2548.06,INR,IMPS,Kochi,branch,DEV0439
TXN007320,2026-08-05 19:20:58,ACC0242,ACC0492,2129.95,INR,NEFT,Kolkata,mobile,DEV0883
TXN009882,2026-08-05 19:21:26,ACC0112,ACC0329,3707.07,INR,UPI,Bengaluru,atm,DEV0613
TXN009119,2026-08-05 19:26:54,ACC0068,ACC0465,7049.62,INR,IMPS,Mumbai,mobile,DEV0706
TXN008044,2026-08-05 19:28:36,ACC0175,ACC0496,1637.86,INR,RTGS,Bengaluru,branch,DEV0570
TXN001387,2026-08-05 19:29:04,ACC0447,ACC0198,432.64,INR,UPI,Delhi,web,DEV0261
TXN004455,2026-08-05 19:32:03,ACC0002,ACC0486,1575.01,INR,UPI,Delhi,branch,DEV0324
TXN008712,2026-08-05 19:37:33,ACC0279,ACC0459,649.82,INR,RTGS,Mumbai,web,DEV0174
TXN007714,2026-08-05 19:43:10,ACC0387,ACC0480,1971.28,INR,UPI,Kolkata,atm,DEV0047
TXN004033,2026-08-05 19:44:54,ACC0057,ACC0301,3219.35,INR,RTGS,Hyderabad,mobile,DEV0344
TXN000803,2026-08-05 19:47:38,ACC0300,ACC0457,289.21,INR,NEFT,Bengaluru,atm,DEV0102
TXN007414,2026-08-05 19:51:57,ACC0274,ACC0495,14610.58,INR,RTGS,Chennai,branch,DEV0542
TXN000255,2026-08-05 19:52:25,ACC0044,ACC0483,255.58,INR,RTGS,Delhi,web,DEV0299
TXN002633,2026-08-05 19:54:26,ACC0389,ACC0460,829.54,INR,RTGS,Delhi,mobile,DEV0343
TXN005639,2026-08-05 19:56:32,ACC0086,ACC0471,1475.85,INR,UPI,Pune,web,DEV0293
TXN007411,2026-08-05 19:59:17,ACC0213,ACC0482,852.59,INR,IMPS,Chennai,web,DEV0092
TXN009074,2026-08-05 20:00:04,ACC0299,ACC0490,518.48,INR,IMPS,Mumbai,web,DEV0705
TXN007125,2026-08-05 20:02:44,ACC0312,ACC0487,7104.28,INR,NEFT,Hyderabad,web,DEV0174
TXN000560,2026-08-05 20:09:44,ACC0382,ACC0114,906.94,INR,NEFT,Mumbai,atm,DEV0708
TXN009081,2026-08-05 20:10:04,ACC0429,ACC0468,1753.08,INR,IMPS,Mumbai,mobile,DEV0332
TXN008153,2026-08-05 20:11:40,ACC0198,ACC0466,2781.78,INR,NEFT,Pune,branch,DEV0073
TXN003983,2026-08-05 20:15:21,ACC0027,ACC0499,766.52,INR,NEFT,Hyderabad,mobile,DEV0328
TXN000254,2026-08-05 20:17:05,ACC0122,ACC0454,533.83,INR,RTGS,Kolkata,atm,DEV0766
TXN001006,2026-08-05 20:17:05,ACC0099,ACC0257,3158.75,INR,RTGS,Delhi,mobile,DEV0319
TXN002516,2026-08-05 20:20:54,ACC0298,ACC0316,2413.28,INR,IMPS,Kochi,atm,DEV0574
TXN005166,2026-08-05 20:22:33,ACC0192,ACC0466,4397.52,INR,IMPS,Chennai,branch,DEV0777
TXN002269,2026-08-05 20:25:48,ACC0300,ACC0457,1417.38,INR,UPI,Kolkata,branch,DEV0507
TXN000650,2026-08-05 20:27:53,ACC0399,ACC0457,1362.63,INR,RTGS,Delhi,atm,DEV0220
TXN003500,2026-08-05 20:31:55,ACC0256,ACC0460,5956.36,INR,IMPS,Delhi,atm,DEV0125
TXN000194,2026-08-05 20:34:31,ACC0376,ACC0087,2166.29,INR,UPI,Chennai,mobile,DEV0423
TXN005972,2026-08-05 20:38:17,ACC0329,ACC0467,3954.3,INR,NEFT,Kolkata,atm,DEV0625
TXN009440,2026-08-05 20:40:30,ACC0236,ACC0103,507.27,INR,NEFT,Mumbai,atm,DEV0238
TXN003896,2026-08-05 20:45:01,ACC0227,ACC0474,1794.18,INR,NEFT,Chennai,mobile,DEV0078
TXN003357,2026-08-05 20:45:59,ACC0181,ACC0475,1952.96,INR,NEFT,Delhi,web,DEV0024
TXN007304,2026-08-05 20:48:19,ACC0327,ACC0476,2729.15,INR,RTGS,Hyderabad,atm,DEV0283
TXN000815,2026-08-05 20:48:51,ACC0207,ACC0484,1279.23,INR,UPI,Chennai,web,DEV0255
TXN007204,2026-08-05 20:48:54,ACC0053,ACC0041,1400.69,INR,NEFT,Pune,web,DEV0211
TXN008796,2026-08-05 20:50:21,ACC0336,ACC0455,656.03,INR,RTGS,Pune,mobile,DEV0729
TXN005110,2026-08-05 20:51:26,ACC0054,ACC0150,502.97,INR,UPI,Delhi,atm,DEV0753
TXN004849,2026-08-05 20:52:34,ACC0297,ACC0488,2906.21,INR,RTGS,Pune,mobile,DEV0101
TXN005641,2026-08-05 20:58:02,ACC0410,ACC0490,250.01,INR,IMPS,Kolkata,atm,DEV0659
TXN002641,2026-08-05 20:58:15,ACC0412,ACC0496,7782.58,INR,RTGS,Kolkata,branch,DEV0531
TXN005718,2026-08-06 09:00:29,ACC0218,ACC0104,3385.36,INR,IMPS,Bengaluru,atm,DEV0004
TXN003126,2026-08-06 09:00:40,ACC0050,ACC0474,344.62,INR,IMPS,Delhi,web,DEV0075
TXN009568,2026-08-06 09:00:59,ACC0274,ACC0489,1962.0,INR,RTGS,Delhi,atm,DEV0258
TXN005132,2026-08-06 09:01:41,ACC0343,ACC0462,914.99,INR,NEFT,Delhi,web,DEV0255
TXN007808,2026-08-06 09:02:17,ACC0323,ACC0455,4605.67,INR,UPI,Kolkata,web,DEV0761
TXN005539,2026-08-06 09:02:44,ACC0225,ACC0463,3766.57,INR,NEFT,Hyderabad,branch,DEV0698
TXN005296,2026-08-06 09:06:09,ACC0085,ACC0468,3851.42,INR,NEFT,Chennai,branch,DEV0228
TXN002063,2026-08-06 09:08:50,ACC0202,ACC0143,3481.9,INR,NEFT,Hyderabad,mobile,DEV0075
TXN004291,2026-08-06 09:19:18,ACC0026,ACC0073,1817.86,INR,NEFT,Kolkata,mobile,DEV0619
TXN001459,2026-08-06 09:21:15,ACC0293,ACC0455,3563.68,INR,RTGS,Mumbai,web,DEV0503
TXN000235,2026-08-06 09:25:40,ACC0043,ACC0492,482.45,INR,NEFT,Pune,mobile,DEV0721
TXN009279,2026-08-06 09:26:52,ACC0177,ACC0441,2715.51,INR,NEFT,Mumbai,mobile,DEV0565
TXN004320,2026-08-06 09:28:24,ACC0149,ACC0474,2340.98,INR,UPI,Kolkata,web,DEV0836
TXN007412,2026-08-06 09:29:18,ACC0231,ACC0228,6055.87,INR,NEFT,Kochi,atm,DEV0672
TXN006306,2026-08-06 09:30:03,ACC0309,ACC0239,329.71,INR,NEFT,Kochi,web,DEV0399
TXN003257,2026-08-06 09:30:07,ACC0386,ACC0483,1080.99,INR,UPI,Kolkata,mobile,DEV0228
TXN004174,2026-08-06 09:31:52,ACC0408,ACC0462,493.01,INR,UPI,Chennai,atm,DEV0469
TXN010131,2026-08-06 09:36:55,ACC0417,ACC0530,44722.14,INR,UPI,Delhi,web,DEV0131
TXN006988,2026-08-06 09:39:28,ACC0141,ACC0486,1785.36,INR,NEFT,Delhi,web,DEV0691
TXN003138,2026-08-06 09:39:36,ACC0120,ACC0088,784.77,INR,IMPS,Bengaluru,mobile,DEV0290
TXN008947,2026-08-06 09:43:12,ACC0350,ACC0463,792.35,INR,NEFT,Pune,mobile,DEV0602
TXN009983,2026-08-06 09:48:26,ACC0175,ACC0270,7163.08,INR,UPI,Kochi,mobile,DEV0520
TXN010132,2026-08-06 09:48:55,ACC0263,ACC0530,46448.94,INR,UPI,Mumbai,web,DEV0331
TXN006337,2026-08-06 09:49:12,ACC0152,ACC0458,15902.31,INR,UPI,Chennai,mobile,DEV0310
TXN005163,2026-08-06 09:50:49,ACC0270,ACC0452,1617.89,INR,UPI,Mumbai,branch,DEV0236
TXN007585,2026-08-06 09:52:35,ACC0147,ACC0474,2506.0,INR,UPI,Delhi,web,DEV0340
TXN010133,2026-08-06 09:52:55,ACC0171,ACC0530,38475.53,INR,UPI,Mumbai,atm,DEV0469
TXN006706,2026-08-06 09:53:40,ACC0024,ACC0486,9947.95,INR,NEFT,Kochi,web,DEV0840
TXN006103,2026-08-06 09:54:46,ACC0062,ACC0500,463.21,INR,NEFT,Mumbai,atm,DEV0248
TXN010134,2026-08-06 09:55:55,ACC0324,ACC0530,43966.46,INR,UPI,Mumbai,mobile,DEV0488
TXN005647,2026-08-06 10:00:03,ACC0206,ACC0450,3773.78,INR,RTGS,Mumbai,branch,DEV0046
TXN009868,2026-08-06 10:02:06,ACC0222,ACC0229,440.48,INR,UPI,Pune,branch,DEV0014
TXN003180,2026-08-06 10:03:05,ACC0168,ACC0409,1637.43,INR,NEFT,Delhi,atm,DEV0319
TXN004846,2026-08-06 10:04:39,ACC0045,ACC0462,2580.24,INR,IMPS,Kolkata,branch,DEV0233
TXN010135,2026-08-06 10:06:55,ACC0083,ACC0530,43076.92,INR,UPI,Mumbai,branch,DEV0554
TXN009584,2026-08-06 10:08:56,ACC0237,ACC0483,2240.76,INR,IMPS,Bengaluru,mobile,DEV0118
TXN005484,2026-08-06 10:09:05,ACC0160,ACC0496,23078.52,INR,NEFT,Bengaluru,atm,DEV0212
TXN010136,2026-08-06 10:17:55,ACC0029,ACC0530,47418.29,INR,UPI,Pune,atm,DEV0078
TXN005406,2026-08-06 10:18:12,ACC0012,ACC0456,4550.36,INR,NEFT,Bengaluru,branch,DEV0166
TXN004533,2026-08-06 10:19:18,ACC0398,ACC0467,2891.64,INR,IMPS,Hyderabad,branch,DEV0773
TXN006216,2026-08-06 10:20:12,ACC0022,ACC0481,90.08,INR,UPI,Chennai,web,DEV0339
TXN007612,2026-08-06 10:21:17,ACC0323,ACC0453,3486.15,INR,NEFT,Bengaluru,branch,DEV0700
TXN006329,2026-08-06 10:22:22,ACC0112,ACC0475,879.15,INR,IMPS,Delhi,mobile,DEV0409
TXN005395,2026-08-06 10:23:13,ACC0253,ACC0451,2345.64,INR,IMPS,Kolkata,mobile,DEV0886
TXN000468,2026-08-06 10:23:50,ACC0155,ACC0470,345.08,INR,RTGS,Delhi,web,DEV0349
TXN010137,2026-08-06 10:25:55,ACC0096,ACC0530,47679.49,INR,UPI,Hyderabad,branch,DEV0363
TXN005171,2026-08-06 10:28:35,ACC0156,ACC0053,975.65,INR,NEFT,Hyderabad,web,DEV0410
TXN008760,2026-08-06 10:28:40,ACC0217,ACC0105,1601.85,INR,RTGS,Hyderabad,atm,DEV0318
TXN010138,2026-08-06 10:28:55,ACC0253,ACC0530,48541.14,INR,UPI,Kolkata,branch,DEV0770
TXN002417,2026-08-06 10:31:09,ACC0430,ACC0477,243.99,INR,RTGS,Chennai,branch,DEV0106
TXN002347,2026-08-06 10:32:20,ACC0301,ACC0053,859.05,INR,NEFT,Bengaluru,mobile,DEV0341
TXN004813,2026-08-06 10:34:34,ACC0413,ACC0052,2802.52,INR,UPI,Hyderabad,branch,DEV0715
TXN003762,2026-08-06 10:35:07,ACC0193,ACC0467,24343.57,INR,UPI,Kochi,branch,DEV0474
TXN008770,2026-08-06 10:35:14,ACC0053,ACC0493,3099.3,INR,IMPS,Mumbai,web,DEV0451
TXN007215,2026-08-06 10:35:51,ACC0444,ACC0081,484.14,INR,NEFT,Bengaluru,mobile,DEV0483
TXN000225,2026-08-06 10:36:01,ACC0364,ACC0251,3348.68,INR,UPI,Hyderabad,web,DEV0551
TXN003067,2026-08-06 10:40:10,ACC0363,ACC0487,148.8,INR,NEFT,Mumbai,branch,DEV0577
TXN004164,2026-08-06 10:40:11,ACC0089,ACC0301,2244.46,INR,RTGS,Kochi,web,DEV0265
TXN007425,2026-08-06 10:43:30,ACC0354,ACC0453,4884.42,INR,NEFT,Kolkata,web,DEV0559
TXN008810,2026-08-06 10:47:09,ACC0385,ACC0458,1968.55,INR,NEFT,Mumbai,mobile,DEV0723
TXN000624,2026-08-06 10:47:38,ACC0447,ACC0109,407.2,INR,RTGS,Chennai,mobile,DEV0405
TXN002719,2026-08-06 10:48:41,ACC0125,ACC0457,4284.58,INR,UPI,Delhi,web,DEV0416
TXN010139,2026-08-06 10:51:55,ACC0530,ACC0507,198180.9,INR,IMPS,Mumbai,atm,DEV0443
TXN009961,2026-08-06 10:52:54,ACC0434,ACC0455,3701.14,INR,NEFT,Mumbai,mobile,DEV0504
TXN001865,2026-08-06 10:53:27,ACC0284,ACC0474,3729.73,INR,NEFT,Chennai,web,DEV0765
TXN003086,2026-08-06 10:58:08,ACC0277,ACC0233,1242.89,INR,UPI,Hyderabad,branch,DEV0749
TXN003201,2026-08-06 10:59:59,ACC0418,ACC0478,6100.49,INR,IMPS,Bengaluru,branch,DEV0677
TXN002261,2026-08-06 11:00:06,ACC0031,ACC0470,379.9,INR,NEFT,Kolkata,web,DEV0178
TXN006551,2026-08-06 11:03:29,ACC0363,ACC0490,1768.87,INR,UPI,Chennai,branch,DEV0742
TXN001414,2026-08-06 11:04:00,ACC0405,ACC0483,9377.08,INR,RTGS,Delhi,mobile,DEV0644
TXN001789,2026-08-06 11:05:06,ACC0399,ACC0479,2664.61,INR,RTGS,Mumbai,atm,DEV0508
TXN005544,2026-08-06 11:06:45,ACC0254,ACC0453,2357.51,INR,UPI,Chennai,mobile,DEV0615
TXN006442,2026-08-06 11:09:11,ACC0422,ACC0465,932.86,INR,UPI,Mumbai,atm,DEV0368
TXN010140,2026-08-06 11:11:55,ACC0530,ACC0512,144131.56,INR,IMPS,Kolkata,atm,DEV0522
TXN004205,2026-08-06 11:12:24,ACC0227,ACC0498,886.41,INR,IMPS,Mumbai,branch,DEV0241
TXN007440,2026-08-06 11:18:07,ACC0115,ACC0476,619.83,INR,UPI,Chennai,web,DEV0322
TXN009371,2026-08-06 11:20:28,ACC0172,ACC0480,590.3,INR,UPI,Kolkata,branch,DEV0173
TXN005662,2026-08-06 11:24:58,ACC0244,ACC0062,24045.78,INR,IMPS,Bengaluru,atm,DEV0612
TXN003704,2026-08-06 11:25:58,ACC0432,ACC0397,1764.74,INR,IMPS,Bengaluru,mobile,DEV0079
TXN007834,2026-08-06 11:26:51,ACC0341,ACC0477,2513.03,INR,UPI,Hyderabad,mobile,DEV0802
TXN008123,2026-08-06 11:29:13,ACC0217,ACC0107,2787.95,INR,IMPS,Kochi,mobile,DEV0315
TXN009300,2026-08-06 11:29:30,ACC0034,ACC0455,976.03,INR,IMPS,Chennai,web,DEV0169
TXN004002,2026-08-06 11:33:54,ACC0086,ACC0461,548.22,INR,UPI,Bengaluru,branch,DEV0181
TXN003620,2026-08-06 11:35:48,ACC0353,ACC0497,483.17,INR,UPI,Hyderabad,web,DEV0011
TXN002216,2026-08-06 11:35:58,ACC0203,ACC0167,3715.05,INR,UPI,Kochi,branch,DEV0595
TXN006888,2026-08-06 11:38:34,ACC0127,ACC0212,740.67,INR,NEFT,Mumbai,web,DEV0201
TXN006831,2026-08-06 11:39:59,ACC0404,ACC0289,2524.68,INR,RTGS,Pune,web,DEV0612
TXN009919,2026-08-06 11:43:14,ACC0161,ACC0189,565.38,INR,NEFT,Kolkata,web,DEV0173
TXN003734,2026-08-06 11:43:19,ACC0302,ACC0478,2894.66,INR,RTGS,Pune,branch,DEV0661
TXN001564,2026-08-06 11:44:16,ACC0249,ACC0484,2805.3,INR,NEFT,Pune,mobile,DEV0399
TXN006682,2026-08-06 11:44:55,ACC0174,ACC0485,1578.94,INR,NEFT,Chennai,mobile,DEV0608
TXN008401,2026-08-06 11:49:38,ACC0440,ACC0494,1444.44,INR,UPI,Kochi,branch,DEV0237
TXN006672,2026-08-06 11:51:37,ACC0315,ACC0275,1694.76,INR,NEFT,Pune,mobile,DEV0601
TXN009876,2026-08-06 11:55:38,ACC0292,ACC0464,2910.4,INR,RTGS,Kolkata,web,DEV0060
TXN000947,2026-08-06 11:55:39,ACC0254,ACC0491,2400.89,INR,UPI,Delhi,atm,DEV0594
TXN009805,2026-08-06 11:55:45,ACC0148,ACC0459,5397.98,INR,RTGS,Kochi,branch,DEV0299
TXN003110,2026-08-06 11:56:08,ACC0072,ACC0487,479.94,INR,IMPS,Kolkata,atm,DEV0602
TXN005507,2026-08-06 11:56:48,ACC0267,ACC0473,3768.51,INR,IMPS,Chennai,branch,DEV0296
TXN003960,2026-08-06 12:00:20,ACC0069,ACC0460,5515.05,INR,IMPS,Kochi,web,DEV0220
TXN009913,2026-08-06 12:02:27,ACC0309,ACC0353,6336.35,INR,IMPS,Mumbai,mobile,DEV0503
TXN008137,2026-08-06 12:07:59,ACC0131,ACC0496,1693.1,INR,IMPS,Chennai,atm,DEV0249
TXN004368,2026-08-06 12:08:15,ACC0104,ACC0486,2804.47,INR,RTGS,Pune,web,DEV0136
TXN006338,2026-08-06 12:08:48,ACC0165,ACC0466,4289.63,INR,NEFT,Chennai,branch,DEV0771
TXN003133,2026-08-06 12:10:07,ACC0366,ACC0458,806.05,INR,UPI,Kolkata,web,DEV0183
TXN005311,2026-08-06 12:12:05,ACC0327,ACC0477,2720.41,INR,NEFT,Mumbai,web,DEV0703
TXN008280,2026-08-06 12:19:46,ACC0074,ACC0178,22487.64,INR,NEFT,Hyderabad,mobile,DEV0333
TXN006829,2026-08-06 12:20:23,ACC0132,ACC0186,5432.53,INR,NEFT,Kolkata,branch,DEV0004
TXN005651,2026-08-06 12:24:08,ACC0066,ACC0488,4143.53,INR,RTGS,Pune,web,DEV0032
TXN003049,2026-08-06 12:25:26,ACC0317,ACC0225,3338.42,INR,NEFT,Kochi,web,DEV0514
TXN006694,2026-08-06 12:26:14,ACC0298,ACC0036,8553.61,INR,NEFT,Kochi,atm,DEV0661
TXN008952,2026-08-06 12:26:30,ACC0410,ACC0126,4807.6,INR,NEFT,Hyderabad,mobile,DEV0470
TXN006209,2026-08-06 12:30:39,ACC0076,ACC0314,909.94,INR,RTGS,Pune,branch,DEV0009
TXN009595,2026-08-06 12:31:59,ACC0432,ACC0491,433.65,INR,UPI,Delhi,atm,DEV0246
TXN005792,2026-08-06 12:32:34,ACC0046,ACC0100,134.04,INR,IMPS,Kolkata,branch,DEV0011
TXN007516,2026-08-06 12:34:57,ACC0411,ACC0294,531.87,INR,IMPS,Delhi,branch,DEV0218
TXN004253,2026-08-06 12:35:23,ACC0267,ACC0496,2270.52,INR,NEFT,Chennai,mobile,DEV0002
TXN004681,2026-08-06 12:35:49,ACC0095,ACC0451,1425.48,INR,UPI,Kochi,web,DEV0446
TXN000348,2026-08-06 12:39:53,ACC0436,ACC0461,965.84,INR,UPI,Kochi,mobile,DEV0298
TXN005955,2026-08-06 12:40:39,ACC0173,ACC0460,4572.2,INR,UPI,Pune,web,DEV0386
TXN004878,2026-08-06 12:43:12,ACC0343,ACC0493,397.78,INR,IMPS,Pune,atm,DEV0123
TXN006487,2026-08-06 12:44:34,ACC0140,ACC0468,671.82,INR,UPI,Bengaluru,web,DEV0160
TXN008475,2026-08-06 12:44:49,ACC0211,ACC0467,289.32,INR,RTGS,Pune,mobile,DEV0048
TXN000871,2026-08-06 12:46:31,ACC0407,ACC0160,1304.17,INR,IMPS,Kolkata,mobile,DEV0622
TXN003905,2026-08-06 12:49:02,ACC0367,ACC0162,1809.82,INR,NEFT,Bengaluru,branch,DEV0899
TXN000126,2026-08-06 12:51:38,ACC0196,ACC0477,658.63,INR,RTGS,Kolkata,mobile,DEV0729
TXN000913,2026-08-06 12:53:54,ACC0063,ACC0481,2682.29,INR,RTGS,Mumbai,atm,DEV0150
TXN003533,2026-08-06 12:54:10,ACC0072,ACC0065,9262.75,INR,NEFT,Kolkata,atm,DEV0061
TXN007188,2026-08-06 12:56:13,ACC0005,ACC0472,2525.73,INR,RTGS,Delhi,atm,DEV0725
TXN009240,2026-08-06 12:57:41,ACC0376,ACC0253,1632.08,INR,NEFT,Bengaluru,branch,DEV0191
TXN006429,2026-08-06 13:00:15,ACC0001,ACC0486,9550.65,INR,IMPS,Bengaluru,atm,DEV0279
TXN005081,2026-08-06 13:01:57,ACC0408,ACC0493,15963.59,INR,UPI,Delhi,branch,DEV0588
TXN008746,2026-08-06 13:03:47,ACC0298,ACC0465,388.03,INR,RTGS,Kolkata,branch,DEV0662
TXN009427,2026-08-06 13:04:49,ACC0349,ACC0413,4771.22,INR,RTGS,Kolkata,atm,DEV0148
TXN008917,2026-08-06 13:04:57,ACC0081,ACC0487,601.47,INR,NEFT,Kochi,branch,DEV0495
TXN009413,2026-08-06 13:05:04,ACC0264,ACC0158,2004.57,INR,NEFT,Kochi,web,DEV0266
TXN000718,2026-08-06 13:07:34,ACC0430,ACC0457,2829.71,INR,UPI,Hyderabad,web,DEV0452
TXN006940,2026-08-06 13:14:09,ACC0048,ACC0392,4261.24,INR,NEFT,Chennai,atm,DEV0625
TXN009010,2026-08-06 13:14:34,ACC0450,ACC0481,465.49,INR,UPI,Bengaluru,atm,DEV0424
TXN009395,2026-08-06 13:16:09,ACC0369,ACC0479,743.25,INR,NEFT,Kolkata,web,DEV0459
TXN006457,2026-08-06 13:20:37,ACC0203,ACC0483,13889.13,INR,NEFT,Hyderabad,branch,DEV0224
TXN000817,2026-08-06 13:21:30,ACC0289,ACC0418,4327.92,INR,UPI,Chennai,mobile,DEV0106
TXN001031,2026-08-06 13:22:26,ACC0420,ACC0468,424.91,INR,UPI,Mumbai,branch,DEV0750
TXN009938,2026-08-06 13:22:52,ACC0407,ACC0497,10908.61,INR,UPI,Hyderabad,branch,DEV0758
TXN004095,2026-08-06 13:29:36,ACC0378,ACC0459,405.43,INR,RTGS,Kochi,mobile,DEV0704
TXN006620,2026-08-06 13:29:52,ACC0161,ACC0472,299.22,INR,RTGS,Mumbai,mobile,DEV0670
TXN002277,2026-08-06 13:30:07,ACC0232,ACC0483,1695.65,INR,UPI,Kochi,atm,DEV0668
TXN007084,2026-08-06 13:37:27,ACC0089,ACC0084,922.58,INR,RTGS,Kochi,mobile,DEV0428
TXN002432,2026-08-06 13:37:50,ACC0122,ACC0465,679.12,INR,RTGS,Kolkata,atm,DEV0271
TXN000067,2026-08-06 13:38:47,ACC0424,ACC0454,1318.02,INR,IMPS,Pune,branch,DEV0513
TXN002079,2026-08-06 13:47:06,ACC0168,ACC0071,361.78,INR,UPI,Mumbai,branch,DEV0078
TXN004094,2026-08-06 13:47:43,ACC0397,ACC0218,3619.0,INR,RTGS,Kochi,atm,DEV0177
TXN002952,2026-08-06 13:53:21,ACC0450,ACC0475,4801.23,INR,NEFT,Chennai,web,DEV0127
TXN003538,2026-08-06 13:53:23,ACC0129,ACC0476,1136.91,INR,RTGS,Chennai,mobile,DEV0329
TXN006722,2026-08-06 13:54:09,ACC0405,ACC0464,1317.32,INR,RTGS,Delhi,branch,DEV0523
TXN001958,2026-08-06 13:54:19,ACC0021,ACC0497,757.67,INR,UPI,Hyderabad,atm,DEV0442
TXN002020,2026-08-06 13:55:19,ACC0131,ACC0460,228.68,INR,RTGS,Hyderabad,mobile,DEV0148
TXN005368,2026-08-06 14:00:19,ACC0405,ACC0467,14222.06,INR,RTGS,Hyderabad,web,DEV0397
TXN004403,2026-08-06 14:01:29,ACC0029,ACC0454,3192.97,INR,RTGS,Chennai,atm,DEV0590
TXN009416,2026-08-06 14:04:18,ACC0031,ACC0463,677.87,INR,NEFT,Chennai,mobile,DEV0689
TXN008984,2026-08-06 14:05:00,ACC0066,ACC0498,904.74,INR,RTGS,Hyderabad,branch,DEV0422
TXN002509,2026-08-06 14:05:42,ACC0381,ACC0457,928.0,INR,UPI,Hyderabad,mobile,DEV0529
TXN001792,2026-08-06 14:09:05,ACC0439,ACC0068,1120.03,INR,IMPS,Mumbai,web,DEV0751
TXN002624,2026-08-06 14:09:24,ACC0159,ACC0499,4286.54,INR,IMPS,Delhi,mobile,DEV0289
TXN000248,2026-08-06 14:10:16,ACC0185,ACC0487,2371.83,INR,UPI,Chennai,mobile,DEV0251
TXN008038,2026-08-06 14:10:53,ACC0095,ACC0494,129.66,INR,IMPS,Delhi,web,DEV0246
TXN002083,2026-08-06 14:11:33,ACC0052,ACC0492,3181.18,INR,IMPS,Kolkata,atm,DEV0696
TXN001530,2026-08-06 14:16:32,ACC0180,ACC0326,809.46,INR,NEFT,Kolkata,branch,DEV0371
TXN007439,2026-08-06 14:17:31,ACC0107,ACC0495,2784.47,INR,UPI,Chennai,atm,DEV0633
TXN001015,2026-08-06 14:19:10,ACC0173,ACC0457,1514.91,INR,UPI,Kochi,atm,DEV0608
TXN003963,2026-08-06 14:22:16,ACC0115,ACC0454,1282.57,INR,NEFT,Bengaluru,branch,DEV0456
TXN009824,2026-08-06 14:25:05,ACC0307,ACC0330,880.24,INR,RTGS,Delhi,branch,DEV0587
TXN001555,2026-08-06 14:29:54,ACC0190,ACC0220,379.41,INR,RTGS,Chennai,web,DEV0130
TXN007117,2026-08-06 14:30:18,ACC0242,ACC0336,4123.73,INR,RTGS,Delhi,web,DEV0258
TXN006296,2026-08-06 14:30:43,ACC0397,ACC0463,6815.8,INR,IMPS,Bengaluru,branch,DEV0154
TXN007679,2026-08-06 14:35:48,ACC0015,ACC0464,6320.49,INR,IMPS,Pune,atm,DEV0071
TXN002554,2026-08-06 14:36:06,ACC0246,ACC0027,8178.64,INR,UPI,Pune,web,DEV0742
TXN001206,2026-08-06 14:39:53,ACC0223,ACC0476,6499.97,INR,IMPS,Chennai,mobile,DEV0741
TXN008454,2026-08-06 14:45:42,ACC0012,ACC0476,8710.6,INR,UPI,Mumbai,atm,DEV0767
TXN004008,2026-08-06 14:51:58,ACC0177,ACC0495,1546.88,INR,NEFT,Chennai,mobile,DEV0494
TXN009142,2026-08-06 14:55:06,ACC0294,ACC0495,22325.43,INR,RTGS,Delhi,atm,DEV0569
TXN007830,2026-08-06 14:55:52,ACC0080,ACC0137,201.21,INR,IMPS,Kolkata,atm,DEV0399
TXN003793,2026-08-06 14:57:03,ACC0285,ACC0196,6169.57,INR,UPI,Mumbai,branch,DEV0254
TXN000031,2026-08-06 15:01:11,ACC0084,ACC0416,3192.22,INR,RTGS,Bengaluru,branch,DEV0164
TXN003493,2026-08-06 15:03:43,ACC0435,ACC0086,1876.41,INR,RTGS,Hyderabad,web,DEV0779
TXN008562,2026-08-06 15:05:54,ACC0051,ACC0185,981.93,INR,NEFT,Chennai,atm,DEV0614
TXN003771,2026-08-06 15:08:20,ACC0058,ACC0364,7537.44,INR,RTGS,Mumbai,atm,DEV0251
TXN009286,2026-08-06 15:11:46,ACC0045,ACC0492,1569.64,INR,IMPS,Bengaluru,atm,DEV0142
TXN002834,2026-08-06 15:12:09,ACC0140,ACC0027,1454.38,INR,RTGS,Kolkata,atm,DEV0828
TXN009843,2026-08-06 15:13:28,ACC0013,ACC0481,239.48,INR,UPI,Bengaluru,atm,DEV0315
TXN006612,2026-08-06 15:14:38,ACC0301,ACC0018,1896.17,INR,NEFT,Kolkata,branch,DEV0265
TXN002884,2026-08-06 15:18:03,ACC0431,ACC0453,6107.06,INR,NEFT,Pune,web,DEV0512
TXN001101,2026-08-06 15:20:00,ACC0325,ACC0466,2129.31,INR,IMPS,Bengaluru,atm,DEV0463
TXN000210,2026-08-06 15:20:18,ACC0356,ACC0471,5471.9,INR,NEFT,Kolkata,atm,DEV0288
TXN006910,2026-08-06 15:20:43,ACC0286,ACC0470,513.77,INR,NEFT,Kochi,mobile,DEV0377
TXN006367,2026-08-06 15:21:56,ACC0383,ACC0457,4868.63,INR,UPI,Kolkata,branch,DEV0177
TXN008328,2026-08-06 15:22:44,ACC0227,ACC0493,5533.62,INR,RTGS,Pune,web,DEV0582
TXN000523,2026-08-06 15:23:08,ACC0111,ACC0233,1481.84,INR,IMPS,Hyderabad,web,DEV0344
TXN008733,2026-08-06 15:27:57,ACC0165,ACC0480,4223.51,INR,RTGS,Mumbai,atm,DEV0140
TXN001649,2026-08-06 15:31:57,ACC0268,ACC0455,1582.76,INR,NEFT,Delhi,atm,DEV0668
TXN000338,2026-08-06 15:34:34,ACC0267,ACC0483,1236.27,INR,NEFT,Kolkata,branch,DEV0370
TXN001432,2026-08-06 15:37:14,ACC0200,ACC0487,3998.7,INR,IMPS,Mumbai,web,DEV0882
TXN001186,2026-08-06 15:40:53,ACC0435,ACC0465,2533.05,INR,IMPS,Bengaluru,atm,DEV0257
TXN008376,2026-08-06 15:41:10,ACC0303,ACC0468,500.8,INR,RTGS,Mumbai,web,DEV0286
TXN007466,2026-08-06 15:43:48,ACC0231,ACC0467,5025.72,INR,RTGS,Kolkata,web,DEV0271
TXN009544,2026-08-06 15:43:48,ACC0417,ACC0477,6136.04,INR,IMPS,Kochi,branch,DEV0292
TXN010093,2026-08-06 15:43:52,ACC0136,ACC0566,282055.87,INR,UPI,Bengaluru,mobile,DEV0660
TXN006258,2026-08-06 15:47:33,ACC0397,ACC0464,462.21,INR,IMPS,Bengaluru,atm,DEV0316
TXN007753,2026-08-06 15:50:39,ACC0196,ACC0083,1310.86,INR,RTGS,Bengaluru,atm,DEV0229
TXN010094,2026-08-06 15:50:52,ACC0316,ACC0566,225649.18,INR,UPI,Chennai,atm,DEV0453
TXN006557,2026-08-06 15:51:09,ACC0331,ACC0294,8530.8,INR,RTGS,Mumbai,mobile,DEV0375
TXN003569,2026-08-06 15:53:16,ACC0062,ACC0474,308.85,INR,NEFT,Mumbai,atm,DEV0446
TXN010095,2026-08-06 15:53:52,ACC0268,ACC0566,247211.98,INR,UPI,Chennai,mobile,DEV0085
TXN001494,2026-08-06 15:54:42,ACC0008,ACC0467,688.33,INR,UPI,Kochi,web,DEV0109
TXN004595,2026-08-06 15:54:46,ACC0244,ACC0461,1068.22,INR,IMPS,Delhi,branch,DEV0899
TXN009000,2026-08-06 15:57:58,ACC0330,ACC0132,1679.22,INR,UPI,Kochi,branch,DEV0190
TXN004330,2026-08-06 15:58:44,ACC0444,ACC0459,1576.54,INR,IMPS,Kochi,mobile,DEV0285
TXN008537,2026-08-06 15:59:29,ACC0398,ACC0469,703.11,INR,UPI,Hyderabad,mobile,DEV0523
TXN010096,2026-08-06 15:59:52,ACC0566,ACC0571,600000.0,INR,IMPS,Mumbai,web,DEV0728
TXN008900,2026-08-06 16:00:32,ACC0004,ACC0465,1599.44,INR,IMPS,Pune,atm,DEV0160
TXN008973,2026-08-06 16:01:56,ACC0039,ACC0457,197.73,INR,RTGS,Delhi,atm,DEV0342
TXN008772,2026-08-06 16:03:01,ACC0243,ACC0493,2170.6,INR,UPI,Chennai,branch,DEV0563
TXN003857,2026-08-06 16:03:28,ACC0150,ACC0468,615.91,INR,IMPS,Delhi,atm,DEV0575
TXN010097,2026-08-06 16:03:32,ACC0571,ACC0523,571743.43,INR,IMPS,Bengaluru,web,DEV0747
TXN006939,2026-08-06 16:03:59,ACC0266,ACC0463,1024.33,INR,UPI,Delhi,atm,DEV0303
TXN000503,2026-08-06 16:04:31,ACC0031,ACC0467,923.8,INR,UPI,Delhi,atm,DEV0224
TXN005773,2026-08-06 16:05:16,ACC0197,ACC0466,6733.72,INR,NEFT,Kolkata,mobile,DEV0494
TXN004415,2026-08-06 16:06:49,ACC0110,ACC0480,819.95,INR,NEFT,Pune,web,DEV0548
TXN002926,2026-08-06 16:07:37,ACC0076,ACC0497,2352.36,INR,UPI,Delhi,atm,DEV0807
TXN010098,2026-08-06 16:07:42,ACC0523,ACC0574,546366.91,INR,IMPS,Chennai,web,DEV0749
TXN001612,2026-08-06 16:12:08,ACC0155,ACC0475,4740.16,INR,RTGS,Mumbai,mobile,DEV0303
TXN003223,2026-08-06 16:13:01,ACC0364,ACC0498,889.01,INR,NEFT,Kochi,branch,DEV0886
TXN007727,2026-08-06 16:13:03,ACC0328,ACC0487,83.01,INR,NEFT,Kochi,mobile,DEV0496
TXN005444,2026-08-06 16:15:34,ACC0357,ACC0491,3421.95,INR,IMPS,Pune,mobile,DEV0734
TXN005327,2026-08-06 16:16:49,ACC0048,ACC0498,12692.19,INR,UPI,Hyderabad,mobile,DEV0676
TXN008086,2026-08-06 16:20:49,ACC0146,ACC0278,2549.38,INR,RTGS,Mumbai,branch,DEV0473
TXN007614,2026-08-06 16:21:06,ACC0373,ACC0460,820.05,INR,IMPS,Delhi,web,DEV0055
TXN009055,2026-08-06 16:24:34,ACC0253,ACC0470,1133.27,INR,UPI,Hyderabad,atm,DEV0729
TXN009859,2026-08-06 16:24:58,ACC0031,ACC0459,79850.47,INR,UPI,Kochi,mobile,DEV0691
TXN002271,2026-08-06 16:27:13,ACC0153,ACC0196,4391.57,INR,UPI,Hyderabad,web,DEV0642
TXN009131,2026-08-06 16:29:56,ACC0133,ACC0328,701.18,INR,IMPS,Hyderabad,branch,DEV0814
TXN009988,2026-08-06 16:30:39,ACC0244,ACC0492,1065.21,INR,IMPS,Kochi,mobile,DEV0444
TXN008741,2026-08-06 16:31:05,ACC0441,ACC0461,2444.1,INR,NEFT,Chennai,atm,DEV0312
TXN005187,2026-08-06 16:32:19,ACC0382,ACC0467,2906.56,INR,RTGS,Pune,mobile,DEV0137
TXN007272,2026-08-06 16:32:53,ACC0368,ACC0237,5756.16,INR,RTGS,Hyderabad,branch,DEV0711
TXN004912,2026-08-06 16:33:58,ACC0146,ACC0247,1592.52,INR,NEFT,Hyderabad,branch,DEV0817
TXN002815,2026-08-06 16:35:50,ACC0439,ACC0485,732.22,INR,RTGS,Hyderabad,web,DEV0614
TXN003186,2026-08-06 16:37:48,ACC0167,ACC0437,2225.62,INR,IMPS,Pune,branch,DEV0899
TXN008316,2026-08-06 16:38:58,ACC0099,ACC0478,762.64,INR,NEFT,Chennai,branch,DEV0056
TXN007741,2026-08-06 16:39:00,ACC0243,ACC0365,1833.86,INR,NEFT,Mumbai,atm,DEV0622
TXN002068,2026-08-06 16:43:28,ACC0299,ACC0328,228.4,INR,UPI,Hyderabad,mobile,DEV0027
TXN008980,2026-08-06 16:43:53,ACC0102,ACC0116,993.97,INR,RTGS,Pune,atm,DEV0166
TXN004902,2026-08-06 16:44:58,ACC0329,ACC0411,3438.98,INR,IMPS,Delhi,atm,DEV0798
TXN007237,2026-08-06 16:48:32,ACC0298,ACC0345,160.94,INR,UPI,Bengaluru,mobile,DEV0650
TXN004818,2026-08-06 16:48:54,ACC0036,ACC0490,3244.54,INR,NEFT,Chennai,atm,DEV0832
TXN009700,2026-08-06 16:49:56,ACC0396,ACC0452,931.49,INR,UPI,Chennai,web,DEV0811
TXN000303,2026-08-06 16:50:48,ACC0397,ACC0499,3000.05,INR,RTGS,Pune,atm,DEV0440
TXN000552,2026-08-06 16:58:44,ACC0341,ACC0214,2167.26,INR,IMPS,Kochi,mobile,DEV0614
TXN001048,2026-08-06 16:59:45,ACC0189,ACC0123,5292.78,INR,IMPS,Mumbai,mobile,DEV0212
TXN002708,2026-08-06 17:00:00,ACC0223,ACC0472,2713.83,INR,IMPS,Hyderabad,atm,DEV0594
TXN009754,2026-08-06 17:00:28,ACC0324,ACC0480,450.17,INR,IMPS,Pune,atm,DEV0728
TXN009647,2026-08-06 17:02:29,ACC0129,ACC0473,1075.9,INR,UPI,Mumbai,branch,DEV0177
TXN004372,2026-08-06 17:04:07,ACC0182,ACC0468,994.25,INR,RTGS,Kolkata,mobile,DEV0591
TXN002124,2026-08-06 17:09:18,ACC0074,ACC0462,1110.79,INR,NEFT,Kolkata,branch,DEV0033
TXN004842,2026-08-06 17:10:24,ACC0272,ACC0486,3326.92,INR,UPI,Chennai,mobile,DEV0613
TXN005786,2026-08-06 17:10:30,ACC0347,ACC0021,5339.84,INR,IMPS,Pune,branch,DEV0733
TXN008653,2026-08-06 17:11:40,ACC0357,ACC0471,5109.88,INR,RTGS,Hyderabad,atm,DEV0743
TXN004641,2026-08-06 17:13:36,ACC0231,ACC0487,2855.03,INR,RTGS,Chennai,mobile,DEV0763
TXN004919,2026-08-06 17:16:01,ACC0345,ACC0485,2615.37,INR,NEFT,Kolkata,web,DEV0060
TXN003204,2026-08-06 17:16:33,ACC0058,ACC0485,10109.44,INR,IMPS,Kolkata,mobile,DEV0394
TXN007649,2026-08-06 17:20:30,ACC0176,ACC0492,668.53,INR,RTGS,Mumbai,mobile,DEV0343
TXN001708,2026-08-06 17:21:12,ACC0179,ACC0383,1812.13,INR,UPI,Chennai,branch,DEV0647
TXN007289,2026-08-06 17:23:36,ACC0450,ACC0186,3602.82,INR,IMPS,Pune,web,DEV0725
TXN009492,2026-08-06 17:27:48,ACC0403,ACC0469,5874.44,INR,IMPS,Hyderabad,branch,DEV0495
TXN008356,2026-08-06 17:28:19,ACC0378,ACC0479,4027.28,INR,IMPS,Bengaluru,branch,DEV0572
TXN002801,2026-08-06 17:30:10,ACC0118,ACC0484,1158.55,INR,RTGS,Chennai,web,DEV0554
TXN004228,2026-08-06 17:31:06,ACC0209,ACC0476,7781.05,INR,NEFT,Kolkata,branch,DEV0356
TXN008995,2026-08-06 17:31:13,ACC0004,ACC0174,2854.78,INR,IMPS,Pune,web,DEV0069
TXN002452,2026-08-06 17:31:19,ACC0166,ACC0453,1174.9,INR,UPI,Delhi,web,DEV0749
TXN003594,2026-08-06 17:31:30,ACC0270,ACC0227,187.42,INR,RTGS,Mumbai,mobile,DEV0302
TXN007899,2026-08-06 17:34:49,ACC0296,ACC0173,2408.3,INR,UPI,Bengaluru,web,DEV0642
TXN003158,2026-08-06 17:35:26,ACC0448,ACC0476,760.01,INR,IMPS,Kochi,mobile,DEV0291
TXN005534,2026-08-06 17:35:55,ACC0092,ACC0489,4674.1,INR,RTGS,Kolkata,atm,DEV0229
TXN007341,2026-08-06 17:39:42,ACC0158,ACC0459,10077.4,INR,NEFT,Hyderabad,web,DEV0571
TXN003652,2026-08-06 17:41:41,ACC0271,ACC0352,397.7,INR,RTGS,Chennai,mobile,DEV0388
TXN003654,2026-08-06 17:43:17,ACC0373,ACC0190,1026.67,INR,UPI,Pune,mobile,DEV0694
TXN006703,2026-08-06 17:44:20,ACC0007,ACC0464,780.01,INR,UPI,Chennai,atm,DEV0860
TXN005011,2026-08-06 17:51:02,ACC0205,ACC0470,2030.03,INR,IMPS,Mumbai,atm,DEV0523
TXN001897,2026-08-06 18:00:50,ACC0045,ACC0487,1356.13,INR,RTGS,Chennai,web,DEV0420
TXN003519,2026-08-06 18:01:20,ACC0010,ACC0184,5622.52,INR,IMPS,Chennai,branch,DEV0495
TXN000784,2026-08-06 18:03:05,ACC0374,ACC0456,4583.71,INR,RTGS,Chennai,atm,DEV0694
TXN001823,2026-08-06 18:03:40,ACC0240,ACC0340,142.06,INR,IMPS,Kochi,branch,DEV0150
TXN000512,2026-08-06 18:04:52,ACC0407,ACC0490,3217.35,INR,NEFT,Mumbai,web,DEV0437
TXN005416,2026-08-06 18:06:07,ACC0159,ACC0481,20869.04,INR,RTGS,Chennai,web,DEV0204
TXN003162,2026-08-06 18:07:07,ACC0057,ACC0039,7522.06,INR,RTGS,Delhi,branch,DEV0677
TXN003744,2026-08-06 18:12:55,ACC0178,ACC0498,3642.75,INR,RTGS,Delhi,branch,DEV0890
TXN001323,2026-08-06 18:13:37,ACC0394,ACC0458,3420.67,INR,IMPS,Hyderabad,mobile,DEV0832
TXN002946,2026-08-06 18:16:12,ACC0330,ACC0477,870.93,INR,RTGS,Kochi,mobile,DEV0826
TXN001242,2026-08-06 18:26:07,ACC0135,ACC0493,1894.4,INR,NEFT,Hyderabad,web,DEV0765
TXN005059,2026-08-06 18:26:08,ACC0325,ACC0495,362.81,INR,IMPS,Mumbai,mobile,DEV0096
TXN003669,2026-08-06 18:26:57,ACC0333,ACC0477,1417.78,INR,NEFT,Kolkata,atm,DEV0382
TXN006770,2026-08-06 18:27:10,ACC0403,ACC0462,881.23,INR,IMPS,Kochi,mobile,DEV0493
TXN006195,2026-08-06 18:28:38,ACC0016,ACC0339,4285.38,INR,UPI,Pune,atm,DEV0251
TXN002281,2026-08-06 18:29:23,ACC0209,ACC0457,5110.39,INR,NEFT,Pune,mobile,DEV0429
TXN006547,2026-08-06 18:31:06,ACC0416,ACC0434,909.58,INR,IMPS,Delhi,branch,DEV0052
TXN007286,2026-08-06 18:32:12,ACC0428,ACC0460,3068.24,INR,RTGS,Hyderabad,atm,DEV0305
TXN003289,2026-08-06 18:33:23,ACC0008,ACC0499,4641.8,INR,RTGS,Pune,atm,DEV0097
TXN009732,2026-08-06 18:33:35,ACC0198,ACC0465,814.96,INR,RTGS,Mumbai,atm,DEV0453
TXN001415,2026-08-06 18:34:21,ACC0100,ACC0477,3905.31,INR,RTGS,Bengaluru,atm,DEV0888
TXN008504,2026-08-06 18:34:58,ACC0189,ACC0482,1143.86,INR,RTGS,Mumbai,branch,DEV0588
TXN007745,2026-08-06 18:37:47,ACC0334,ACC0270,1338.22,INR,RTGS,Mumbai,branch,DEV0445
TXN001475,2026-08-06 18:39:03,ACC0286,ACC0454,1112.63,INR,UPI,Pune,atm,DEV0883
TXN002837,2026-08-06 18:41:00,ACC0187,ACC0482,1907.47,INR,RTGS,Kolkata,web,DEV0658
TXN009085,2026-08-06 18:44:36,ACC0245,ACC0448,2165.29,INR,IMPS,Bengaluru,atm,DEV0269
TXN009345,2026-08-06 18:47:09,ACC0397,ACC0449,1092.88,INR,UPI,Kolkata,atm,DEV0684
TXN007831,2026-08-06 18:49:34,ACC0089,ACC0488,3229.27,INR,RTGS,Kolkata,web,DEV0532
TXN001915,2026-08-06 18:53:07,ACC0077,ACC0495,582.71,INR,RTGS,Chennai,branch,DEV0242
TXN003924,2026-08-06 18:54:21,ACC0310,ACC0327,167.84,INR,UPI,Hyderabad,branch,DEV0272
TXN007238,2026-08-06 18:54:58,ACC0013,ACC0457,1229.23,INR,UPI,Pune,atm,DEV0096
TXN009899,2026-08-06 18:56:24,ACC0108,ACC0487,808.96,INR,RTGS,Hyderabad,web,DEV0144
TXN000277,2026-08-06 18:56:27,ACC0016,ACC0492,823.88,INR,IMPS,Hyderabad,branch,DEV0244
TXN004085,2026-08-06 19:03:54,ACC0337,ACC0461,2128.57,INR,IMPS,Hyderabad,branch,DEV0507
TXN001158,2026-08-06 19:12:21,ACC0150,ACC0465,2783.31,INR,RTGS,Mumbai,web,DEV0617
TXN000793,2026-08-06 19:12:30,ACC0216,ACC0017,400.23,INR,RTGS,Delhi,branch,DEV0770
TXN009448,2026-08-06 19:12:50,ACC0259,ACC0125,210.3,INR,UPI,Pune,atm,DEV0676
TXN007897,2026-08-06 19:14:24,ACC0288,ACC0477,783.83,INR,IMPS,Pune,atm,DEV0715
TXN006192,2026-08-06 19:15:32,ACC0156,ACC0195,387.63,INR,RTGS,Chennai,branch,DEV0417
TXN003806,2026-08-06 19:17:11,ACC0053,ACC0451,5464.16,INR,NEFT,Kochi,branch,DEV0747
TXN000457,2026-08-06 19:18:39,ACC0056,ACC0462,4499.59,INR,NEFT,Kochi,branch,DEV0037
TXN004867,2026-08-06 19:19:43,ACC0148,ACC0468,416.48,INR,RTGS,Mumbai,branch,DEV0844
TXN001815,2026-08-06 19:20:22,ACC0215,ACC0322,1940.25,INR,RTGS,Mumbai,mobile,DEV0063
TXN005938,2026-08-06 19:26:48,ACC0331,ACC0462,1371.51,INR,IMPS,Bengaluru,branch,DEV0125
TXN000134,2026-08-06 19:29:44,ACC0181,ACC0492,1556.91,INR,NEFT,Mumbai,atm,DEV0038
TXN009615,2026-08-06 19:35:20,ACC0401,ACC0458,6476.08,INR,UPI,Hyderabad,atm,DEV0425
TXN003467,2026-08-06 19:39:13,ACC0158,ACC0493,1171.02,INR,NEFT,Delhi,atm,DEV0482
TXN008812,2026-08-06 19:43:04,ACC0333,ACC0488,1821.6,INR,UPI,Chennai,mobile,DEV0597
TXN002643,2026-08-06 19:45:48,ACC0110,ACC0346,1029.95,INR,IMPS,Hyderabad,atm,DEV0894
TXN005723,2026-08-06 19:45:53,ACC0278,ACC0469,716.68,INR,RTGS,Kochi,mobile,DEV0164
TXN008825,2026-08-06 19:47:05,ACC0376,ACC0465,41.36,INR,NEFT,Hyderabad,mobile,DEV0598
TXN005655,2026-08-06 19:48:14,ACC0391,ACC0484,3484.95,INR,RTGS,Kolkata,branch,DEV0095
TXN006946,2026-08-06 19:48:39,ACC0383,ACC0487,337.83,INR,NEFT,Hyderabad,mobile,DEV0103
TXN007074,2026-08-06 19:50:29,ACC0058,ACC0356,3313.83,INR,UPI,Kolkata,web,DEV0504
TXN009445,2026-08-06 19:53:44,ACC0445,ACC0456,3268.62,INR,IMPS,Delhi,web,DEV0076
TXN001351,2026-08-06 19:53:57,ACC0088,ACC0485,1388.22,INR,NEFT,Bengaluru,mobile,DEV0158
TXN006035,2026-08-06 19:55:00,ACC0391,ACC0005,1243.68,INR,NEFT,Bengaluru,web,DEV0052
TXN002975,2026-08-06 19:56:14,ACC0378,ACC0141,63.78,INR,NEFT,Mumbai,branch,DEV0593
TXN005453,2026-08-06 19:56:55,ACC0046,ACC0478,1859.69,INR,RTGS,Pune,branch,DEV0763
TXN003579,2026-08-06 19:57:49,ACC0449,ACC0485,4778.11,INR,IMPS,Bengaluru,branch,DEV0048
TXN008329,2026-08-06 19:58:13,ACC0043,ACC0489,3588.97,INR,NEFT,Hyderabad,mobile,DEV0687
TXN008798,2026-08-06 20:00:13,ACC0118,ACC0487,3681.55,INR,NEFT,Pune,mobile,DEV0339
TXN005372,2026-08-06 20:01:10,ACC0193,ACC0481,2905.44,INR,UPI,Delhi,branch,DEV0264
TXN007232,2026-08-06 20:05:07,ACC0136,ACC0025,24028.95,INR,UPI,Pune,branch,DEV0216
TXN004356,2026-08-06 20:05:54,ACC0081,ACC0379,4306.8,INR,NEFT,Kolkata,branch,DEV0652
TXN005371,2026-08-06 20:06:01,ACC0210,ACC0476,3886.76,INR,NEFT,Pune,web,DEV0095
TXN004553,2026-08-06 20:06:10,ACC0291,ACC0472,174.53,INR,RTGS,Chennai,atm,DEV0143
TXN005492,2026-08-06 20:07:13,ACC0353,ACC0483,3371.78,INR,NEFT,Delhi,mobile,DEV0834
TXN007984,2026-08-06 20:09:59,ACC0405,ACC0473,148.04,INR,IMPS,Mumbai,branch,DEV0799
TXN004284,2026-08-06 20:14:22,ACC0218,ACC0451,9265.97,INR,UPI,Hyderabad,branch,DEV0601
TXN004066,2026-08-06 20:19:08,ACC0319,ACC0494,30005.9,INR,IMPS,Delhi,web,DEV0571
TXN002668,2026-08-06 20:20:08,ACC0287,ACC0473,6234.92,INR,IMPS,Delhi,mobile,DEV0465
TXN001429,2026-08-06 20:21:54,ACC0064,ACC0485,1192.48,INR,RTGS,Kochi,atm,DEV0201
TXN009701,2026-08-06 20:21:55,ACC0078,ACC0452,8247.62,INR,NEFT,Kochi,web,DEV0544
TXN000514,2026-08-06 20:23:35,ACC0141,ACC0477,709.25,INR,UPI,Delhi,mobile,DEV0811
TXN004058,2026-08-06 20:24:01,ACC0332,ACC0020,2879.61,INR,IMPS,Pune,branch,DEV0739
TXN004351,2026-08-06 20:25:35,ACC0072,ACC0458,1795.91,INR,RTGS,Bengaluru,branch,DEV0744
TXN008808,2026-08-06 20:27:46,ACC0157,ACC0473,32399.97,INR,RTGS,Pune,mobile,DEV0148
TXN000517,2026-08-06 20:31:39,ACC0313,ACC0489,3705.95,INR,UPI,Bengaluru,web,DEV0121
TXN006649,2026-08-06 20:31:49,ACC0340,ACC0456,3133.92,INR,UPI,Mumbai,mobile,DEV0092
TXN001639,2026-08-06 20:32:01,ACC0354,ACC0073,4606.42,INR,IMPS,Hyderabad,web,DEV0355
TXN007449,2026-08-06 20:32:19,ACC0176,ACC0178,19039.69,INR,RTGS,Bengaluru,web,DEV0880
TXN004010,2026-08-06 20:39:06,ACC0369,ACC0473,914.86,INR,IMPS,Pune,branch,DEV0043
TXN002142,2026-08-06 20:39:38,ACC0072,ACC0476,928.4,INR,NEFT,Delhi,mobile,DEV0310
TXN008249,2026-08-06 20:42:35,ACC0360,ACC0457,2556.48,INR,NEFT,Kochi,web,DEV0392
TXN002078,2026-08-06 20:47:12,ACC0370,ACC0467,7510.33,INR,IMPS,Kolkata,mobile,DEV0692
TXN004753,2026-08-06 20:48:34,ACC0192,ACC0478,18222.89,INR,IMPS,Kolkata,mobile,DEV0790
TXN007559,2026-08-06 20:48:59,ACC0148,ACC0475,1246.19,INR,IMPS,Hyderabad,atm,DEV0627
TXN002717,2026-08-06 20:49:19,ACC0296,ACC0470,6498.56,INR,IMPS,Delhi,web,DEV0509
TXN009402,2026-08-06 20:55:25,ACC0125,ACC0455,3926.78,INR,UPI,Kochi,web,DEV0385
TXN004018,2026-08-06 20:55:49,ACC0096,ACC0474,1045.37,INR,IMPS,Kochi,atm,DEV0064
TXN009065,2026-08-07 09:03:27,ACC0401,ACC0498,6636.21,INR,IMPS,Kochi,mobile,DEV0877
TXN002185,2026-08-07 09:09:50,ACC0445,ACC0500,1697.01,INR,RTGS,Delhi,atm,DEV0773
TXN003112,2026-08-07 09:11:39,ACC0074,ACC0158,334.27,INR,NEFT,Mumbai,mobile,DEV0635
TXN008147,2026-08-07 09:15:29,ACC0004,ACC0487,343.25,INR,UPI,Chennai,atm,DEV0657
TXN006068,2026-08-07 09:16:07,ACC0158,ACC0486,2022.15,INR,NEFT,Kochi,atm,DEV0804
TXN006046,2026-08-07 09:19:55,ACC0252,ACC0487,1726.34,INR,NEFT,Pune,mobile,DEV0731
TXN001744,2026-08-07 09:21:14,ACC0134,ACC0489,1560.42,INR,NEFT,Bengaluru,mobile,DEV0543
TXN007921,2026-08-07 09:21:43,ACC0309,ACC0490,2999.2,INR,UPI,Chennai,branch,DEV0422
TXN008793,2026-08-07 09:26:58,ACC0023,ACC0422,5779.44,INR,IMPS,Delhi,atm,DEV0780
TXN003482,2026-08-07 09:33:43,ACC0227,ACC0242,976.43,INR,UPI,Bengaluru,mobile,DEV0618
TXN000229,2026-08-07 09:36:22,ACC0072,ACC0417,1902.84,INR,NEFT,Kolkata,branch,DEV0297
TXN004452,2026-08-07 09:37:09,ACC0356,ACC0167,1657.04,INR,NEFT,Delhi,branch,DEV0472
TXN009116,2026-08-07 09:37:12,ACC0391,ACC0489,1251.92,INR,RTGS,Bengaluru,atm,DEV0563
TXN006430,2026-08-07 09:37:50,ACC0154,ACC0478,10384.05,INR,RTGS,Pune,branch,DEV0563
TXN007493,2026-08-07 09:38:03,ACC0120,ACC0481,352.14,INR,UPI,Bengaluru,mobile,DEV0266
TXN000462,2026-08-07 09:40:12,ACC0171,ACC0491,2646.35,INR,UPI,Hyderabad,branch,DEV0519
TXN008691,2026-08-07 09:46:33,ACC0397,ACC0477,690.24,INR,NEFT,Hyderabad,web,DEV0784
TXN008977,2026-08-07 09:48:20,ACC0241,ACC0479,166.54,INR,UPI,Bengaluru,mobile,DEV0504
TXN002689,2026-08-07 09:51:48,ACC0128,ACC0470,329.54,INR,RTGS,Hyderabad,branch,DEV0713
TXN009407,2026-08-07 09:53:54,ACC0374,ACC0491,1420.05,INR,IMPS,Hyderabad,atm,DEV0402
TXN007431,2026-08-07 10:07:17,ACC0217,ACC0463,2103.44,INR,NEFT,Chennai,atm,DEV0490
TXN003764,2026-08-07 10:08:04,ACC0112,ACC0494,1599.22,INR,UPI,Hyderabad,web,DEV0721
TXN007826,2026-08-07 10:11:23,ACC0381,ACC0463,917.95,INR,UPI,Hyderabad,web,DEV0045
TXN007942,2026-08-07 10:11:50,ACC0376,ACC0475,14842.55,INR,RTGS,Pune,web,DEV0687
TXN009622,2026-08-07 10:11:52,ACC0201,ACC0055,3126.79,INR,IMPS,Mumbai,mobile,DEV0324
TXN003470,2026-08-07 10:12:26,ACC0149,ACC0490,1544.88,INR,RTGS,Delhi,atm,DEV0419
TXN007155,2026-08-07 10:14:11,ACC0207,ACC0479,1769.36,INR,IMPS,Delhi,atm,DEV0272
TXN000627,2026-08-07 10:19:49,ACC0321,ACC0276,1434.81,INR,UPI,Mumbai,web,DEV0157
TXN008926,2026-08-07 10:21:58,ACC0247,ACC0462,1980.45,INR,NEFT,Mumbai,web,DEV0113
TXN002966,2026-08-07 10:22:25,ACC0032,ACC0459,6188.74,INR,NEFT,Bengaluru,branch,DEV0188
TXN003733,2026-08-07 10:23:04,ACC0004,ACC0454,4309.63,INR,RTGS,Mumbai,atm,DEV0356
TXN005157,2026-08-07 10:25:54,ACC0422,ACC0472,496.82,INR,RTGS,Kochi,branch,DEV0629
TXN002747,2026-08-07 10:30:03,ACC0399,ACC0474,1690.3,INR,UPI,Delhi,mobile,DEV0017
TXN001882,2026-08-07 10:30:29,ACC0125,ACC0206,921.78,INR,NEFT,Mumbai,mobile,DEV0394
TXN004650,2026-08-07 10:33:34,ACC0370,ACC0452,977.16,INR,NEFT,Kochi,atm,DEV0895
TXN007401,2026-08-07 10:35:23,ACC0307,ACC0483,2189.99,INR,RTGS,Bengaluru,atm,DEV0135
TXN001831,2026-08-07 10:38:28,ACC0084,ACC0495,2069.16,INR,UPI,Mumbai,mobile,DEV0827
TXN002806,2026-08-07 10:38:50,ACC0237,ACC0464,2457.08,INR,UPI,Kolkata,web,DEV0233
TXN009228,2026-08-07 10:39:02,ACC0173,ACC0167,865.02,INR,UPI,Kolkata,web,DEV0873
TXN008834,2026-08-07 10:39:18,ACC0176,ACC0300,1035.17,INR,UPI,Mumbai,web,DEV0604
TXN008102,2026-08-07 10:40:01,ACC0256,ACC0495,1155.17,INR,RTGS,Kochi,atm,DEV0414
TXN003644,2026-08-07 10:42:19,ACC0219,ACC0495,4031.24,INR,IMPS,Kolkata,atm,DEV0566
TXN003688,2026-08-07 10:46:15,ACC0396,ACC0492,2541.05,INR,IMPS,Bengaluru,branch,DEV0461
TXN009954,2026-08-07 10:47:52,ACC0151,ACC0485,3521.64,INR,UPI,Mumbai,web,DEV0410
TXN005819,2026-08-07 10:49:14,ACC0323,ACC0357,1775.2,INR,NEFT,Kolkata,web,DEV0112
TXN009566,2026-08-07 10:57:40,ACC0109,ACC0471,2238.04,INR,RTGS,Hyderabad,atm,DEV0684
TXN008713,2026-08-07 10:59:39,ACC0013,ACC0479,1570.0,INR,RTGS,Pune,web,DEV0528
TXN000996,2026-08-07 10:59:51,ACC0087,ACC0465,2107.29,INR,RTGS,Chennai,branch,DEV0080
TXN001877,2026-08-07 11:00:10,ACC0179,ACC0127,976.0,INR,NEFT,Kolkata,branch,DEV0353
TXN000283,2026-08-07 11:02:27,ACC0086,ACC0414,317.07,INR,IMPS,Mumbai,mobile,DEV0398
TXN005949,2026-08-07 11:02:38,ACC0311,ACC0462,2341.26,INR,NEFT,Kochi,web,DEV0349
TXN000591,2026-08-07 11:06:11,ACC0384,ACC0217,777.69,INR,RTGS,Hyderabad,mobile,DEV0503
TXN005675,2026-08-07 11:10:01,ACC0004,ACC0490,1223.08,INR,UPI,Pune,atm,DEV0500
TXN002555,2026-08-07 11:12:20,ACC0204,ACC0452,1665.27,INR,UPI,Delhi,branch,DEV0353
TXN005427,2026-08-07 11:13:03,ACC0433,ACC0498,332.71,INR,RTGS,Bengaluru,web,DEV0610
TXN008156,2026-08-07 11:13:47,ACC0093,ACC0465,6289.55,INR,NEFT,Kolkata,atm,DEV0166
TXN001840,2026-08-07 11:13:56,ACC0132,ACC0469,1283.21,INR,UPI,Pune,mobile,DEV0809
TXN007935,2026-08-07 11:14:19,ACC0113,ACC0265,6672.59,INR,NEFT,Hyderabad,mobile,DEV0375
TXN000263,2026-08-07 11:17:17,ACC0350,ACC0473,1451.47,INR,NEFT,Hyderabad,atm,DEV0422
TXN008619,2026-08-07 11:17:55,ACC0114,ACC0185,793.03,INR,NEFT,Bengaluru,branch,DEV0096
TXN006400,2026-08-07 11:19:27,ACC0061,ACC0402,3281.41,INR,NEFT,Mumbai,mobile,DEV0540
TXN004862,2026-08-07 11:20:05,ACC0127,ACC0498,5963.9,INR,NEFT,Mumbai,branch,DEV0586
TXN008662,2026-08-07 11:21:20,ACC0078,ACC0494,926.62,INR,RTGS,Bengaluru,branch,DEV0549
TXN006451,2026-08-07 11:22:14,ACC0408,ACC0454,1134.59,INR,IMPS,Bengaluru,atm,DEV0186
TXN008709,2026-08-07 11:24:07,ACC0172,ACC0462,3748.32,INR,IMPS,Hyderabad,web,DEV0353
TXN006447,2026-08-07 11:31:16,ACC0227,ACC0484,850.13,INR,IMPS,Kochi,branch,DEV0248
TXN003978,2026-08-07 11:31:44,ACC0065,ACC0477,1363.59,INR,UPI,Delhi,mobile,DEV0046
TXN002253,2026-08-07 11:32:07,ACC0174,ACC0232,3467.6,INR,UPI,Chennai,atm,DEV0235
TXN008397,2026-08-07 11:33:34,ACC0238,ACC0454,1088.66,INR,IMPS,Pune,branch,DEV0444
TXN001817,2026-08-07 11:36:47,ACC0371,ACC0090,1364.97,INR,IMPS,Hyderabad,atm,DEV0743
TXN008210,2026-08-07 11:39:46,ACC0018,ACC0476,495.47,INR,NEFT,Bengaluru,branch,DEV0119
TXN003703,2026-08-07 11:46:35,ACC0428,ACC0307,1416.92,INR,NEFT,Kochi,branch,DEV0692
TXN003864,2026-08-07 11:47:51,ACC0274,ACC0451,1282.44,INR,RTGS,Hyderabad,mobile,DEV0625
TXN000388,2026-08-07 11:51:47,ACC0121,ACC0475,483.21,INR,IMPS,Kochi,branch,DEV0257
TXN009316,2026-08-07 11:56:48,ACC0271,ACC0193,3092.78,INR,NEFT,Hyderabad,atm,DEV0311
TXN007592,2026-08-07 11:58:02,ACC0043,ACC0487,8532.63,INR,NEFT,Pune,branch,DEV0606
TXN009834,2026-08-07 12:06:28,ACC0006,ACC0492,839.95,INR,NEFT,Bengaluru,atm,DEV0457
TXN006477,2026-08-07 12:08:09,ACC0014,ACC0458,1232.64,INR,NEFT,Delhi,mobile,DEV0577
TXN007359,2026-08-07 12:10:00,ACC0080,ACC0457,542.13,INR,NEFT,Kochi,mobile,DEV0716
TXN003491,2026-08-07 12:15:07,ACC0362,ACC0469,4122.1,INR,RTGS,Pune,branch,DEV0019
TXN009527,2026-08-07 12:16:51,ACC0041,ACC0493,392.74,INR,RTGS,Kolkata,mobile,DEV0154
TXN004244,2026-08-07 12:18:45,ACC0248,ACC0321,2594.58,INR,UPI,Kochi,mobile,DEV0561
TXN005511,2026-08-07 12:19:59,ACC0217,ACC0467,1449.79,INR,IMPS,Chennai,mobile,DEV0712
TXN002414,2026-08-07 12:20:17,ACC0134,ACC0466,438.47,INR,NEFT,Pune,mobile,DEV0201
TXN005409,2026-08-07 12:21:31,ACC0197,ACC0456,3121.37,INR,NEFT,Hyderabad,branch,DEV0134
TXN002322,2026-08-07 12:23:28,ACC0037,ACC0460,2373.2,INR,UPI,Kochi,web,DEV0859
TXN002879,2026-08-07 12:23:50,ACC0286,ACC0340,24331.81,INR,RTGS,Pune,mobile,DEV0574
TXN005573,2026-08-07 12:24:22,ACC0206,ACC0476,996.59,INR,RTGS,Mumbai,mobile,DEV0058
TXN002579,2026-08-07 12:24:45,ACC0086,ACC0500,1965.31,INR,UPI,Chennai,web,DEV0279
TXN007128,2026-08-07 12:25:54,ACC0304,ACC0451,1083.62,INR,UPI,Kolkata,atm,DEV0315
TXN004112,2026-08-07 12:26:00,ACC0420,ACC0141,7701.39,INR,NEFT,Delhi,mobile,DEV0754
TXN006204,2026-08-07 12:30:07,ACC0428,ACC0475,594.6,INR,UPI,Kochi,mobile,DEV0566
TXN006257,2026-08-07 12:30:40,ACC0375,ACC0478,1861.65,INR,RTGS,Delhi,atm,DEV0786
TXN004838,2026-08-07 12:34:16,ACC0152,ACC0498,1021.94,INR,UPI,Mumbai,web,DEV0672
TXN006281,2026-08-07 12:34:49,ACC0075,ACC0480,4393.72,INR,UPI,Hyderabad,web,DEV0548
TXN007696,2026-08-07 12:35:24,ACC0108,ACC0215,1439.6,INR,NEFT,Mumbai,atm,DEV0567
TXN004148,2026-08-07 12:36:26,ACC0359,ACC0476,2016.36,INR,RTGS,Mumbai,mobile,DEV0631
TXN008299,2026-08-07 12:36:51,ACC0140,ACC0471,2489.44,INR,NEFT,Pune,branch,DEV0622
TXN002824,2026-08-07 12:38:38,ACC0403,ACC0459,3447.05,INR,UPI,Chennai,mobile,DEV0077
TXN006324,2026-08-07 12:40:42,ACC0182,ACC0489,10852.28,INR,UPI,Delhi,mobile,DEV0831
TXN001244,2026-08-07 12:42:30,ACC0125,ACC0411,1552.83,INR,NEFT,Pune,mobile,DEV0150
TXN001967,2026-08-07 12:46:15,ACC0355,ACC0489,982.29,INR,NEFT,Chennai,web,DEV0620
TXN002171,2026-08-07 12:48:13,ACC0419,ACC0485,1254.72,INR,RTGS,Chennai,web,DEV0708
TXN005017,2026-08-07 12:49:58,ACC0290,ACC0350,1073.5,INR,RTGS,Kochi,atm,DEV0596
TXN003198,2026-08-07 12:52:03,ACC0105,ACC0474,2127.34,INR,NEFT,Bengaluru,web,DEV0194
TXN001993,2026-08-07 12:54:52,ACC0185,ACC0466,165.52,INR,RTGS,Bengaluru,web,DEV0216
TXN001677,2026-08-07 12:56:00,ACC0206,ACC0457,851.13,INR,IMPS,Pune,atm,DEV0452
TXN005331,2026-08-07 12:57:02,ACC0239,ACC0499,2459.72,INR,UPI,Bengaluru,web,DEV0722
TXN008354,2026-08-07 13:04:07,ACC0118,ACC0470,4600.19,INR,IMPS,Mumbai,branch,DEV0547
TXN007683,2026-08-07 13:04:50,ACC0230,ACC0494,1072.17,INR,NEFT,Chennai,branch,DEV0041
TXN000833,2026-08-07 13:06:06,ACC0412,ACC0478,219.69,INR,IMPS,Chennai,web,DEV0289
TXN002029,2026-08-07 13:09:02,ACC0431,ACC0240,503.33,INR,RTGS,Kochi,atm,DEV0293
TXN001185,2026-08-07 13:09:56,ACC0260,ACC0462,29900.09,INR,UPI,Mumbai,web,DEV0192
TXN008853,2026-08-07 13:10:09,ACC0116,ACC0261,550.1,INR,RTGS,Mumbai,branch,DEV0882
TXN005916,2026-08-07 13:12:18,ACC0433,ACC0453,3009.11,INR,UPI,Chennai,mobile,DEV0239
TXN006617,2026-08-07 13:22:32,ACC0257,ACC0494,1579.03,INR,NEFT,Pune,web,DEV0538
TXN001094,2026-08-07 13:25:40,ACC0403,ACC0482,361.72,INR,IMPS,Chennai,mobile,DEV0340
TXN007029,2026-08-07 13:26:28,ACC0318,ACC0464,316.82,INR,RTGS,Bengaluru,atm,DEV0687
TXN001902,2026-08-07 13:27:05,ACC0167,ACC0462,1364.16,INR,NEFT,Bengaluru,mobile,DEV0211
TXN008142,2026-08-07 13:28:58,ACC0030,ACC0452,3479.64,INR,UPI,Delhi,web,DEV0450
TXN008775,2026-08-07 13:30:14,ACC0037,ACC0471,1722.25,INR,UPI,Hyderabad,mobile,DEV0865
TXN004947,2026-08-07 13:31:39,ACC0202,ACC0471,1185.71,INR,UPI,Chennai,mobile,DEV0022
TXN001070,2026-08-07 13:32:19,ACC0399,ACC0465,793.73,INR,UPI,Hyderabad,web,DEV0585
TXN003656,2026-08-07 13:35:46,ACC0022,ACC0484,1771.19,INR,RTGS,Kolkata,atm,DEV0709
TXN001144,2026-08-07 13:40:27,ACC0165,ACC0499,1224.03,INR,RTGS,Chennai,atm,DEV0107
TXN000311,2026-08-07 13:53:33,ACC0055,ACC0489,6571.57,INR,RTGS,Hyderabad,web,DEV0041
TXN005512,2026-08-07 13:55:56,ACC0345,ACC0106,9089.99,INR,NEFT,Kochi,branch,DEV0638
TXN001832,2026-08-07 13:58:59,ACC0142,ACC0451,1550.37,INR,UPI,Kochi,mobile,DEV0604
TXN008732,2026-08-07 14:00:06,ACC0268,ACC0486,1075.18,INR,NEFT,Bengaluru,atm,DEV0104
TXN006725,2026-08-07 14:02:32,ACC0056,ACC0316,959.39,INR,NEFT,Kolkata,atm,DEV0291
TXN007487,2026-08-07 14:03:05,ACC0178,ACC0479,387.99,INR,IMPS,Kochi,web,DEV0008
TXN009949,2026-08-07 14:03:11,ACC0317,ACC0478,723.88,INR,UPI,Mumbai,branch,DEV0630
TXN002115,2026-08-07 14:03:26,ACC0364,ACC0472,2258.38,INR,NEFT,Pune,mobile,DEV0417
TXN008577,2026-08-07 14:05:50,ACC0257,ACC0286,274.61,INR,NEFT,Kolkata,atm,DEV0250
TXN001344,2026-08-07 14:06:02,ACC0070,ACC0464,18941.61,INR,NEFT,Mumbai,branch,DEV0243
TXN002507,2026-08-07 14:06:33,ACC0263,ACC0495,2253.58,INR,NEFT,Kolkata,web,DEV0464
TXN002764,2026-08-07 14:08:54,ACC0267,ACC0464,2185.74,INR,RTGS,Chennai,mobile,DEV0835
TXN003637,2026-08-07 14:10:16,ACC0190,ACC0060,1531.1,INR,RTGS,Kochi,branch,DEV0014
TXN007757,2026-08-07 14:10:43,ACC0128,ACC0459,2695.76,INR,NEFT,Delhi,mobile,DEV0568
TXN006495,2026-08-07 14:11:08,ACC0047,ACC0473,3017.02,INR,NEFT,Kochi,branch,DEV0621
TXN003463,2026-08-07 14:12:18,ACC0088,ACC0458,597.75,INR,RTGS,Mumbai,web,DEV0147
TXN001857,2026-08-07 14:13:46,ACC0035,ACC0362,5198.06,INR,RTGS,Pune,web,DEV0367
TXN008007,2026-08-07 14:17:44,ACC0313,ACC0498,10661.22,INR,UPI,Kochi,atm,DEV0037
TXN003288,2026-08-07 14:17:47,ACC0109,ACC0293,97.66,INR,RTGS,Mumbai,mobile,DEV0658
TXN000302,2026-08-07 14:26:36,ACC0446,ACC0071,1125.76,INR,RTGS,Hyderabad,web,DEV0780
TXN000585,2026-08-07 14:29:09,ACC0373,ACC0484,236.94,INR,IMPS,Pune,atm,DEV0327
TXN003443,2026-08-07 14:31:32,ACC0167,ACC0460,886.06,INR,RTGS,Delhi,mobile,DEV0540
TXN002199,2026-08-07 14:31:57,ACC0148,ACC0496,630.65,INR,IMPS,Pune,atm,DEV0584
TXN006662,2026-08-07 14:32:58,ACC0198,ACC0490,1802.04,INR,IMPS,Kochi,mobile,DEV0729
TXN004710,2026-08-07 14:34:03,ACC0397,ACC0451,4716.76,INR,RTGS,Kolkata,atm,DEV0642
TXN007225,2026-08-07 14:37:54,ACC0421,ACC0482,173.92,INR,RTGS,Bengaluru,branch,DEV0179
TXN005571,2026-08-07 14:39:09,ACC0200,ACC0227,2555.02,INR,RTGS,Delhi,branch,DEV0773
TXN008053,2026-08-07 14:39:29,ACC0362,ACC0134,10912.26,INR,UPI,Bengaluru,branch,DEV0392
TXN006334,2026-08-07 14:39:51,ACC0059,ACC0211,13899.05,INR,IMPS,Hyderabad,branch,DEV0030
TXN003229,2026-08-07 14:40:44,ACC0427,ACC0474,179.17,INR,NEFT,Delhi,branch,DEV0758
TXN005876,2026-08-07 14:42:08,ACC0135,ACC0420,1526.4,INR,IMPS,Bengaluru,branch,DEV0039
TXN003199,2026-08-07 14:43:47,ACC0335,ACC0043,6152.35,INR,IMPS,Kolkata,mobile,DEV0476
TXN003037,2026-08-07 14:44:16,ACC0140,ACC0490,189.94,INR,RTGS,Bengaluru,web,DEV0733
TXN007691,2026-08-07 14:44:32,ACC0038,ACC0039,2834.45,INR,IMPS,Kochi,atm,DEV0675
TXN000836,2026-08-07 14:48:25,ACC0145,ACC0257,2499.11,INR,RTGS,Mumbai,web,DEV0025
TXN005067,2026-08-07 14:51:54,ACC0110,ACC0459,5467.14,INR,RTGS,Hyderabad,mobile,DEV0760
TXN004281,2026-08-07 14:52:06,ACC0217,ACC0458,423.24,INR,NEFT,Pune,branch,DEV0796
TXN004552,2026-08-07 14:55:33,ACC0197,ACC0489,983.66,INR,NEFT,Bengaluru,mobile,DEV0269
TXN004390,2026-08-07 14:57:44,ACC0166,ACC0312,4445.14,INR,UPI,Chennai,branch,DEV0803
TXN009057,2026-08-07 14:59:10,ACC0201,ACC0458,4048.58,INR,IMPS,Delhi,branch,DEV0628
TXN003745,2026-08-07 15:01:33,ACC0260,ACC0371,454.84,INR,NEFT,Delhi,atm,DEV0148
TXN009623,2026-08-07 15:02:12,ACC0108,ACC0500,1878.5,INR,RTGS,Kolkata,atm,DEV0283
TXN001584,2026-08-07 15:02:32,ACC0065,ACC0450,1054.89,INR,IMPS,Mumbai,web,DEV0670
TXN002698,2026-08-07 15:04:05,ACC0198,ACC0441,1697.85,INR,UPI,Kolkata,branch,DEV0348
TXN007194,2026-08-07 15:06:18,ACC0117,ACC0396,5433.11,INR,IMPS,Pune,branch,DEV0546
TXN001750,2026-08-07 15:08:37,ACC0034,ACC0115,2133.78,INR,RTGS,Pune,branch,DEV0350
TXN001772,2026-08-07 15:08:59,ACC0136,ACC0477,895.21,INR,IMPS,Kochi,mobile,DEV0542
TXN003396,2026-08-07 15:09:45,ACC0009,ACC0476,1309.86,INR,RTGS,Chennai,branch,DEV0860
TXN005041,2026-08-07 15:12:45,ACC0354,ACC0499,2441.14,INR,NEFT,Delhi,web,DEV0181
TXN003279,2026-08-07 15:13:04,ACC0240,ACC0341,1263.87,INR,IMPS,Pune,mobile,DEV0106
TXN003100,2026-08-07 15:16:56,ACC0368,ACC0467,786.63,INR,IMPS,Bengaluru,web,DEV0767
TXN008881,2026-08-07 15:21:11,ACC0231,ACC0495,19681.62,INR,IMPS,Kolkata,mobile,DEV0898
TXN005582,2026-08-07 15:23:45,ACC0084,ACC0342,1466.15,INR,IMPS,Kochi,atm,DEV0422
TXN002650,2026-08-07 15:24:33,ACC0382,ACC0452,1380.85,INR,RTGS,Kochi,atm,DEV0140
TXN008110,2026-08-07 15:27:42,ACC0049,ACC0496,876.67,INR,RTGS,Chennai,web,DEV0281
TXN008173,2026-08-07 15:30:18,ACC0052,ACC0271,1322.98,INR,UPI,Bengaluru,branch,DEV0895
TXN004668,2026-08-07 15:32:17,ACC0351,ACC0456,471.11,INR,UPI,Pune,branch,DEV0170
TXN006553,2026-08-07 15:37:15,ACC0237,ACC0499,652.1,INR,UPI,Kochi,web,DEV0526
TXN005483,2026-08-07 15:41:04,ACC0238,ACC0496,255.47,INR,RTGS,Mumbai,mobile,DEV0134
TXN008336,2026-08-07 15:41:18,ACC0011,ACC0473,2423.49,INR,NEFT,Pune,mobile,DEV0231
TXN002748,2026-08-07 15:42:24,ACC0340,ACC0480,211.75,INR,NEFT,Kolkata,atm,DEV0673
TXN009873,2026-08-07 15:44:19,ACC0380,ACC0155,5046.22,INR,IMPS,Mumbai,web,DEV0300
TXN009349,2026-08-07 15:46:05,ACC0154,ACC0493,287.7,INR,UPI,Mumbai,branch,DEV0737
TXN003439,2026-08-07 15:49:59,ACC0134,ACC0483,1376.77,INR,RTGS,Pune,branch,DEV0683
TXN001071,2026-08-07 15:50:10,ACC0345,ACC0461,9004.49,INR,NEFT,Kolkata,atm,DEV0670
TXN005201,2026-08-07 15:51:05,ACC0346,ACC0358,2662.96,INR,NEFT,Bengaluru,web,DEV0387
TXN008275,2026-08-07 15:55:18,ACC0320,ACC0225,1315.07,INR,NEFT,Kolkata,mobile,DEV0656
TXN002898,2026-08-07 15:58:14,ACC0131,ACC0136,1305.94,INR,RTGS,Kolkata,web,DEV0258
TXN004594,2026-08-07 16:00:57,ACC0068,ACC0457,3872.19,INR,IMPS,Mumbai,mobile,DEV0249
TXN006312,2026-08-07 16:04:39,ACC0320,ACC0118,1817.96,INR,IMPS,Mumbai,mobile,DEV0134
TXN007318,2026-08-07 16:08:15,ACC0186,ACC0498,468.09,INR,NEFT,Bengaluru,web,DEV0342
TXN005170,2026-08-07 16:11:03,ACC0404,ACC0479,1012.63,INR,NEFT,Hyderabad,mobile,DEV0291
TXN010031,2026-08-07 16:12:05,ACC0545,ACC0535,424113.51,INR,IMPS,Delhi,web,DEV0847
TXN010032,2026-08-07 16:15:17,ACC0535,ACC0527,413251.26,INR,IMPS,Mumbai,web,DEV0632
TXN003574,2026-08-07 16:16:58,ACC0190,ACC0491,289.35,INR,IMPS,Kolkata,branch,DEV0751
TXN003413,2026-08-07 16:18:13,ACC0039,ACC0462,2117.9,INR,NEFT,Hyderabad,branch,DEV0052
TXN010033,2026-08-07 16:18:34,ACC0527,ACC0539,404925.75,INR,IMPS,Kochi,atm,DEV0873
TXN009267,2026-08-07 16:19:42,ACC0275,ACC0480,5193.54,INR,UPI,Delhi,mobile,DEV0675
TXN010034,2026-08-07 16:21:09,ACC0539,ACC0537,396563.67,INR,IMPS,Bengaluru,branch,DEV0320
TXN010035,2026-08-07 16:24:16,ACC0537,ACC0545,381147.06,INR,IMPS,Hyderabad,atm,DEV0730
TXN001353,2026-08-07 16:27:11,ACC0305,ACC0487,4536.46,INR,IMPS,Kolkata,branch,DEV0621
TXN009173,2026-08-07 16:28:26,ACC0439,ACC0459,3469.55,INR,NEFT,Delhi,atm,DEV0551
TXN000618,2026-08-07 16:28:56,ACC0050,ACC0263,1225.75,INR,RTGS,Mumbai,atm,DEV0831
TXN002053,2026-08-07 16:32:42,ACC0069,ACC0481,875.85,INR,RTGS,Kolkata,atm,DEV0724
TXN003827,2026-08-07 16:34:41,ACC0258,ACC0462,7796.25,INR,UPI,Kochi,web,DEV0823
TXN004490,2026-08-07 16:36:44,ACC0169,ACC0487,5241.59,INR,IMPS,Bengaluru,atm,DEV0156
TXN003412,2026-08-07 16:36:57,ACC0294,ACC0465,3664.72,INR,RTGS,Delhi,mobile,DEV0631
TXN003535,2026-08-07 16:39:10,ACC0450,ACC0484,2857.35,INR,RTGS,Chennai,mobile,DEV0633
TXN003111,2026-08-07 16:41:08,ACC0325,ACC0497,702.94,INR,UPI,Hyderabad,mobile,DEV0292
TXN005752,2026-08-07 16:43:22,ACC0411,ACC0464,750.82,INR,NEFT,Kochi,branch,DEV0095
TXN004822,2026-08-07 16:43:40,ACC0281,ACC0184,538.37,INR,NEFT,Delhi,mobile,DEV0171
TXN003175,2026-08-07 16:44:48,ACC0338,ACC0478,2095.41,INR,NEFT,Chennai,branch,DEV0322
TXN000797,2026-08-07 16:45:50,ACC0127,ACC0478,11581.38,INR,NEFT,Bengaluru,web,DEV0235
TXN008583,2026-08-07 16:57:15,ACC0015,ACC0370,3018.35,INR,NEFT,Chennai,mobile,DEV0326
TXN009155,2026-08-07 16:57:25,ACC0292,ACC0476,766.65,INR,IMPS,Kolkata,mobile,DEV0419
TXN002282,2026-08-07 16:58:35,ACC0306,ACC0477,1660.27,INR,NEFT,Chennai,atm,DEV0544
TXN002104,2026-08-07 16:58:42,ACC0116,ACC0468,1219.08,INR,NEFT,Hyderabad,mobile,DEV0289
TXN007635,2026-08-07 17:02:57,ACC0059,ACC0472,695.74,INR,IMPS,Chennai,web,DEV0541
TXN005932,2026-08-07 17:07:48,ACC0259,ACC0166,374.14,INR,UPI,Pune,atm,DEV0827
TXN007061,2026-08-07 17:08:13,ACC0237,ACC0481,400.87,INR,UPI,Bengaluru,mobile,DEV0802
TXN007991,2026-08-07 17:10:48,ACC0373,ACC0069,1216.47,INR,UPI,Delhi,branch,DEV0439
TXN009797,2026-08-07 17:11:56,ACC0074,ACC0479,1269.13,INR,RTGS,Pune,branch,DEV0752
TXN005393,2026-08-07 17:12:25,ACC0128,ACC0473,525.39,INR,UPI,Kochi,web,DEV0843
TXN007264,2026-08-07 17:12:48,ACC0289,ACC0465,8046.7,INR,IMPS,Kolkata,branch,DEV0719
TXN008175,2026-08-07 17:13:18,ACC0018,ACC0454,3487.62,INR,UPI,Pune,mobile,DEV0803
TXN001999,2026-08-07 17:14:07,ACC0354,ACC0455,1234.93,INR,NEFT,Bengaluru,web,DEV0189
TXN004602,2026-08-07 17:14:19,ACC0280,ACC0490,1595.49,INR,UPI,Kolkata,mobile,DEV0013
TXN005094,2026-08-07 17:14:48,ACC0027,ACC0461,776.05,INR,UPI,Hyderabad,branch,DEV0245
TXN005122,2026-08-07 17:14:49,ACC0287,ACC0496,1637.63,INR,UPI,Kochi,branch,DEV0153
TXN000166,2026-08-07 17:17:59,ACC0132,ACC0110,1921.14,INR,UPI,Bengaluru,web,DEV0052
TXN005006,2026-08-07 17:19:23,ACC0424,ACC0491,1242.28,INR,UPI,Delhi,mobile,DEV0322
TXN008298,2026-08-07 17:21:30,ACC0223,ACC0495,849.69,INR,RTGS,Bengaluru,web,DEV0897
TXN009561,2026-08-07 17:22:08,ACC0233,ACC0461,2967.42,INR,UPI,Chennai,atm,DEV0410
TXN007299,2026-08-07 17:25:46,ACC0190,ACC0477,762.51,INR,IMPS,Mumbai,mobile,DEV0679
TXN006118,2026-08-07 17:26:24,ACC0449,ACC0491,2209.07,INR,UPI,Kochi,web,DEV0845
TXN002021,2026-08-07 17:26:58,ACC0411,ACC0104,1831.86,INR,NEFT,Kolkata,atm,DEV0889
TXN004631,2026-08-07 17:29:03,ACC0294,ACC0487,1391.99,INR,UPI,Hyderabad,web,DEV0023
TXN007837,2026-08-07 17:32:18,ACC0323,ACC0357,5263.18,INR,RTGS,Kolkata,web,DEV0535
TXN001758,2026-08-07 17:32:21,ACC0372,ACC0452,1581.26,INR,IMPS,Kolkata,mobile,DEV0841
TXN008378,2026-08-07 17:33:00,ACC0348,ACC0473,563.51,INR,NEFT,Delhi,branch,DEV0207
TXN006144,2026-08-07 17:34:05,ACC0404,ACC0500,1643.36,INR,IMPS,Pune,atm,DEV0785
TXN007415,2026-08-07 17:36:31,ACC0168,ACC0489,1970.0,INR,RTGS,Mumbai,atm,DEV0595
TXN006497,2026-08-07 17:36:58,ACC0442,ACC0455,402.55,INR,IMPS,Hyderabad,mobile,DEV0455
TXN002338,2026-08-07 17:37:53,ACC0158,ACC0466,397.23,INR,IMPS,Delhi,branch,DEV0467
TXN006948,2026-08-07 17:40:09,ACC0001,ACC0140,1219.28,INR,IMPS,Mumbai,mobile,DEV0526
TXN000419,2026-08-07 17:42:15,ACC0119,ACC0463,20277.4,INR,RTGS,Mumbai,branch,DEV0691
TXN005411,2026-08-07 17:45:09,ACC0201,ACC0478,923.32,INR,NEFT,Hyderabad,atm,DEV0716
TXN003754,2026-08-07 17:46:09,ACC0197,ACC0484,2071.95,INR,NEFT,Pune,mobile,DEV0314
TXN007349,2026-08-07 17:49:40,ACC0133,ACC0068,4061.63,INR,UPI,Chennai,atm,DEV0415
TXN008015,2026-08-07 17:49:53,ACC0393,ACC0474,2028.74,INR,NEFT,Hyderabad,mobile,DEV0655
TXN009042,2026-08-07 17:50:24,ACC0217,ACC0345,11171.42,INR,IMPS,Kolkata,branch,DEV0873
TXN005494,2026-08-07 17:51:41,ACC0024,ACC0455,2791.94,INR,RTGS,Chennai,web,DEV0019
TXN000342,2026-08-07 17:53:44,ACC0351,ACC0457,839.72,INR,UPI,Delhi,mobile,DEV0471
TXN000834,2026-08-07 18:00:48,ACC0084,ACC0455,4237.84,INR,NEFT,Chennai,web,DEV0276
TXN009330,2026-08-07 18:01:38,ACC0107,ACC0453,681.61,INR,UPI,Kochi,mobile,DEV0876
TXN000459,2026-08-07 18:03:06,ACC0212,ACC0495,1736.93,INR,IMPS,Pune,branch,DEV0266
TXN002998,2026-08-07 18:06:49,ACC0164,ACC0490,727.11,INR,NEFT,Chennai,branch,DEV0286
TXN005055,2026-08-07 18:08:32,ACC0384,ACC0460,2432.71,INR,UPI,Mumbai,branch,DEV0450
TXN005037,2026-08-07 18:13:02,ACC0231,ACC0410,702.25,INR,UPI,Bengaluru,web,DEV0388
TXN003033,2026-08-07 18:13:25,ACC0144,ACC0083,1554.83,INR,RTGS,Hyderabad,mobile,DEV0785
TXN000722,2026-08-07 18:13:59,ACC0168,ACC0491,5934.16,INR,UPI,Bengaluru,web,DEV0109
TXN005316,2026-08-07 18:14:17,ACC0138,ACC0470,884.05,INR,IMPS,Kochi,web,DEV0528
TXN005550,2026-08-07 18:29:08,ACC0332,ACC0487,844.8,INR,NEFT,Chennai,branch,DEV0388
TXN000075,2026-08-07 18:32:47,ACC0234,ACC0475,219.05,INR,RTGS,Kolkata,branch,DEV0841
TXN005874,2026-08-07 18:36:51,ACC0194,ACC0473,1891.11,INR,RTGS,Pune,atm,DEV0234
TXN003695,2026-08-07 18:37:39,ACC0169,ACC0492,777.2,INR,RTGS,Mumbai,branch,DEV0371
TXN004043,2026-08-07 18:38:41,ACC0271,ACC0464,1158.39,INR,RTGS,Pune,mobile,DEV0812
TXN005925,2026-08-07 18:39:23,ACC0301,ACC0481,1170.82,INR,UPI,Bengaluru,atm,DEV0789
TXN003255,2026-08-07 18:39:52,ACC0426,ACC0492,1788.81,INR,NEFT,Chennai,mobile,DEV0523
TXN000812,2026-08-07 18:40:51,ACC0227,ACC0468,5005.03,INR,RTGS,Bengaluru,atm,DEV0378
TXN000860,2026-08-07 18:41:25,ACC0221,ACC0476,1936.52,INR,RTGS,Delhi,atm,DEV0326
TXN008277,2026-08-07 18:43:44,ACC0324,ACC0490,2055.56,INR,UPI,Hyderabad,branch,DEV0171
TXN007058,2026-08-07 18:46:39,ACC0196,ACC0482,6538.35,INR,IMPS,Kochi,mobile,DEV0496
TXN009758,2026-08-07 18:52:58,ACC0102,ACC0482,1290.15,INR,IMPS,Bengaluru,web,DEV0006
TXN006959,2026-08-07 18:55:40,ACC0292,ACC0460,577.1,INR,UPI,Chennai,branch,DEV0714
TXN002690,2026-08-07 18:56:41,ACC0278,ACC0486,509.32,INR,UPI,Kochi,web,DEV0146
TXN000008,2026-08-07 18:56:45,ACC0162,ACC0455,592.91,INR,RTGS,Kochi,web,DEV0272
TXN008115,2026-08-07 19:07:39,ACC0287,ACC0492,238.97,INR,IMPS,Delhi,atm,DEV0560
TXN002198,2026-08-07 19:16:54,ACC0179,ACC0496,1496.8,INR,RTGS,Bengaluru,web,DEV0327
TXN009839,2026-08-07 19:17:05,ACC0292,ACC0473,715.86,INR,UPI,Hyderabad,mobile,DEV0218
TXN009346,2026-08-07 19:22:40,ACC0304,ACC0464,337.05,INR,RTGS,Hyderabad,web,DEV0198
TXN008647,2026-08-07 19:22:51,ACC0035,ACC0497,7736.61,INR,RTGS,Kolkata,atm,DEV0243
TXN005856,2026-08-07 19:23:32,ACC0339,ACC0475,5579.28,INR,UPI,Mumbai,mobile,DEV0892
TXN008518,2026-08-07 19:26:52,ACC0057,ACC0462,912.75,INR,UPI,Kochi,branch,DEV0496
TXN004335,2026-08-07 19:29:39,ACC0012,ACC0467,2179.86,INR,UPI,Bengaluru,branch,DEV0540
TXN002154,2026-08-07 19:31:07,ACC0172,ACC0460,1955.42,INR,UPI,Delhi,atm,DEV0839
TXN005152,2026-08-07 19:32:26,ACC0165,ACC0022,9576.49,INR,IMPS,Bengaluru,mobile,DEV0421
TXN002015,2026-08-07 19:34:15,ACC0138,ACC0475,5524.95,INR,NEFT,Pune,mobile,DEV0052
TXN006444,2026-08-07 19:39:41,ACC0077,ACC0486,971.62,INR,IMPS,Kolkata,atm,DEV0713
TXN006014,2026-08-07 19:42:14,ACC0229,ACC0482,821.83,INR,IMPS,Delhi,branch,DEV0583
TXN002262,2026-08-07 19:46:04,ACC0017,ACC0379,14699.68,INR,UPI,Pune,web,DEV0426
TXN002722,2026-08-07 19:47:30,ACC0368,ACC0451,964.6,INR,RTGS,Chennai,atm,DEV0731
TXN000675,2026-08-07 19:47:36,ACC0257,ACC0486,3708.39,INR,NEFT,Mumbai,web,DEV0764
TXN002328,2026-08-07 19:49:13,ACC0163,ACC0393,217.05,INR,UPI,Chennai,branch,DEV0757
TXN009423,2026-08-07 19:49:26,ACC0327,ACC0015,2934.77,INR,NEFT,Delhi,web,DEV0347
TXN004316,2026-08-07 19:49:53,ACC0150,ACC0500,2062.88,INR,RTGS,Bengaluru,mobile,DEV0386
TXN008264,2026-08-07 19:51:32,ACC0303,ACC0490,1824.39,INR,NEFT,Pune,atm,DEV0620
TXN008729,2026-08-07 19:52:32,ACC0294,ACC0426,2558.42,INR,RTGS,Chennai,branch,DEV0851
TXN008446,2026-08-07 19:54:43,ACC0134,ACC0216,1159.34,INR,RTGS,Kolkata,branch,DEV0193
TXN006767,2026-08-07 19:56:18,ACC0256,ACC0464,1689.4,INR,UPI,Mumbai,web,DEV0448
TXN006006,2026-08-07 19:56:38,ACC0247,ACC0143,582.93,INR,RTGS,Chennai,atm,DEV0670
TXN008666,2026-08-07 19:58:43,ACC0116,ACC0033,528.86,INR,RTGS,Mumbai,atm,DEV0783
TXN007558,2026-08-07 20:05:22,ACC0020,ACC0476,467.01,INR,RTGS,Kochi,atm,DEV0465
TXN003852,2026-08-07 20:08:46,ACC0297,ACC0492,5276.22,INR,RTGS,Kochi,web,DEV0480
TXN000335,2026-08-07 20:12:18,ACC0302,ACC0489,2707.38,INR,UPI,Pune,branch,DEV0570
TXN000564,2026-08-07 20:12:18,ACC0297,ACC0271,131.89,INR,UPI,Mumbai,web,DEV0517
TXN005115,2026-08-07 20:13:40,ACC0239,ACC0462,10703.94,INR,UPI,Kochi,atm,DEV0773
TXN009799,2026-08-07 20:18:05,ACC0008,ACC0462,1018.78,INR,IMPS,Bengaluru,branch,DEV0362
TXN004505,2026-08-07 20:21:34,ACC0281,ACC0476,2965.15,INR,IMPS,Mumbai,web,DEV0080
TXN002697,2026-08-07 20:24:57,ACC0058,ACC0365,407.52,INR,RTGS,Mumbai,mobile,DEV0315
TXN002734,2026-08-07 20:28:00,ACC0336,ACC0453,950.2,INR,NEFT,Mumbai,web,DEV0547
TXN007420,2026-08-07 20:31:20,ACC0052,ACC0493,122.94,INR,RTGS,Pune,branch,DEV0827
TXN000349,2026-08-07 20:37:31,ACC0344,ACC0457,6157.75,INR,NEFT,Mumbai,branch,DEV0635
TXN008787,2026-08-07 20:37:37,ACC0207,ACC0054,126.07,INR,RTGS,Pune,branch,DEV0625
TXN008954,2026-08-07 20:39:51,ACC0342,ACC0122,15118.24,INR,NEFT,Bengaluru,mobile,DEV0467
TXN001925,2026-08-07 20:44:37,ACC0301,ACC0452,6966.23,INR,NEFT,Mumbai,web,DEV0335
TXN005607,2026-08-07 20:47:17,ACC0022,ACC0452,151.5,INR,IMPS,Chennai,branch,DEV0140
TXN000846,2026-08-07 20:47:30,ACC0176,ACC0249,430.79,INR,NEFT,Kochi,web,DEV0656
TXN000182,2026-08-07 20:48:07,ACC0236,ACC0468,49081.05,INR,UPI,Bengaluru,web,DEV0069
TXN001570,2026-08-07 20:49:04,ACC0160,ACC0043,440.23,INR,NEFT,Kolkata,atm,DEV0228
TXN005682,2026-08-07 20:49:48,ACC0045,ACC0491,10378.07,INR,IMPS,Delhi,mobile,DEV0062
TXN006601,2026-08-07 20:52:30,ACC0261,ACC0419,1031.1,INR,IMPS,Hyderabad,mobile,DEV0655
TXN000547,2026-08-07 20:56:28,ACC0229,ACC0045,3568.6,INR,RTGS,Hyderabad,web,DEV0826
TXN010036,2026-08-07 21:12:05,ACC0545,ACC0535,411390.11,INR,IMPS,Delhi,mobile,DEV0704
TXN010037,2026-08-07 21:15:52,ACC0535,ACC0527,398889.54,INR,IMPS,Pune,web,DEV0729
TXN010038,2026-08-07 21:17:37,ACC0527,ACC0539,394846.84,INR,IMPS,Kochi,mobile,DEV0371
TXN010039,2026-08-07 21:20:46,ACC0539,ACC0537,376185.55,INR,IMPS,Mumbai,mobile,DEV0776
TXN010040,2026-08-07 21:22:33,ACC0537,ACC0545,369546.56,INR,IMPS,Kochi,mobile,DEV0025
TXN010041,2026-08-08 02:12:05,ACC0545,ACC0535,399048.41,INR,IMPS,Kolkata,atm,DEV0764
TXN010042,2026-08-08 02:13:31,ACC0535,ACC0527,383679.34,INR,IMPS,Delhi,mobile,DEV0678
TXN010043,2026-08-08 02:17:22,ACC0527,ACC0539,365595.63,INR,IMPS,Mumbai,atm,DEV0694
TXN010044,2026-08-08 02:21:13,ACC0539,ACC0537,355652.33,INR,IMPS,Pune,mobile,DEV0636
TXN010045,2026-08-08 02:22:46,ACC0537,ACC0545,337932.84,INR,IMPS,Kolkata,mobile,DEV0066
TXN010046,2026-08-08 07:12:05,ACC0545,ACC0535,387076.95,INR,IMPS,Pune,branch,DEV0774
TXN010047,2026-08-08 07:13:57,ACC0535,ACC0527,377138.33,INR,IMPS,Kolkata,atm,DEV0726
TXN010048,2026-08-08 07:16:26,ACC0527,ACC0539,370031.36,INR,IMPS,Kochi,mobile,DEV0467
TXN010049,2026-08-08 07:19:55,ACC0539,ACC0537,362312.95,INR,IMPS,Kochi,branch,DEV0685
TXN010050,2026-08-08 07:23:03,ACC0537,ACC0545,356090.41,INR,IMPS,Hyderabad,branch,DEV0895
TXN000600,2026-08-08 09:01:59,ACC0449,ACC0487,2174.75,INR,NEFT,Mumbai,atm,DEV0204
TXN007086,2026-08-08 09:02:05,ACC0347,ACC0492,2074.03,INR,UPI,Mumbai,branch,DEV0825
TXN003991,2026-08-08 09:03:25,ACC0149,ACC0467,966.72,INR,UPI,Chennai,atm,DEV0874
TXN009495,2026-08-08 09:05:54,ACC0021,ACC0453,2168.69,INR,NEFT,Kolkata,mobile,DEV0749
TXN007293,2026-08-08 09:09:06,ACC0255,ACC0406,4686.21,INR,NEFT,Pune,atm,DEV0240
TXN007097,2026-08-08 09:10:49,ACC0090,ACC0374,650.6,INR,UPI,Kochi,web,DEV0231
TXN000775,2026-08-08 09:12:09,ACC0051,ACC0453,171.02,INR,NEFT,Bengaluru,branch,DEV0285
TXN006019,2026-08-08 09:12:29,ACC0230,ACC0059,1431.03,INR,IMPS,Mumbai,mobile,DEV0756
TXN002418,2026-08-08 09:14:56,ACC0257,ACC0487,3416.84,INR,IMPS,Kolkata,atm,DEV0263
TXN004807,2026-08-08 09:17:53,ACC0167,ACC0351,1511.63,INR,RTGS,Mumbai,branch,DEV0226
TXN007295,2026-08-08 09:21:37,ACC0064,ACC0477,1025.66,INR,NEFT,Delhi,web,DEV0226
TXN008042,2026-08-08 09:22:33,ACC0083,ACC0371,19078.2,INR,UPI,Mumbai,web,DEV0183
TXN001160,2026-08-08 09:24:00,ACC0074,ACC0351,3087.89,INR,UPI,Bengaluru,mobile,DEV0578
TXN009871,2026-08-08 09:26:08,ACC0107,ACC0478,7030.07,INR,NEFT,Delhi,web,DEV0762
TXN009348,2026-08-08 09:30:04,ACC0066,ACC0482,1024.14,INR,RTGS,Pune,web,DEV0267
TXN005448,2026-08-08 09:30:52,ACC0413,ACC0499,1187.33,INR,UPI,Delhi,atm,DEV0014
TXN004634,2026-08-08 09:32:42,ACC0340,ACC0465,1949.66,INR,IMPS,Hyderabad,branch,DEV0407
TXN001356,2026-08-08 09:32:54,ACC0449,ACC0459,9371.23,INR,NEFT,Mumbai,branch,DEV0538
TXN009422,2026-08-08 09:33:26,ACC0005,ACC0484,2070.92,INR,UPI,Bengaluru,atm,DEV0209
TXN007038,2026-08-08 09:36:35,ACC0028,ACC0253,14129.73,INR,NEFT,Delhi,web,DEV0124
TXN006221,2026-08-08 09:38:40,ACC0255,ACC0445,2602.76,INR,UPI,Kochi,mobile,DEV0827
TXN005540,2026-08-08 09:40:24,ACC0403,ACC0063,805.41,INR,RTGS,Chennai,branch,DEV0125
TXN003510,2026-08-08 09:41:27,ACC0386,ACC0459,1016.63,INR,IMPS,Mumbai,branch,DEV0629
TXN008909,2026-08-08 09:44:26,ACC0222,ACC0496,1343.84,INR,IMPS,Mumbai,mobile,DEV0025
TXN000948,2026-08-08 09:45:16,ACC0163,ACC0496,1772.05,INR,NEFT,Kolkata,mobile,DEV0080
TXN002565,2026-08-08 09:45:57,ACC0079,ACC0271,733.47,INR,NEFT,Hyderabad,web,DEV0468
TXN008108,2026-08-08 09:46:54,ACC0058,ACC0462,2235.67,INR,UPI,Bengaluru,web,DEV0873
TXN008296,2026-08-08 09:47:21,ACC0379,ACC0495,1528.38,INR,IMPS,Mumbai,branch,DEV0625
TXN007025,2026-08-08 09:47:32,ACC0355,ACC0458,2858.33,INR,IMPS,Delhi,atm,DEV0711
TXN000181,2026-08-08 09:48:01,ACC0202,ACC0497,8791.0,INR,RTGS,Pune,web,DEV0254
TXN009258,2026-08-08 09:52:30,ACC0169,ACC0422,1674.59,INR,UPI,Mumbai,atm,DEV0180
TXN005478,2026-08-08 09:53:02,ACC0130,ACC0456,741.76,INR,NEFT,Kolkata,atm,DEV0581
TXN005565,2026-08-08 09:54:17,ACC0423,ACC0380,2252.63,INR,IMPS,Chennai,branch,DEV0453
TXN009417,2026-08-08 10:00:29,ACC0188,ACC0467,2681.88,INR,RTGS,Chennai,atm,DEV0166
TXN007522,2026-08-08 10:01:34,ACC0394,ACC0491,734.66,INR,UPI,Mumbai,mobile,DEV0342
TXN001670,2026-08-08 10:04:14,ACC0357,ACC0475,10150.18,INR,UPI,Bengaluru,branch,DEV0188
TXN008951,2026-08-08 10:05:40,ACC0213,ACC0140,335.95,INR,UPI,Hyderabad,atm,DEV0478
TXN004218,2026-08-08 10:11:06,ACC0214,ACC0474,1357.71,INR,IMPS,Chennai,atm,DEV0637
TXN003524,2026-08-08 10:11:21,ACC0423,ACC0108,1082.31,INR,IMPS,Chennai,web,DEV0532
TXN007480,2026-08-08 10:13:43,ACC0226,ACC0485,2393.23,INR,RTGS,Kolkata,branch,DEV0157
TXN000884,2026-08-08 10:16:49,ACC0165,ACC0248,1075.74,INR,NEFT,Bengaluru,mobile,DEV0077
TXN006585,2026-08-08 10:17:12,ACC0185,ACC0483,2147.54,INR,NEFT,Mumbai,web,DEV0109
TXN007716,2026-08-08 10:19:35,ACC0373,ACC0387,574.98,INR,RTGS,Kolkata,atm,DEV0042
TXN003881,2026-08-08 10:20:34,ACC0169,ACC0451,879.53,INR,IMPS,Hyderabad,web,DEV0561
TXN008009,2026-08-08 10:22:54,ACC0218,ACC0019,2053.03,INR,RTGS,Bengaluru,mobile,DEV0320
TXN003494,2026-08-08 10:24:06,ACC0198,ACC0465,2465.85,INR,IMPS,Kolkata,atm,DEV0757
TXN005968,2026-08-08 10:25:31,ACC0273,ACC0346,913.57,INR,IMPS,Kochi,mobile,DEV0757
TXN003210,2026-08-08 10:26:06,ACC0436,ACC0494,773.89,INR,RTGS,Delhi,mobile,DEV0395
TXN000260,2026-08-08 10:29:06,ACC0232,ACC0486,3186.49,INR,UPI,Chennai,web,DEV0134
TXN009910,2026-08-08 10:30:48,ACC0213,ACC0350,1597.87,INR,NEFT,Mumbai,mobile,DEV0642
TXN007619,2026-08-08 10:31:06,ACC0004,ACC0458,1773.08,INR,UPI,Bengaluru,atm,DEV0829
TXN007473,2026-08-08 10:34:17,ACC0229,ACC0289,1400.44,INR,UPI,Kochi,mobile,DEV0440
TXN009747,2026-08-08 10:35:00,ACC0409,ACC0255,8701.41,INR,NEFT,Delhi,mobile,DEV0899
TXN006356,2026-08-08 10:35:21,ACC0152,ACC0081,2979.38,INR,NEFT,Delhi,atm,DEV0360
TXN005996,2026-08-08 10:36:01,ACC0124,ACC0149,2096.95,INR,NEFT,Hyderabad,atm,DEV0634
TXN006821,2026-08-08 10:40:25,ACC0225,ACC0469,34709.65,INR,UPI,Chennai,atm,DEV0535
TXN009031,2026-08-08 10:42:03,ACC0339,ACC0466,183.94,INR,IMPS,Kochi,branch,DEV0400
TXN004358,2026-08-08 10:42:29,ACC0126,ACC0092,2304.45,INR,RTGS,Kochi,mobile,DEV0865
TXN009969,2026-08-08 10:49:11,ACC0128,ACC0493,10839.85,INR,IMPS,Bengaluru,web,DEV0777
TXN003699,2026-08-08 10:50:42,ACC0332,ACC0500,756.05,INR,RTGS,Kolkata,atm,DEV0066
TXN002514,2026-08-08 10:53:53,ACC0040,ACC0453,4090.24,INR,UPI,Hyderabad,mobile,DEV0619
TXN001659,2026-08-08 10:54:20,ACC0346,ACC0470,21331.02,INR,IMPS,Pune,branch,DEV0289
TXN001416,2026-08-08 10:54:32,ACC0424,ACC0485,241.62,INR,IMPS,Pune,mobile,DEV0347
TXN002251,2026-08-08 10:56:02,ACC0224,ACC0191,18565.84,INR,RTGS,Kochi,mobile,DEV0695
TXN006858,2026-08-08 10:56:06,ACC0121,ACC0451,467.33,INR,RTGS,Chennai,mobile,DEV0552
TXN006525,2026-08-08 11:05:13,ACC0261,ACC0463,3753.96,INR,RTGS,Delhi,web,DEV0407
TXN001032,2026-08-08 11:05:34,ACC0019,ACC0476,2542.51,INR,IMPS,Kolkata,atm,DEV0706
TXN005147,2026-08-08 11:07:46,ACC0443,ACC0468,2341.06,INR,NEFT,Hyderabad,atm,DEV0830
TXN008623,2026-08-08 11:13:54,ACC0206,ACC0076,376.29,INR,UPI,Kochi,branch,DEV0691
TXN006622,2026-08-08 11:17:39,ACC0326,ACC0476,164.46,INR,RTGS,Bengaluru,atm,DEV0776
TXN001394,2026-08-08 11:21:36,ACC0197,ACC0487,1637.95,INR,NEFT,Delhi,web,DEV0111
TXN008949,2026-08-08 11:22:20,ACC0300,ACC0273,495.59,INR,RTGS,Pune,web,DEV0514
TXN003547,2026-08-08 11:23:56,ACC0287,ACC0481,3657.2,INR,RTGS,Kolkata,web,DEV0590
TXN009213,2026-08-08 11:29:41,ACC0080,ACC0458,477.74,INR,UPI,Kochi,web,DEV0762
TXN001503,2026-08-08 11:31:18,ACC0254,ACC0329,9102.9,INR,NEFT,Kolkata,atm,DEV0363
TXN007002,2026-08-08 11:32:32,ACC0110,ACC0488,8289.49,INR,RTGS,Kolkata,web,DEV0325
TXN002395,2026-08-08 11:34:23,ACC0318,ACC0460,6336.18,INR,UPI,Kolkata,atm,DEV0765
TXN003838,2026-08-08 11:39:19,ACC0405,ACC0456,6300.24,INR,NEFT,Kolkata,mobile,DEV0068
TXN001274,2026-08-08 11:40:38,ACC0090,ACC0366,2737.55,INR,RTGS,Delhi,mobile,DEV0295
TXN009266,2026-08-08 11:43:41,ACC0315,ACC0470,2134.41,INR,UPI,Hyderabad,mobile,DEV0324
TXN003134,2026-08-08 11:43:47,ACC0136,ACC0485,2950.71,INR,RTGS,Pune,web,DEV0370
TXN006755,2026-08-08 11:44:10,ACC0073,ACC0482,2281.38,INR,NEFT,Bengaluru,web,DEV0054
TXN004896,2026-08-08 11:44:11,ACC0435,ACC0237,2229.31,INR,RTGS,Chennai,web,DEV0535
TXN001330,2026-08-08 11:45:02,ACC0329,ACC0493,831.15,INR,UPI,Mumbai,atm,DEV0137
TXN004883,2026-08-08 11:46:03,ACC0225,ACC0434,7643.12,INR,UPI,Bengaluru,mobile,DEV0655
TXN009233,2026-08-08 11:49:27,ACC0269,ACC0471,3172.31,INR,RTGS,Mumbai,web,DEV0475
TXN005774,2026-08-08 11:49:29,ACC0194,ACC0101,5615.58,INR,IMPS,Hyderabad,branch,DEV0527
TXN005212,2026-08-08 11:50:30,ACC0011,ACC0491,5310.53,INR,UPI,Pune,branch,DEV0798
TXN002560,2026-08-08 11:51:07,ACC0287,ACC0480,315.59,INR,NEFT,Mumbai,web,DEV0652
TXN001711,2026-08-08 11:54:35,ACC0224,ACC0440,9874.12,INR,RTGS,Bengaluru,web,DEV0835
TXN009552,2026-08-08 11:55:10,ACC0057,ACC0493,2659.82,INR,UPI,Pune,branch,DEV0123
TXN007357,2026-08-08 11:55:28,ACC0322,ACC0500,3941.82,INR,NEFT,Kolkata,atm,DEV0422
TXN007040,2026-08-08 11:56:55,ACC0361,ACC0290,517.19,INR,UPI,Kochi,atm,DEV0615
TXN008308,2026-08-08 12:01:28,ACC0239,ACC0102,1438.07,INR,IMPS,Bengaluru,branch,DEV0512
TXN003714,2026-08-08 12:03:39,ACC0386,ACC0078,1024.33,INR,UPI,Hyderabad,atm,DEV0652
TXN004716,2026-08-08 12:03:53,ACC0385,ACC0456,9545.49,INR,UPI,Hyderabad,mobile,DEV0262
TXN004151,2026-08-08 12:07:26,ACC0392,ACC0470,1315.48,INR,RTGS,Hyderabad,branch,DEV0899
TXN009745,2026-08-08 12:07:30,ACC0130,ACC0492,3431.68,INR,NEFT,Pune,branch,DEV0877
TXN003007,2026-08-08 12:10:20,ACC0238,ACC0451,1521.14,INR,IMPS,Hyderabad,web,DEV0805
TXN005164,2026-08-08 12:12:24,ACC0011,ACC0488,4671.94,INR,UPI,Kolkata,web,DEV0578
TXN000019,2026-08-08 12:12:34,ACC0373,ACC0457,1383.35,INR,IMPS,Kochi,web,DEV0896
TXN003736,2026-08-08 12:16:59,ACC0441,ACC0207,2137.68,INR,NEFT,Kochi,atm,DEV0715
TXN006759,2026-08-08 12:17:54,ACC0137,ACC0459,642.75,INR,NEFT,Chennai,branch,DEV0083
TXN001010,2026-08-08 12:17:56,ACC0072,ACC0477,727.53,INR,UPI,Kochi,branch,DEV0593
TXN000799,2026-08-08 12:21:27,ACC0269,ACC0491,1510.05,INR,UPI,Hyderabad,mobile,DEV0276
TXN003946,2026-08-08 12:23:23,ACC0073,ACC0383,6178.92,INR,RTGS,Delhi,web,DEV0269
TXN002089,2026-08-08 12:25:54,ACC0137,ACC0474,2089.7,INR,IMPS,Kochi,branch,DEV0784
TXN004217,2026-08-08 12:28:43,ACC0423,ACC0468,1286.34,INR,RTGS,Hyderabad,atm,DEV0005
TXN004180,2026-08-08 12:42:37,ACC0160,ACC0488,1884.65,INR,UPI,Hyderabad,atm,DEV0080
TXN005466,2026-08-08 12:46:02,ACC0040,ACC0498,5069.92,INR,UPI,Kochi,branch,DEV0216
TXN005490,2026-08-08 12:47:12,ACC0397,ACC0457,4565.77,INR,IMPS,Pune,mobile,DEV0827
TXN002424,2026-08-08 12:49:23,ACC0006,ACC0489,2321.25,INR,IMPS,Bengaluru,mobile,DEV0005
TXN000827,2026-08-08 12:52:14,ACC0428,ACC0216,1290.13,INR,RTGS,Kolkata,mobile,DEV0719
TXN001376,2026-08-08 12:58:13,ACC0352,ACC0469,157.95,INR,IMPS,Bengaluru,branch,DEV0602
TXN002010,2026-08-08 13:01:00,ACC0148,ACC0472,2594.61,INR,RTGS,Pune,web,DEV0141
TXN007934,2026-08-08 13:03:09,ACC0436,ACC0468,342.49,INR,UPI,Delhi,mobile,DEV0425
TXN007482,2026-08-08 13:03:20,ACC0302,ACC0468,453.74,INR,UPI,Pune,web,DEV0333
TXN007110,2026-08-08 13:05:33,ACC0139,ACC0463,259.07,INR,RTGS,Pune,mobile,DEV0388
TXN003932,2026-08-08 13:06:31,ACC0097,ACC0414,704.03,INR,IMPS,Pune,mobile,DEV0827
TXN009067,2026-08-08 13:07:13,ACC0057,ACC0190,1391.94,INR,RTGS,Bengaluru,web,DEV0075
TXN009956,2026-08-08 13:11:05,ACC0440,ACC0500,235.33,INR,RTGS,Delhi,atm,DEV0697
TXN001827,2026-08-08 13:14:21,ACC0002,ACC0220,7975.81,INR,NEFT,Mumbai,branch,DEV0601
TXN005306,2026-08-08 13:19:01,ACC0028,ACC0484,638.8,INR,IMPS,Kochi,mobile,DEV0128
TXN008815,2026-08-08 13:25:21,ACC0186,ACC0452,1698.18,INR,UPI,Delhi,branch,DEV0239
TXN002780,2026-08-08 13:27:36,ACC0412,ACC0431,1035.68,INR,IMPS,Chennai,atm,DEV0012
TXN008921,2026-08-08 13:31:21,ACC0056,ACC0484,1859.11,INR,UPI,Pune,mobile,DEV0491
TXN009040,2026-08-08 13:32:44,ACC0249,ACC0459,2049.29,INR,NEFT,Pune,web,DEV0109
TXN006436,2026-08-08 13:32:55,ACC0415,ACC0488,1211.75,INR,NEFT,Mumbai,branch,DEV0130
TXN008361,2026-08-08 13:33:23,ACC0446,ACC0498,1738.76,INR,UPI,Kolkata,branch,DEV0848
TXN009078,2026-08-08 13:33:54,ACC0450,ACC0290,1788.26,INR,UPI,Hyderabad,atm,DEV0644
TXN004513,2026-08-08 13:35:16,ACC0067,ACC0478,706.86,INR,RTGS,Hyderabad,mobile,DEV0312
TXN004954,2026-08-08 13:38:31,ACC0439,ACC0494,1263.81,INR,RTGS,Hyderabad,mobile,DEV0654
TXN003120,2026-08-08 13:40:16,ACC0099,ACC0349,1370.89,INR,IMPS,Mumbai,branch,DEV0614
TXN000783,2026-08-08 13:40:54,ACC0267,ACC0417,532.4,INR,IMPS,Mumbai,mobile,DEV0079
TXN003959,2026-08-08 13:41:29,ACC0367,ACC0477,336.14,INR,UPI,Chennai,branch,DEV0794
TXN006537,2026-08-08 13:42:29,ACC0238,ACC0452,262.09,INR,RTGS,Bengaluru,atm,DEV0308
TXN003741,2026-08-08 13:44:09,ACC0368,ACC0468,627.42,INR,IMPS,Kochi,atm,DEV0334
TXN009164,2026-08-08 13:45:27,ACC0087,ACC0489,915.51,INR,IMPS,Mumbai,branch,DEV0090
TXN002059,2026-08-08 13:53:17,ACC0428,ACC0051,2740.11,INR,UPI,Hyderabad,web,DEV0711
TXN005145,2026-08-08 13:54:10,ACC0249,ACC0490,521.35,INR,RTGS,Kochi,branch,DEV0879
TXN006590,2026-08-08 13:59:30,ACC0400,ACC0289,423.47,INR,IMPS,Chennai,mobile,DEV0305
TXN006050,2026-08-08 14:01:27,ACC0161,ACC0484,919.79,INR,UPI,Kochi,branch,DEV0893
TXN008513,2026-08-08 14:05:42,ACC0235,ACC0459,2228.85,INR,NEFT,Chennai,atm,DEV0824
TXN004890,2026-08-08 14:07:02,ACC0236,ACC0246,6284.85,INR,IMPS,Hyderabad,branch,DEV0709
TXN003497,2026-08-08 14:11:16,ACC0189,ACC0478,196.58,INR,UPI,Delhi,web,DEV0826
TXN005897,2026-08-08 14:13:40,ACC0336,ACC0472,960.77,INR,UPI,Pune,branch,DEV0402
TXN002394,2026-08-08 14:17:41,ACC0173,ACC0457,903.05,INR,IMPS,Kolkata,atm,DEV0220
TXN001887,2026-08-08 14:22:00,ACC0055,ACC0495,1020.87,INR,NEFT,Mumbai,mobile,DEV0307
TXN009508,2026-08-08 14:25:39,ACC0117,ACC0094,1937.87,INR,UPI,Kochi,mobile,DEV0038
TXN003342,2026-08-08 14:27:01,ACC0204,ACC0476,1015.59,INR,IMPS,Mumbai,atm,DEV0820
TXN003921,2026-08-08 14:27:33,ACC0418,ACC0477,1764.36,INR,NEFT,Hyderabad,atm,DEV0149
TXN005600,2026-08-08 14:28:05,ACC0123,ACC0463,3060.04,INR,IMPS,Kochi,branch,DEV0632
TXN007995,2026-08-08 14:28:15,ACC0293,ACC0491,1484.22,INR,NEFT,Bengaluru,web,DEV0380
TXN009194,2026-08-08 14:29:18,ACC0337,ACC0371,2472.63,INR,RTGS,Kolkata,web,DEV0725
TXN000987,2026-08-08 14:29:45,ACC0256,ACC0492,1522.22,INR,UPI,Mumbai,atm,DEV0717
TXN008843,2026-08-08 14:31:33,ACC0193,ACC0495,164.94,INR,UPI,Bengaluru,web,DEV0592
TXN008383,2026-08-08 14:32:35,ACC0033,ACC0071,442.56,INR,NEFT,Mumbai,web,DEV0757
TXN003934,2026-08-08 14:33:16,ACC0296,ACC0492,5522.2,INR,NEFT,Kochi,atm,DEV0076
TXN007848,2026-08-08 14:33:31,ACC0393,ACC0327,1125.46,INR,UPI,Chennai,web,DEV0323
TXN007823,2026-08-08 14:33:46,ACC0096,ACC0465,1268.35,INR,IMPS,Chennai,web,DEV0860
TXN003604,2026-08-08 14:34:46,ACC0044,ACC0139,494.48,INR,RTGS,Mumbai,mobile,DEV0850
TXN009320,2026-08-08 14:35:35,ACC0033,ACC0457,414.18,INR,IMPS,Mumbai,branch,DEV0468
TXN008847,2026-08-08 14:35:52,ACC0370,ACC0463,3081.23,INR,RTGS,Kochi,mobile,DEV0818
TXN008610,2026-08-08 14:36:21,ACC0127,ACC0480,1605.72,INR,IMPS,Bengaluru,atm,DEV0398
TXN006007,2026-08-08 14:39:41,ACC0186,ACC0464,3744.0,INR,NEFT,Hyderabad,branch,DEV0568
TXN009580,2026-08-08 14:40:25,ACC0287,ACC0473,892.49,INR,UPI,Chennai,web,DEV0785
TXN001137,2026-08-08 14:41:40,ACC0095,ACC0463,387.54,INR,UPI,Hyderabad,mobile,DEV0621
TXN000748,2026-08-08 14:42:25,ACC0176,ACC0419,1282.63,INR,IMPS,Kolkata,mobile,DEV0004
TXN001974,2026-08-08 14:44:48,ACC0068,ACC0093,10554.02,INR,IMPS,Bengaluru,mobile,DEV0142
TXN006455,2026-08-08 14:45:19,ACC0109,ACC0082,307.74,INR,IMPS,Kolkata,web,DEV0839
TXN006926,2026-08-08 14:46:20,ACC0359,ACC0462,3105.43,INR,UPI,Kolkata,atm,DEV0739
TXN003156,2026-08-08 14:55:14,ACC0404,ACC0243,2125.06,INR,UPI,Pune,atm,DEV0200
TXN002901,2026-08-08 14:56:54,ACC0192,ACC0466,1797.2,INR,UPI,Hyderabad,web,DEV0191
TXN008119,2026-08-08 14:58:35,ACC0414,ACC0132,767.39,INR,NEFT,Kochi,atm,DEV0592
TXN001309,2026-08-08 15:00:27,ACC0118,ACC0479,5605.37,INR,RTGS,Chennai,branch,DEV0788
TXN006248,2026-08-08 15:03:26,ACC0051,ACC0471,2824.73,INR,IMPS,Kochi,mobile,DEV0433
TXN002196,2026-08-08 15:03:48,ACC0355,ACC0493,389.09,INR,UPI,Mumbai,branch,DEV0039
TXN006383,2026-08-08 15:07:32,ACC0278,ACC0481,10891.06,INR,RTGS,Kolkata,web,DEV0278
TXN005956,2026-08-08 15:19:19,ACC0073,ACC0494,285.39,INR,RTGS,Kochi,atm,DEV0649
TXN007271,2026-08-08 15:21:36,ACC0403,ACC0489,5516.86,INR,IMPS,Kochi,mobile,DEV0083
TXN008838,2026-08-08 15:24:10,ACC0276,ACC0456,1118.51,INR,NEFT,Hyderabad,branch,DEV0553
TXN009779,2026-08-08 15:30:28,ACC0134,ACC0309,1499.91,INR,IMPS,Kochi,web,DEV0448
TXN000436,2026-08-08 15:32:45,ACC0445,ACC0198,542.52,INR,UPI,Delhi,web,DEV0513
TXN000085,2026-08-08 15:36:22,ACC0197,ACC0055,2468.97,INR,UPI,Kochi,branch,DEV0795
TXN004247,2026-08-08 15:36:43,ACC0121,ACC0286,1573.99,INR,NEFT,Kolkata,atm,DEV0623
TXN000364,2026-08-08 15:38:09,ACC0242,ACC0088,280.4,INR,IMPS,Delhi,branch,DEV0465
TXN001463,2026-08-08 15:41:05,ACC0009,ACC0470,1913.14,INR,UPI,Kolkata,web,DEV0216
TXN000058,2026-08-08 15:44:15,ACC0406,ACC0469,682.69,INR,RTGS,Kolkata,atm,DEV0764
TXN005676,2026-08-08 15:49:05,ACC0089,ACC0483,2101.58,INR,UPI,Chennai,web,DEV0878
TXN004471,2026-08-08 15:53:18,ACC0429,ACC0471,2363.79,INR,UPI,Kochi,atm,DEV0739
TXN006828,2026-08-08 15:59:32,ACC0007,ACC0456,245.28,INR,IMPS,Kochi,branch,DEV0829
TXN002894,2026-08-08 16:13:14,ACC0252,ACC0454,1540.87,INR,IMPS,Chennai,atm,DEV0692
TXN006064,2026-08-08 16:15:25,ACC0073,ACC0463,920.57,INR,NEFT,Chennai,atm,DEV0171
TXN001384,2026-08-08 16:17:21,ACC0309,ACC0455,1174.1,INR,IMPS,Chennai,branch,DEV0134
TXN005358,2026-08-08 16:20:42,ACC0255,ACC0452,187.04,INR,IMPS,Chennai,web,DEV0005
TXN000323,2026-08-08 16:21:35,ACC0187,ACC0419,5775.83,INR,IMPS,Kochi,mobile,DEV0100
TXN009163,2026-08-08 16:21:35,ACC0274,ACC0263,1591.9,INR,RTGS,Mumbai,mobile,DEV0162
TXN004955,2026-08-08 16:22:06,ACC0016,ACC0327,885.3,INR,RTGS,Pune,web,DEV0195
TXN003263,2026-08-08 16:22:48,ACC0356,ACC0162,548.55,INR,IMPS,Hyderabad,web,DEV0877
TXN001938,2026-08-08 16:23:15,ACC0010,ACC0460,732.2,INR,UPI,Bengaluru,atm,DEV0665
TXN003632,2026-08-08 16:23:39,ACC0290,ACC0350,3579.34,INR,RTGS,Chennai,branch,DEV0766
TXN006238,2026-08-08 16:23:49,ACC0049,ACC0451,40.42,INR,UPI,Hyderabad,web,DEV0072
TXN000509,2026-08-08 16:24:04,ACC0099,ACC0488,7701.5,INR,RTGS,Kochi,mobile,DEV0038
TXN000746,2026-08-08 16:31:43,ACC0033,ACC0488,7186.9,INR,UPI,Mumbai,web,DEV0535
TXN000857,2026-08-08 16:35:24,ACC0149,ACC0109,6058.86,INR,RTGS,Pune,atm,DEV0008
TXN005469,2026-08-08 16:37:01,ACC0029,ACC0465,99.98,INR,RTGS,Hyderabad,web,DEV0120
TXN008635,2026-08-08 16:38:09,ACC0422,ACC0403,2507.8,INR,RTGS,Delhi,mobile,DEV0059
TXN002146,2026-08-08 16:38:31,ACC0125,ACC0490,5009.66,INR,RTGS,Mumbai,atm,DEV0150
TXN009924,2026-08-08 16:41:07,ACC0298,ACC0465,4455.12,INR,UPI,Kolkata,atm,DEV0376
TXN000760,2026-08-08 16:43:29,ACC0418,ACC0429,646.48,INR,UPI,Kolkata,branch,DEV0515
TXN007594,2026-08-08 16:44:02,ACC0387,ACC0487,482.11,INR,NEFT,Pune,web,DEV0763
TXN005927,2026-08-08 16:46:31,ACC0389,ACC0471,384.5,INR,NEFT,Delhi,branch,DEV0424
TXN002379,2026-08-08 16:47:15,ACC0430,ACC0446,223.87,INR,RTGS,Pune,atm,DEV0107
TXN002067,2026-08-08 16:48:08,ACC0027,ACC0475,1282.59,INR,IMPS,Pune,branch,DEV0365
TXN006310,2026-08-08 16:48:53,ACC0012,ACC0452,448.04,INR,IMPS,Chennai,branch,DEV0656
TXN002838,2026-08-08 16:51:52,ACC0320,ACC0452,865.09,INR,UPI,Kochi,mobile,DEV0384
TXN001869,2026-08-08 17:00:34,ACC0143,ACC0222,493.38,INR,RTGS,Kolkata,branch,DEV0063
TXN001017,2026-08-08 17:06:26,ACC0021,ACC0450,1351.0,INR,RTGS,Chennai,web,DEV0525
TXN000478,2026-08-08 17:10:30,ACC0303,ACC0490,1173.15,INR,RTGS,Pune,branch,DEV0558
TXN006000,2026-08-08 17:11:02,ACC0161,ACC0386,398.19,INR,RTGS,Kochi,mobile,DEV0168
TXN005758,2026-08-08 17:11:54,ACC0017,ACC0480,474.33,INR,UPI,Pune,atm,DEV0645
TXN009356,2026-08-08 17:18:18,ACC0208,ACC0328,712.72,INR,IMPS,Kolkata,web,DEV0767
TXN005165,2026-08-08 17:19:06,ACC0253,ACC0473,2572.57,INR,RTGS,Mumbai,web,DEV0147
TXN007719,2026-08-08 17:20:46,ACC0222,ACC0475,1425.7,INR,NEFT,Pune,web,DEV0354
TXN009520,2026-08-08 17:23:31,ACC0319,ACC0403,164.58,INR,IMPS,Chennai,branch,DEV0228
TXN007443,2026-08-08 17:25:19,ACC0041,ACC0484,5230.33,INR,RTGS,Bengaluru,mobile,DEV0865
TXN005952,2026-08-08 17:25:58,ACC0140,ACC0473,1440.66,INR,RTGS,Kochi,mobile,DEV0693
TXN003436,2026-08-08 17:28:50,ACC0055,ACC0486,935.2,INR,IMPS,Bengaluru,atm,DEV0583
TXN007322,2026-08-08 17:29:08,ACC0197,ACC0481,613.44,INR,NEFT,Kolkata,web,DEV0186
TXN009461,2026-08-08 17:29:35,ACC0062,ACC0500,909.77,INR,RTGS,Pune,web,DEV0462
TXN000896,2026-08-08 17:32:10,ACC0349,ACC0428,13919.83,INR,UPI,Hyderabad,branch,DEV0464
TXN007106,2026-08-08 17:45:34,ACC0121,ACC0453,949.04,INR,RTGS,Chennai,web,DEV0220
TXN009644,2026-08-08 17:46:47,ACC0157,ACC0470,11874.24,INR,IMPS,Hyderabad,atm,DEV0673
TXN003761,2026-08-08 17:57:19,ACC0259,ACC0470,2423.04,INR,RTGS,Kochi,branch,DEV0790
TXN008141,2026-08-08 17:57:35,ACC0267,ACC0490,1627.42,INR,RTGS,Kochi,atm,DEV0527
TXN003702,2026-08-08 17:57:41,ACC0062,ACC0471,1389.7,INR,UPI,Kolkata,web,DEV0508
TXN004800,2026-08-08 17:57:52,ACC0425,ACC0473,5345.8,INR,NEFT,Chennai,atm,DEV0414
TXN006280,2026-08-08 17:59:34,ACC0136,ACC0455,4166.27,INR,NEFT,Bengaluru,branch,DEV0352
TXN003206,2026-08-08 18:00:01,ACC0129,ACC0074,3353.01,INR,IMPS,Kolkata,branch,DEV0506
TXN009195,2026-08-08 18:02:23,ACC0025,ACC0384,1662.83,INR,UPI,Delhi,web,DEV0050
TXN000098,2026-08-08 18:02:46,ACC0304,ACC0483,1762.86,INR,UPI,Chennai,atm,DEV0868
TXN004153,2026-08-08 18:03:58,ACC0280,ACC0066,856.35,INR,IMPS,Pune,mobile,DEV0187
TXN008083,2026-08-08 18:06:32,ACC0288,ACC0464,2855.14,INR,RTGS,Mumbai,branch,DEV0659
TXN007123,2026-08-08 18:10:49,ACC0157,ACC0463,401.69,INR,UPI,Pune,branch,DEV0836
TXN002941,2026-08-08 18:10:51,ACC0382,ACC0479,308.1,INR,UPI,Kochi,atm,DEV0523
TXN006781,2026-08-08 18:11:04,ACC0297,ACC0047,399.85,INR,IMPS,Hyderabad,atm,DEV0386
TXN007883,2026-08-08 18:13:14,ACC0205,ACC0457,3082.5,INR,UPI,Kochi,branch,DEV0269
TXN006498,2026-08-08 18:13:17,ACC0300,ACC0473,625.68,INR,NEFT,Pune,branch,DEV0843
TXN009123,2026-08-08 18:14:24,ACC0221,ACC0458,3206.57,INR,RTGS,Kolkata,branch,DEV0327
TXN009889,2026-08-08 18:14:59,ACC0021,ACC0210,2609.67,INR,NEFT,Chennai,mobile,DEV0175
TXN005849,2026-08-08 18:19:07,ACC0077,ACC0344,1079.92,INR,UPI,Chennai,branch,DEV0042
TXN003308,2026-08-08 18:23:08,ACC0320,ACC0184,1090.03,INR,IMPS,Bengaluru,web,DEV0615
TXN009782,2026-08-08 18:28:51,ACC0267,ACC0215,32865.33,INR,UPI,Bengaluru,web,DEV0513
TXN001115,2026-08-08 18:31:14,ACC0052,ACC0249,2735.45,INR,UPI,Kochi,atm,DEV0622
TXN001801,2026-08-08 18:33:26,ACC0021,ACC0458,895.63,INR,NEFT,Chennai,web,DEV0068
TXN006239,2026-08-08 18:33:35,ACC0429,ACC0457,1448.43,INR,NEFT,Kolkata,web,DEV0728
TXN008459,2026-08-08 18:33:37,ACC0328,ACC0112,1633.73,INR,RTGS,Chennai,branch,DEV0070
TXN008337,2026-08-08 18:34:15,ACC0196,ACC0205,4516.56,INR,NEFT,Hyderabad,mobile,DEV0154
TXN004448,2026-08-08 18:34:31,ACC0001,ACC0451,1644.97,INR,RTGS,Hyderabad,atm,DEV0349
TXN005255,2026-08-08 18:39:04,ACC0401,ACC0474,475.97,INR,IMPS,Mumbai,web,DEV0126
TXN005422,2026-08-08 18:40:42,ACC0189,ACC0500,2277.13,INR,RTGS,Delhi,branch,DEV0384
TXN006754,2026-08-08 18:44:35,ACC0160,ACC0260,37759.31,INR,NEFT,Pune,mobile,DEV0716
TXN007054,2026-08-08 18:52:54,ACC0290,ACC0471,972.51,INR,IMPS,Delhi,web,DEV0847
TXN008267,2026-08-08 18:55:28,ACC0367,ACC0452,2967.4,INR,NEFT,Mumbai,branch,DEV0309
TXN008667,2026-08-08 18:56:05,ACC0291,ACC0156,10141.59,INR,IMPS,Pune,atm,DEV0776
TXN000091,2026-08-08 19:04:40,ACC0288,ACC0490,870.56,INR,NEFT,Chennai,mobile,DEV0312
TXN000050,2026-08-08 19:04:49,ACC0277,ACC0473,8871.09,INR,NEFT,Delhi,atm,DEV0686
TXN008350,2026-08-08 19:05:07,ACC0089,ACC0473,920.19,INR,UPI,Kochi,mobile,DEV0679
TXN007291,2026-08-08 19:05:45,ACC0122,ACC0196,13763.38,INR,UPI,Chennai,atm,DEV0648
TXN006650,2026-08-08 19:07:47,ACC0188,ACC0477,7828.83,INR,IMPS,Kolkata,atm,DEV0720
TXN005545,2026-08-08 19:09:05,ACC0422,ACC0174,1646.59,INR,NEFT,Mumbai,branch,DEV0669
TXN004946,2026-08-08 19:09:22,ACC0335,ACC0488,6341.66,INR,NEFT,Delhi,mobile,DEV0827
TXN000086,2026-08-08 19:12:39,ACC0410,ACC0473,238.58,INR,NEFT,Mumbai,mobile,DEV0317
TXN004388,2026-08-08 19:13:23,ACC0228,ACC0482,1965.08,INR,IMPS,Delhi,mobile,DEV0345
TXN008986,2026-08-08 19:14:48,ACC0289,ACC0456,1412.99,INR,UPI,Hyderabad,mobile,DEV0280
TXN007856,2026-08-08 19:17:44,ACC0215,ACC0481,3190.09,INR,NEFT,Mumbai,mobile,DEV0296
TXN004189,2026-08-08 19:18:03,ACC0256,ACC0464,1803.34,INR,NEFT,Kochi,web,DEV0402
TXN001533,2026-08-08 19:18:41,ACC0397,ACC0464,4610.69,INR,RTGS,Delhi,mobile,DEV0197
TXN009277,2026-08-08 19:19:02,ACC0205,ACC0455,2355.85,INR,NEFT,Pune,branch,DEV0701
TXN003123,2026-08-08 19:19:17,ACC0363,ACC0456,232.98,INR,NEFT,Bengaluru,mobile,DEV0558
TXN001261,2026-08-08 19:19:27,ACC0113,ACC0451,2381.39,INR,RTGS,Kochi,web,DEV0238
TXN006473,2026-08-08 19:20:16,ACC0310,ACC0471,3202.34,INR,RTGS,Chennai,branch,DEV0771
TXN005609,2026-08-08 19:24:31,ACC0034,ACC0405,2001.38,INR,NEFT,Bengaluru,branch,DEV0396
TXN000231,2026-08-08 19:25:31,ACC0075,ACC0425,260.62,INR,RTGS,Pune,atm,DEV0078
TXN005535,2026-08-08 19:29:20,ACC0271,ACC0472,3372.74,INR,NEFT,Chennai,atm,DEV0141
TXN009101,2026-08-08 19:31:04,ACC0270,ACC0459,2206.17,INR,UPI,Bengaluru,branch,DEV0611
TXN007265,2026-08-08 19:38:23,ACC0429,ACC0479,114.89,INR,UPI,Pune,atm,DEV0097
TXN009549,2026-08-08 19:38:45,ACC0298,ACC0463,469.55,INR,IMPS,Bengaluru,branch,DEV0775
TXN000911,2026-08-08 19:40:54,ACC0380,ACC0070,283.62,INR,UPI,Kochi,web,DEV0118
TXN004502,2026-08-08 19:43:25,ACC0402,ACC0472,1615.84,INR,IMPS,Chennai,web,DEV0679
TXN003660,2026-08-08 19:46:28,ACC0277,ACC0051,885.97,INR,NEFT,Mumbai,atm,DEV0685
TXN008998,2026-08-08 19:47:06,ACC0342,ACC0453,7795.59,INR,IMPS,Hyderabad,web,DEV0068
TXN007023,2026-08-08 19:47:27,ACC0022,ACC0469,5339.49,INR,IMPS,Kochi,mobile,DEV0341
TXN002893,2026-08-08 19:49:41,ACC0072,ACC0460,12890.28,INR,NEFT,Hyderabad,atm,DEV0574
TXN006891,2026-08-08 19:54:39,ACC0099,ACC0409,185.4,INR,UPI,Delhi,web,DEV0883
TXN009958,2026-08-08 19:58:37,ACC0094,ACC0485,1218.39,INR,UPI,Mumbai,web,DEV0228
TXN005285,2026-08-08 20:00:17,ACC0113,ACC0022,1431.91,INR,RTGS,Delhi,web,DEV0292
TXN007786,2026-08-08 20:00:40,ACC0019,ACC0463,485.81,INR,RTGS,Delhi,atm,DEV0502
TXN000307,2026-08-08 20:08:13,ACC0416,ACC0465,4800.92,INR,NEFT,Mumbai,branch,DEV0729
TXN005993,2026-08-08 20:13:44,ACC0268,ACC0228,2276.91,INR,RTGS,Mumbai,branch,DEV0676
TXN001505,2026-08-08 20:16:59,ACC0313,ACC0485,2031.5,INR,RTGS,Hyderabad,web,DEV0067
TXN002293,2026-08-08 20:18:00,ACC0070,ACC0493,2630.74,INR,NEFT,Delhi,web,DEV0753
TXN009502,2026-08-08 20:18:00,ACC0243,ACC0367,606.15,INR,IMPS,Mumbai,mobile,DEV0826
TXN008005,2026-08-08 20:20:16,ACC0136,ACC0488,1914.67,INR,RTGS,Kolkata,atm,DEV0747
TXN006340,2026-08-08 20:21:07,ACC0221,ACC0452,3291.31,INR,NEFT,Bengaluru,web,DEV0100
TXN001130,2026-08-08 20:22:45,ACC0161,ACC0489,3571.57,INR,IMPS,Chennai,atm,DEV0634
TXN007067,2026-08-08 20:25:50,ACC0156,ACC0483,1340.55,INR,UPI,Bengaluru,branch,DEV0288
TXN002987,2026-08-08 20:26:19,ACC0273,ACC0452,1885.04,INR,UPI,Chennai,mobile,DEV0133
TXN000727,2026-08-08 20:27:48,ACC0389,ACC0159,967.11,INR,NEFT,Kolkata,atm,DEV0304
TXN000939,2026-08-08 20:28:41,ACC0418,ACC0019,570.94,INR,IMPS,Mumbai,mobile,DEV0286
TXN001221,2026-08-08 20:28:51,ACC0140,ACC0097,127.78,INR,RTGS,Bengaluru,mobile,DEV0294
TXN002200,2026-08-08 20:32:59,ACC0047,ACC0197,1046.1,INR,IMPS,Bengaluru,web,DEV0024
TXN005209,2026-08-08 20:35:01,ACC0152,ACC0432,24374.19,INR,IMPS,Mumbai,branch,DEV0383
TXN008941,2026-08-08 20:36:08,ACC0059,ACC0119,3062.77,INR,UPI,Bengaluru,atm,DEV0878
TXN001355,2026-08-08 20:44:34,ACC0356,ACC0454,1063.81,INR,NEFT,Chennai,web,DEV0552
TXN009002,2026-08-08 20:44:40,ACC0216,ACC0456,234.98,INR,RTGS,Pune,web,DEV0169
TXN008211,2026-08-08 20:45:45,ACC0148,ACC0378,358.12,INR,IMPS,Hyderabad,web,DEV0188
TXN005096,2026-08-08 20:46:15,ACC0287,ACC0085,382.2,INR,IMPS,Hyderabad,mobile,DEV0838
TXN005763,2026-08-08 20:48:00,ACC0357,ACC0433,3173.74,INR,NEFT,Pune,mobile,DEV0846
TXN003203,2026-08-08 20:51:49,ACC0086,ACC0461,9444.26,INR,NEFT,Kochi,atm,DEV0787
TXN005992,2026-08-09 09:07:51,ACC0417,ACC0459,1454.09,INR,UPI,Chennai,mobile,DEV0675
TXN004089,2026-08-09 09:09:39,ACC0447,ACC0412,6008.28,INR,UPI,Hyderabad,atm,DEV0528
TXN000917,2026-08-09 09:10:22,ACC0240,ACC0235,1650.23,INR,NEFT,Kolkata,atm,DEV0526
TXN006075,2026-08-09 09:16:39,ACC0435,ACC0403,373.71,INR,RTGS,Delhi,branch,DEV0850
TXN007376,2026-08-09 09:18:57,ACC0403,ACC0374,486.64,INR,RTGS,Mumbai,mobile,DEV0046
TXN009693,2026-08-09 09:19:59,ACC0054,ACC0457,812.98,INR,IMPS,Kochi,atm,DEV0686
TXN007193,2026-08-09 09:20:15,ACC0333,ACC0087,2138.6,INR,NEFT,Bengaluru,mobile,DEV0232
TXN006153,2026-08-09 09:20:54,ACC0425,ACC0195,295.27,INR,NEFT,Delhi,atm,DEV0416
TXN000466,2026-08-09 09:21:24,ACC0408,ACC0460,7441.88,INR,RTGS,Delhi,mobile,DEV0886
TXN003260,2026-08-09 09:22:32,ACC0228,ACC0479,21005.94,INR,NEFT,Chennai,web,DEV0428
TXN004255,2026-08-09 09:23:06,ACC0305,ACC0479,38818.16,INR,UPI,Bengaluru,web,DEV0175
TXN004924,2026-08-09 09:23:59,ACC0263,ACC0487,1264.66,INR,IMPS,Bengaluru,branch,DEV0056
TXN008609,2026-08-09 09:25:38,ACC0247,ACC0417,119.71,INR,RTGS,Mumbai,mobile,DEV0147
TXN007307,2026-08-09 09:26:45,ACC0338,ACC0427,8260.11,INR,IMPS,Kochi,web,DEV0669
TXN002359,2026-08-09 09:26:50,ACC0015,ACC0462,1117.23,INR,RTGS,Hyderabad,atm,DEV0824
TXN001347,2026-08-09 09:27:44,ACC0258,ACC0487,1050.26,INR,RTGS,Delhi,mobile,DEV0757
TXN002813,2026-08-09 09:29:01,ACC0242,ACC0255,695.39,INR,IMPS,Pune,mobile,DEV0004
TXN003878,2026-08-09 09:29:43,ACC0038,ACC0499,1023.13,INR,IMPS,Chennai,branch,DEV0716
TXN004038,2026-08-09 09:32:39,ACC0002,ACC0459,7358.54,INR,UPI,Bengaluru,web,DEV0761
TXN005646,2026-08-09 09:32:41,ACC0309,ACC0484,1387.63,INR,RTGS,Mumbai,branch,DEV0879
TXN000811,2026-08-09 09:34:42,ACC0375,ACC0091,2958.41,INR,RTGS,Hyderabad,web,DEV0837
TXN000185,2026-08-09 09:35:37,ACC0267,ACC0470,2477.69,INR,RTGS,Chennai,branch,DEV0659
TXN006229,2026-08-09 09:36:49,ACC0122,ACC0495,4162.12,INR,RTGS,Kochi,branch,DEV0647
TXN002552,2026-08-09 09:38:45,ACC0114,ACC0478,1728.16,INR,RTGS,Kochi,mobile,DEV0862
TXN004485,2026-08-09 09:38:55,ACC0283,ACC0468,4284.34,INR,IMPS,Kochi,mobile,DEV0638
TXN005458,2026-08-09 09:42:01,ACC0035,ACC0487,1443.64,INR,RTGS,Kochi,web,DEV0233
TXN004464,2026-08-09 09:42:27,ACC0186,ACC0482,686.63,INR,RTGS,Mumbai,mobile,DEV0727
TXN004855,2026-08-09 09:43:32,ACC0158,ACC0457,1749.42,INR,IMPS,Mumbai,branch,DEV0715
TXN002003,2026-08-09 09:43:41,ACC0028,ACC0482,6125.91,INR,IMPS,Delhi,atm,DEV0465
TXN009167,2026-08-09 09:44:12,ACC0293,ACC0468,629.51,INR,RTGS,Chennai,web,DEV0395
TXN006163,2026-08-09 09:44:24,ACC0179,ACC0456,1158.66,INR,IMPS,Chennai,branch,DEV0220
TXN008618,2026-08-09 09:45:10,ACC0271,ACC0250,1117.78,INR,IMPS,Chennai,mobile,DEV0834
TXN008085,2026-08-09 09:46:37,ACC0420,ACC0457,1258.81,INR,IMPS,Delhi,branch,DEV0577
TXN008374,2026-08-09 09:47:44,ACC0190,ACC0494,1413.48,INR,RTGS,Kolkata,web,DEV0303
TXN009125,2026-08-09 09:51:01,ACC0171,ACC0091,911.68,INR,NEFT,Kolkata,atm,DEV0219
TXN006311,2026-08-09 09:51:06,ACC0120,ACC0494,12326.69,INR,IMPS,Chennai,atm,DEV0033
TXN006351,2026-08-09 09:51:28,ACC0097,ACC0475,608.45,INR,UPI,Bengaluru,mobile,DEV0043
TXN007521,2026-08-09 09:54:39,ACC0399,ACC0250,367.55,INR,IMPS,Bengaluru,branch,DEV0864
TXN007948,2026-08-09 10:01:29,ACC0442,ACC0472,4264.54,INR,NEFT,Chennai,web,DEV0187
TXN004028,2026-08-09 10:02:25,ACC0385,ACC0463,354.26,INR,RTGS,Delhi,branch,DEV0357
TXN002276,2026-08-09 10:02:58,ACC0197,ACC0465,800.86,INR,NEFT,Mumbai,mobile,DEV0557
TXN006830,2026-08-09 10:06:00,ACC0180,ACC0076,1813.46,INR,UPI,Kolkata,branch,DEV0011
TXN005158,2026-08-09 10:07:53,ACC0228,ACC0109,721.98,INR,UPI,Chennai,branch,DEV0173
TXN007451,2026-08-09 10:10:49,ACC0289,ACC0488,1255.08,INR,RTGS,Kochi,mobile,DEV0377
TXN007926,2026-08-09 10:12:35,ACC0188,ACC0483,1895.43,INR,RTGS,Kolkata,atm,DEV0607
TXN009342,2026-08-09 10:13:41,ACC0126,ACC0494,710.15,INR,IMPS,Pune,mobile,DEV0481
TXN000938,2026-08-09 10:13:58,ACC0362,ACC0249,228.1,INR,NEFT,Mumbai,branch,DEV0743
TXN006079,2026-08-09 10:14:20,ACC0434,ACC0457,4045.92,INR,IMPS,Mumbai,branch,DEV0838
TXN007273,2026-08-09 10:16:38,ACC0415,ACC0478,521.8,INR,UPI,Mumbai,mobile,DEV0018
TXN005143,2026-08-09 10:16:42,ACC0264,ACC0452,30105.68,INR,RTGS,Hyderabad,branch,DEV0127
TXN002841,2026-08-09 10:22:00,ACC0029,ACC0449,3234.95,INR,NEFT,Hyderabad,mobile,DEV0322
TXN007537,2026-08-09 10:22:05,ACC0116,ACC0462,827.83,INR,UPI,Mumbai,atm,DEV0281
TXN006987,2026-08-09 10:23:29,ACC0240,ACC0189,2091.68,INR,IMPS,Delhi,web,DEV0237
TXN008943,2026-08-09 10:24:04,ACC0093,ACC0069,467.56,INR,RTGS,Bengaluru,atm,DEV0189
TXN004859,2026-08-09 10:27:21,ACC0252,ACC0234,680.91,INR,RTGS,Pune,atm,DEV0570
TXN001514,2026-08-09 10:28:17,ACC0427,ACC0457,561.18,INR,UPI,Bengaluru,branch,DEV0638
TXN009576,2026-08-09 10:30:25,ACC0003,ACC0455,554.42,INR,NEFT,Delhi,mobile,DEV0094
TXN001481,2026-08-09 10:31:10,ACC0118,ACC0476,1407.84,INR,UPI,Mumbai,branch,DEV0459
TXN008766,2026-08-09 10:31:11,ACC0401,ACC0479,4051.06,INR,UPI,Pune,mobile,DEV0191
TXN008827,2026-08-09 10:34:55,ACC0217,ACC0477,5283.73,INR,NEFT,Bengaluru,mobile,DEV0609
TXN000250,2026-08-09 10:36:23,ACC0214,ACC0164,181.53,INR,UPI,Delhi,web,DEV0824
TXN007836,2026-08-09 10:37:44,ACC0117,ACC0284,1425.65,INR,IMPS,Mumbai,branch,DEV0382
TXN006751,2026-08-09 10:42:49,ACC0131,ACC0136,1983.62,INR,UPI,Pune,web,DEV0892
TXN008239,2026-08-09 10:44:44,ACC0331,ACC0341,2312.33,INR,RTGS,Delhi,web,DEV0442
TXN008416,2026-08-09 10:45:51,ACC0135,ACC0453,3184.79,INR,RTGS,Delhi,web,DEV0581
TXN004257,2026-08-09 10:46:03,ACC0107,ACC0495,605.21,INR,UPI,Chennai,web,DEV0771
TXN003069,2026-08-09 10:46:29,ACC0248,ACC0493,2581.6,INR,UPI,Hyderabad,branch,DEV0428
TXN009216,2026-08-09 10:48:37,ACC0394,ACC0391,4803.44,INR,RTGS,Chennai,atm,DEV0289
TXN001399,2026-08-09 10:50:35,ACC0347,ACC0493,1144.99,INR,RTGS,Mumbai,web,DEV0016
TXN001770,2026-08-09 10:52:45,ACC0267,ACC0467,2377.66,INR,UPI,Kochi,branch,DEV0650
TXN000595,2026-08-09 10:52:49,ACC0393,ACC0453,7876.45,INR,RTGS,Kolkata,atm,DEV0898
TXN004574,2026-08-09 10:55:01,ACC0334,ACC0458,2390.41,INR,RTGS,Bengaluru,atm,DEV0305
TXN007174,2026-08-09 10:55:38,ACC0179,ACC0476,5115.23,INR,NEFT,Kochi,mobile,DEV0758
TXN003366,2026-08-09 10:56:53,ACC0398,ACC0464,3969.18,INR,UPI,Chennai,web,DEV0191
TXN006059,2026-08-09 10:58:02,ACC0441,ACC0452,756.61,INR,RTGS,Delhi,atm,DEV0294
TXN008526,2026-08-09 10:58:22,ACC0440,ACC0410,1640.24,INR,UPI,Pune,branch,DEV0542
TXN003731,2026-08-09 11:00:26,ACC0239,ACC0489,6505.38,INR,UPI,Kolkata,branch,DEV0568
TXN001521,2026-08-09 11:00:52,ACC0026,ACC0478,3624.07,INR,RTGS,Kolkata,atm,DEV0775
TXN006471,2026-08-09 11:02:42,ACC0135,ACC0452,2828.61,INR,RTGS,Hyderabad,atm,DEV0761
TXN001780,2026-08-09 11:02:59,ACC0066,ACC0473,444.62,INR,NEFT,Bengaluru,mobile,DEV0626
TXN008978,2026-08-09 11:05:45,ACC0052,ACC0478,563.28,INR,IMPS,Delhi,branch,DEV0360
TXN005167,2026-08-09 11:08:06,ACC0041,ACC0482,4183.95,INR,IMPS,Hyderabad,branch,DEV0016
TXN002732,2026-08-09 11:09:34,ACC0253,ACC0464,1753.39,INR,NEFT,Kochi,web,DEV0191
TXN003074,2026-08-09 11:10:00,ACC0240,ACC0498,1080.12,INR,IMPS,Chennai,atm,DEV0622
TXN003967,2026-08-09 11:11:36,ACC0316,ACC0487,1722.5,INR,NEFT,Bengaluru,web,DEV0296
TXN003588,2026-08-09 11:13:36,ACC0349,ACC0488,5374.3,INR,NEFT,Bengaluru,atm,DEV0366
TXN001269,2026-08-09 11:14:26,ACC0151,ACC0478,779.4,INR,NEFT,Mumbai,mobile,DEV0587
TXN000995,2026-08-09 11:16:36,ACC0079,ACC0464,3308.76,INR,IMPS,Hyderabad,atm,DEV0215
TXN007282,2026-08-09 11:17:38,ACC0395,ACC0477,2957.51,INR,RTGS,Pune,atm,DEV0087
TXN005001,2026-08-09 11:21:28,ACC0010,ACC0484,612.01,INR,RTGS,Delhi,branch,DEV0535
TXN008521,2026-08-09 11:22:14,ACC0373,ACC0177,5483.03,INR,RTGS,Chennai,branch,DEV0810
TXN001163,2026-08-09 11:23:47,ACC0327,ACC0199,471.55,INR,NEFT,Pune,web,DEV0861
TXN000943,2026-08-09 11:24:29,ACC0369,ACC0484,576.66,INR,IMPS,Kolkata,atm,DEV0040
TXN000204,2026-08-09 11:24:45,ACC0127,ACC0043,3082.36,INR,RTGS,Kolkata,branch,DEV0110
TXN002238,2026-08-09 11:25:22,ACC0337,ACC0452,542.68,INR,IMPS,Delhi,atm,DEV0861
TXN006877,2026-08-09 11:25:56,ACC0019,ACC0487,264.39,INR,IMPS,Mumbai,branch,DEV0244
TXN003845,2026-08-09 11:26:01,ACC0009,ACC0463,1194.93,INR,NEFT,Hyderabad,atm,DEV0603
TXN001995,2026-08-09 11:28:30,ACC0441,ACC0462,13209.87,INR,NEFT,Bengaluru,branch,DEV0668
TXN007096,2026-08-09 11:32:09,ACC0429,ACC0460,727.79,INR,NEFT,Chennai,atm,DEV0124
TXN000607,2026-08-09 11:32:31,ACC0287,ACC0462,591.43,INR,RTGS,Delhi,branch,DEV0120
TXN005768,2026-08-09 11:32:56,ACC0361,ACC0498,3411.56,INR,RTGS,Mumbai,atm,DEV0035
TXN002309,2026-08-09 11:35:32,ACC0304,ACC0175,903.0,INR,RTGS,Pune,atm,DEV0441
TXN001590,2026-08-09 11:37:03,ACC0147,ACC0485,3334.54,INR,NEFT,Bengaluru,web,DEV0316
TXN002028,2026-08-09 11:41:55,ACC0087,ACC0129,940.92,INR,NEFT,Kolkata,branch,DEV0626
TXN002346,2026-08-09 11:45:38,ACC0133,ACC0097,2262.63,INR,RTGS,Bengaluru,mobile,DEV0861
TXN001099,2026-08-09 11:46:42,ACC0315,ACC0465,447.52,INR,RTGS,Hyderabad,web,DEV0336
TXN005030,2026-08-09 11:47:41,ACC0344,ACC0475,1752.01,INR,IMPS,Hyderabad,atm,DEV0408
TXN004914,2026-08-09 11:55:00,ACC0292,ACC0382,2828.24,INR,NEFT,Kochi,atm,DEV0624
TXN003465,2026-08-09 11:55:40,ACC0005,ACC0473,1208.06,INR,RTGS,Kolkata,mobile,DEV0377
TXN000545,2026-08-09 12:01:05,ACC0270,ACC0500,1864.44,INR,UPI,Pune,web,DEV0503
TXN000891,2026-08-09 12:04:34,ACC0028,ACC0295,618.13,INR,RTGS,Pune,atm,DEV0104
TXN009181,2026-08-09 12:06:30,ACC0013,ACC0495,2220.78,INR,NEFT,Kolkata,web,DEV0185
TXN008431,2026-08-09 12:08:10,ACC0291,ACC0425,3211.69,INR,UPI,Mumbai,branch,DEV0132
TXN001203,2026-08-09 12:09:18,ACC0420,ACC0153,2800.13,INR,RTGS,Delhi,atm,DEV0641
TXN005791,2026-08-09 12:12:03,ACC0383,ACC0453,7653.85,INR,UPI,Chennai,mobile,DEV0134
TXN001615,2026-08-09 12:12:35,ACC0308,ACC0475,1096.78,INR,NEFT,Hyderabad,atm,DEV0192
TXN000001,2026-08-09 12:14:08,ACC0328,ACC0498,6504.6,INR,UPI,Pune,mobile,DEV0031
TXN008133,2026-08-09 12:14:52,ACC0086,ACC0468,1094.45,INR,IMPS,Kolkata,atm,DEV0262
TXN008204,2026-08-09 12:14:53,ACC0340,ACC0123,2183.17,INR,NEFT,Chennai,mobile,DEV0441
TXN000386,2026-08-09 12:17:30,ACC0442,ACC0486,6107.09,INR,NEFT,Kochi,atm,DEV0216
TXN004741,2026-08-09 12:20:11,ACC0028,ACC0469,4931.35,INR,UPI,Mumbai,mobile,DEV0424
TXN003337,2026-08-09 12:21:14,ACC0442,ACC0487,1639.15,INR,UPI,Kochi,mobile,DEV0375
TXN003197,2026-08-09 12:22:49,ACC0057,ACC0495,2717.63,INR,UPI,Delhi,atm,DEV0640
TXN009896,2026-08-09 12:25:23,ACC0095,ACC0495,2184.03,INR,RTGS,Hyderabad,branch,DEV0001
TXN002075,2026-08-09 12:27:30,ACC0044,ACC0455,1771.07,INR,UPI,Chennai,atm,DEV0818
TXN000791,2026-08-09 12:30:25,ACC0004,ACC0493,1126.39,INR,NEFT,Hyderabad,mobile,DEV0450
TXN007131,2026-08-09 12:30:36,ACC0401,ACC0451,1300.41,INR,IMPS,Bengaluru,web,DEV0791
TXN002136,2026-08-09 12:30:46,ACC0113,ACC0483,996.16,INR,RTGS,Hyderabad,branch,DEV0309
TXN003009,2026-08-09 12:32:06,ACC0110,ACC0454,4557.8,INR,NEFT,Hyderabad,atm,DEV0862
TXN006892,2026-08-09 12:33:58,ACC0442,ACC0480,1487.93,INR,UPI,Bengaluru,web,DEV0087
TXN007908,2026-08-09 12:36:13,ACC0406,ACC0452,880.66,INR,UPI,Bengaluru,branch,DEV0105
TXN009110,2026-08-09 12:39:40,ACC0213,ACC0019,11236.27,INR,RTGS,Kochi,atm,DEV0852
TXN009183,2026-08-09 12:47:18,ACC0185,ACC0482,1766.64,INR,RTGS,Hyderabad,web,DEV0867
TXN003369,2026-08-09 12:47:29,ACC0001,ACC0483,3605.93,INR,UPI,Mumbai,atm,DEV0481
TXN005742,2026-08-09 12:48:09,ACC0408,ACC0482,1031.2,INR,IMPS,Bengaluru,web,DEV0230
TXN000043,2026-08-09 12:53:40,ACC0381,ACC0231,247.11,INR,RTGS,Bengaluru,branch,DEV0451
TXN005945,2026-08-09 12:55:59,ACC0131,ACC0453,1266.08,INR,UPI,Kolkata,web,DEV0638
TXN001709,2026-08-09 12:56:33,ACC0024,ACC0462,8718.46,INR,UPI,Kolkata,web,DEV0428
TXN004206,2026-08-09 12:56:43,ACC0231,ACC0498,940.09,INR,UPI,Pune,web,DEV0441
TXN007782,2026-08-09 12:57:34,ACC0106,ACC0462,741.15,INR,IMPS,Delhi,branch,DEV0108
TXN000798,2026-08-09 12:59:09,ACC0062,ACC0453,1138.41,INR,UPI,Chennai,atm,DEV0418
TXN006434,2026-08-09 13:01:03,ACC0250,ACC0351,8424.88,INR,RTGS,Kochi,mobile,DEV0230
TXN005240,2026-08-09 13:01:45,ACC0300,ACC0468,3659.97,INR,UPI,Kolkata,web,DEV0711
TXN005257,2026-08-09 13:02:11,ACC0088,ACC0464,953.13,INR,IMPS,Kolkata,mobile,DEV0010
TXN005561,2026-08-09 13:03:21,ACC0269,ACC0463,1824.6,INR,IMPS,Kolkata,mobile,DEV0598
TXN006701,2026-08-09 13:04:54,ACC0167,ACC0121,507.23,INR,NEFT,Delhi,web,DEV0470
TXN006085,2026-08-09 13:05:10,ACC0296,ACC0456,1405.21,INR,RTGS,Chennai,web,DEV0469
TXN008959,2026-08-09 13:11:01,ACC0350,ACC0489,1302.61,INR,IMPS,Pune,branch,DEV0132
TXN007185,2026-08-09 13:12:14,ACC0073,ACC0462,908.61,INR,RTGS,Delhi,atm,DEV0883
TXN002847,2026-08-09 13:13:56,ACC0428,ACC0456,141.8,INR,IMPS,Hyderabad,atm,DEV0541
TXN008167,2026-08-09 13:14:19,ACC0056,ACC0490,1676.31,INR,IMPS,Delhi,mobile,DEV0733
TXN004784,2026-08-09 13:15:10,ACC0127,ACC0462,625.82,INR,IMPS,Mumbai,mobile,DEV0658
TXN004700,2026-08-09 13:16:24,ACC0028,ACC0485,1973.84,INR,UPI,Mumbai,web,DEV0647
TXN001538,2026-08-09 13:16:58,ACC0218,ACC0462,2699.75,INR,IMPS,Pune,mobile,DEV0846
TXN002585,2026-08-09 13:17:07,ACC0351,ACC0338,235.15,INR,NEFT,Pune,web,DEV0395
TXN002530,2026-08-09 13:18:05,ACC0013,ACC0456,759.94,INR,RTGS,Hyderabad,web,DEV0238
TXN008343,2026-08-09 13:19:11,ACC0130,ACC0488,1618.47,INR,RTGS,Pune,branch,DEV0305
TXN000956,2026-08-09 13:21:20,ACC0300,ACC0489,483.56,INR,NEFT,Kochi,web,DEV0185
TXN006320,2026-08-09 13:22:04,ACC0080,ACC0494,53.69,INR,UPI,Bengaluru,atm,DEV0015
TXN008528,2026-08-09 13:22:25,ACC0282,ACC0475,2309.55,INR,NEFT,Chennai,mobile,DEV0812
TXN008248,2026-08-09 13:31:13,ACC0037,ACC0475,1957.64,INR,RTGS,Hyderabad,atm,DEV0645
TXN003738,2026-08-09 13:34:50,ACC0190,ACC0495,741.68,INR,UPI,Mumbai,mobile,DEV0321
TXN005887,2026-08-09 13:36:24,ACC0233,ACC0477,9595.99,INR,NEFT,Mumbai,branch,DEV0569
TXN000027,2026-08-09 13:38:13,ACC0055,ACC0080,2739.78,INR,IMPS,Kochi,branch,DEV0867
TXN000588,2026-08-09 13:42:35,ACC0082,ACC0452,8975.08,INR,UPI,Chennai,mobile,DEV0322
TXN001389,2026-08-09 13:47:02,ACC0108,ACC0426,577.31,INR,UPI,Kochi,web,DEV0351
TXN001793,2026-08-09 13:47:52,ACC0341,ACC0299,857.18,INR,NEFT,Pune,mobile,DEV0214
TXN006748,2026-08-09 13:49:14,ACC0349,ACC0201,3656.91,INR,NEFT,Chennai,mobile,DEV0860
TXN003783,2026-08-09 13:50:09,ACC0193,ACC0046,6987.37,INR,RTGS,Mumbai,atm,DEV0303
TXN003418,2026-08-09 13:50:46,ACC0324,ACC0467,2235.86,INR,RTGS,Bengaluru,branch,DEV0186
TXN003710,2026-08-09 13:53:47,ACC0245,ACC0457,1075.73,INR,UPI,Pune,atm,DEV0746
TXN008818,2026-08-09 13:57:43,ACC0246,ACC0363,1276.7,INR,NEFT,Kolkata,branch,DEV0293
TXN003423,2026-08-09 13:59:11,ACC0291,ACC0465,1040.77,INR,RTGS,Mumbai,web,DEV0193
TXN001573,2026-08-09 13:59:34,ACC0302,ACC0496,1659.19,INR,NEFT,Kolkata,web,DEV0392
TXN004300,2026-08-09 13:59:38,ACC0438,ACC0466,92.89,INR,IMPS,Chennai,web,DEV0840
TXN005304,2026-08-09 14:00:40,ACC0174,ACC0472,516.29,INR,NEFT,Pune,branch,DEV0245
TXN008419,2026-08-09 14:03:00,ACC0148,ACC0469,1074.37,INR,RTGS,Pune,atm,DEV0833
TXN006522,2026-08-09 14:03:43,ACC0305,ACC0463,4480.18,INR,NEFT,Chennai,web,DEV0257
TXN005683,2026-08-09 14:11:58,ACC0040,ACC0491,19907.2,INR,UPI,Chennai,mobile,DEV0069
TXN004060,2026-08-09 14:12:56,ACC0099,ACC0479,2027.49,INR,UPI,Delhi,web,DEV0555
TXN000622,2026-08-09 14:16:37,ACC0339,ACC0417,333.81,INR,UPI,Kochi,web,DEV0806
TXN002071,2026-08-09 14:17:24,ACC0124,ACC0034,6864.51,INR,IMPS,Kochi,branch,DEV0595
TXN008223,2026-08-09 14:17:40,ACC0113,ACC0458,102.01,INR,IMPS,Delhi,web,DEV0725
TXN004512,2026-08-09 14:20:04,ACC0260,ACC0471,38279.31,INR,NEFT,Hyderabad,mobile,DEV0378
TXN003018,2026-08-09 14:20:13,ACC0406,ACC0274,979.72,INR,IMPS,Delhi,atm,DEV0543
TXN000044,2026-08-09 14:20:57,ACC0040,ACC0121,1786.37,INR,NEFT,Pune,web,DEV0724
TXN007626,2026-08-09 14:21:21,ACC0286,ACC0460,2205.43,INR,IMPS,Pune,branch,DEV0563
TXN007428,2026-08-09 14:23:36,ACC0361,ACC0457,3150.49,INR,NEFT,Hyderabad,atm,DEV0010
TXN009509,2026-08-09 14:24:11,ACC0255,ACC0477,3419.86,INR,UPI,Delhi,web,DEV0084
TXN000422,2026-08-09 14:28:28,ACC0393,ACC0498,479.5,INR,UPI,Delhi,branch,DEV0007
TXN002323,2026-08-09 14:29:29,ACC0064,ACC0155,3948.84,INR,RTGS,Delhi,atm,DEV0251
TXN009970,2026-08-09 14:31:39,ACC0011,ACC0484,6279.04,INR,RTGS,Kochi,mobile,DEV0356
TXN009314,2026-08-09 14:32:36,ACC0109,ACC0495,5608.29,INR,NEFT,Kochi,branch,DEV0070
TXN005625,2026-08-09 14:35:27,ACC0327,ACC0461,1512.8,INR,IMPS,Hyderabad,mobile,DEV0558
TXN007499,2026-08-09 14:36:24,ACC0394,ACC0105,500.06,INR,NEFT,Kolkata,web,DEV0720
TXN003976,2026-08-09 14:37:45,ACC0378,ACC0498,772.33,INR,IMPS,Chennai,web,DEV0296
TXN009589,2026-08-09 14:37:51,ACC0435,ACC0095,412.94,INR,IMPS,Mumbai,atm,DEV0787
TXN006449,2026-08-09 14:38:35,ACC0073,ACC0476,328.94,INR,UPI,Kolkata,mobile,DEV0487
TXN004673,2026-08-09 14:38:39,ACC0318,ACC0498,1368.87,INR,IMPS,Bengaluru,mobile,DEV0140
TXN007035,2026-08-09 14:42:40,ACC0131,ACC0357,647.76,INR,RTGS,Bengaluru,mobile,DEV0317
TXN003056,2026-08-09 14:43:42,ACC0432,ACC0498,4842.48,INR,NEFT,Kochi,mobile,DEV0277
TXN004791,2026-08-09 14:44:22,ACC0371,ACC0488,2695.32,INR,NEFT,Mumbai,branch,DEV0889
TXN003166,2026-08-09 14:47:12,ACC0417,ACC0088,1647.42,INR,RTGS,Hyderabad,web,DEV0761
TXN005445,2026-08-09 14:48:25,ACC0210,ACC0313,1868.82,INR,RTGS,Chennai,web,DEV0900
TXN004271,2026-08-09 14:48:51,ACC0345,ACC0472,1900.4,INR,IMPS,Bengaluru,web,DEV0340
TXN008013,2026-08-09 14:49:56,ACC0180,ACC0461,1879.37,INR,NEFT,Bengaluru,atm,DEV0105
TXN007049,2026-08-09 14:52:34,ACC0340,ACC0484,3008.03,INR,IMPS,Pune,mobile,DEV0640
TXN005823,2026-08-09 14:53:41,ACC0363,ACC0483,3501.54,INR,NEFT,Kochi,branch,DEV0207
TXN001321,2026-08-09 14:54:26,ACC0133,ACC0079,980.1,INR,IMPS,Pune,mobile,DEV0027
TXN000424,2026-08-09 14:56:37,ACC0236,ACC0459,867.25,INR,IMPS,Mumbai,atm,DEV0583
TXN009441,2026-08-09 14:57:18,ACC0078,ACC0037,1396.03,INR,UPI,Kochi,atm,DEV0272
TXN009454,2026-08-09 15:01:38,ACC0402,ACC0498,292.84,INR,RTGS,Kochi,branch,DEV0570
TXN004179,2026-08-09 15:02:17,ACC0349,ACC0486,3263.25,INR,RTGS,Kolkata,branch,DEV0647
TXN005027,2026-08-09 15:02:53,ACC0331,ACC0092,11041.65,INR,IMPS,Hyderabad,atm,DEV0183
TXN000405,2026-08-09 15:04:34,ACC0385,ACC0029,1525.78,INR,IMPS,Pune,mobile,DEV0125
TXN004236,2026-08-09 15:06:23,ACC0087,ACC0117,2941.84,INR,UPI,Kochi,mobile,DEV0526
TXN004546,2026-08-09 15:07:11,ACC0419,ACC0236,375.68,INR,UPI,Chennai,web,DEV0297
TXN000264,2026-08-09 15:08:26,ACC0282,ACC0456,1866.7,INR,UPI,Pune,branch,DEV0492
TXN006842,2026-08-09 15:14:34,ACC0426,ACC0478,2310.19,INR,NEFT,Hyderabad,mobile,DEV0068
TXN006515,2026-08-09 15:15:23,ACC0335,ACC0455,785.94,INR,IMPS,Hyderabad,branch,DEV0307
TXN007601,2026-08-09 15:16:48,ACC0335,ACC0077,1195.05,INR,NEFT,Hyderabad,mobile,DEV0362
TXN004653,2026-08-09 15:21:05,ACC0422,ACC0464,1806.47,INR,IMPS,Mumbai,branch,DEV0239
TXN009984,2026-08-09 15:22:10,ACC0230,ACC0293,2317.0,INR,IMPS,Bengaluru,atm,DEV0727
TXN005783,2026-08-09 15:27:33,ACC0052,ACC0477,4502.1,INR,RTGS,Hyderabad,branch,DEV0114
TXN000745,2026-08-09 15:28:40,ACC0094,ACC0099,2164.17,INR,UPI,Pune,mobile,DEV0284
TXN004928,2026-08-09 15:30:28,ACC0163,ACC0472,287.23,INR,RTGS,Kochi,web,DEV0578
TXN001749,2026-08-09 15:31:05,ACC0352,ACC0469,3628.13,INR,RTGS,Delhi,atm,DEV0603
TXN006398,2026-08-09 15:35:50,ACC0312,ACC0490,2142.67,INR,RTGS,Pune,atm,DEV0837
TXN005035,2026-08-09 15:36:39,ACC0221,ACC0458,943.05,INR,IMPS,Pune,mobile,DEV0126
TXN003769,2026-08-09 15:39:24,ACC0039,ACC0387,1516.08,INR,RTGS,Delhi,mobile,DEV0648
TXN002953,2026-08-09 15:39:45,ACC0426,ACC0496,2519.0,INR,NEFT,Hyderabad,mobile,DEV0502
TXN001642,2026-08-09 15:43:50,ACC0332,ACC0454,1607.88,INR,NEFT,Chennai,atm,DEV0686
TXN007760,2026-08-09 15:46:31,ACC0114,ACC0496,1169.95,INR,IMPS,Delhi,atm,DEV0563
TXN006535,2026-08-09 15:50:05,ACC0269,ACC0477,2628.3,INR,UPI,Mumbai,atm,DEV0023
TXN009620,2026-08-09 15:54:26,ACC0430,ACC0481,318.05,INR,RTGS,Kolkata,mobile,DEV0203
TXN006740,2026-08-09 15:57:44,ACC0061,ACC0497,445.59,INR,UPI,Chennai,atm,DEV0305
TXN004005,2026-08-09 15:58:10,ACC0358,ACC0453,4222.32,INR,NEFT,Bengaluru,atm,DEV0286
TXN003633,2026-08-09 16:00:08,ACC0284,ACC0030,1562.66,INR,UPI,Delhi,atm,DEV0436
TXN000313,2026-08-09 16:03:06,ACC0330,ACC0469,4623.82,INR,IMPS,Pune,mobile,DEV0098
TXN002919,2026-08-09 16:03:07,ACC0403,ACC0498,4077.51,INR,NEFT,Bengaluru,web,DEV0643
TXN008195,2026-08-09 16:07:13,ACC0166,ACC0493,6140.38,INR,RTGS,Hyderabad,web,DEV0423
TXN004995,2026-08-09 16:07:41,ACC0004,ACC0477,2287.83,INR,NEFT,Hyderabad,web,DEV0419
TXN003390,2026-08-09 16:09:50,ACC0391,ACC0493,5207.43,INR,NEFT,Kolkata,atm,DEV0434
TXN008092,2026-08-09 16:10:05,ACC0293,ACC0453,556.07,INR,RTGS,Chennai,web,DEV0756
TXN005729,2026-08-09 16:10:29,ACC0390,ACC0277,2364.67,INR,UPI,Delhi,mobile,DEV0490
TXN000892,2026-08-09 16:13:10,ACC0113,ACC0355,3738.78,INR,IMPS,Hyderabad,mobile,DEV0097
TXN000841,2026-08-09 16:16:48,ACC0092,ACC0236,12487.79,INR,NEFT,Mumbai,atm,DEV0041
TXN008057,2026-08-09 16:17:24,ACC0153,ACC0418,2320.98,INR,RTGS,Pune,web,DEV0257
TXN000021,2026-08-09 16:18:27,ACC0195,ACC0475,6480.75,INR,RTGS,Delhi,web,DEV0304
TXN005013,2026-08-09 16:25:22,ACC0447,ACC0492,644.02,INR,RTGS,Kochi,branch,DEV0612
TXN002730,2026-08-09 16:25:47,ACC0176,ACC0460,1562.55,INR,IMPS,Bengaluru,atm,DEV0779
TXN001848,2026-08-09 16:26:16,ACC0420,ACC0499,2982.21,INR,RTGS,Mumbai,branch,DEV0484
TXN003368,2026-08-09 16:30:41,ACC0328,ACC0498,4545.34,INR,UPI,Mumbai,mobile,DEV0303
TXN005261,2026-08-09 16:33:05,ACC0116,ACC0459,12681.5,INR,UPI,Mumbai,atm,DEV0155
TXN003661,2026-08-09 16:38:38,ACC0174,ACC0459,355.33,INR,NEFT,Bengaluru,mobile,DEV0509
TXN004212,2026-08-09 16:40:05,ACC0413,ACC0473,31673.96,INR,NEFT,Bengaluru,web,DEV0332
TXN005618,2026-08-09 16:41:42,ACC0199,ACC0453,5908.45,INR,IMPS,Hyderabad,branch,DEV0357
TXN004659,2026-08-09 16:43:20,ACC0369,ACC0274,3994.02,INR,RTGS,Kochi,web,DEV0298
TXN008089,2026-08-09 16:43:45,ACC0051,ACC0461,12028.52,INR,UPI,Hyderabad,atm,DEV0359
TXN003325,2026-08-09 16:46:23,ACC0324,ACC0165,1808.63,INR,NEFT,Kochi,mobile,DEV0062
TXN008614,2026-08-09 16:51:17,ACC0400,ACC0453,419.41,INR,IMPS,Pune,mobile,DEV0371
TXN002365,2026-08-09 16:51:36,ACC0302,ACC0063,665.59,INR,NEFT,Kolkata,mobile,DEV0754
TXN008728,2026-08-09 17:02:20,ACC0299,ACC0328,1924.92,INR,UPI,Kolkata,atm,DEV0247
TXN000418,2026-08-09 17:02:46,ACC0363,ACC0490,510.48,INR,NEFT,Mumbai,mobile,DEV0743
TXN000698,2026-08-09 17:05:08,ACC0293,ACC0474,3208.53,INR,IMPS,Bengaluru,mobile,DEV0477
TXN000808,2026-08-09 17:07:10,ACC0437,ACC0496,535.44,INR,IMPS,Chennai,web,DEV0285
TXN005087,2026-08-09 17:07:23,ACC0149,ACC0490,9346.93,INR,NEFT,Pune,atm,DEV0300
TXN002244,2026-08-09 17:07:32,ACC0386,ACC0483,1331.11,INR,UPI,Pune,web,DEV0086
TXN009220,2026-08-09 17:08:04,ACC0201,ACC0454,3084.93,INR,RTGS,Mumbai,web,DEV0645
TXN008988,2026-08-09 17:09:02,ACC0224,ACC0458,177.41,INR,RTGS,Pune,web,DEV0817
TXN007811,2026-08-09 17:12:49,ACC0012,ACC0453,611.14,INR,RTGS,Pune,web,DEV0352
TXN009177,2026-08-09 17:13:28,ACC0223,ACC0499,2759.43,INR,NEFT,Pune,atm,DEV0753
TXN006290,2026-08-09 17:13:38,ACC0438,ACC0491,1625.01,INR,UPI,Pune,atm,DEV0218
TXN001068,2026-08-09 17:15:21,ACC0146,ACC0154,622.33,INR,IMPS,Kochi,mobile,DEV0775
TXN007165,2026-08-09 17:15:30,ACC0387,ACC0496,2972.84,INR,UPI,Pune,mobile,DEV0886
TXN002056,2026-08-09 17:15:37,ACC0282,ACC0498,1329.58,INR,RTGS,Bengaluru,branch,DEV0299
TXN008724,2026-08-09 17:16:30,ACC0190,ACC0454,1164.41,INR,NEFT,Kochi,mobile,DEV0876
TXN000990,2026-08-09 17:20:39,ACC0369,ACC0347,8824.46,INR,NEFT,Delhi,branch,DEV0536
TXN002265,2026-08-09 17:23:55,ACC0234,ACC0466,24385.12,INR,IMPS,Mumbai,web,DEV0222
TXN004587,2026-08-09 17:24:21,ACC0054,ACC0494,1487.32,INR,RTGS,Delhi,mobile,DEV0392
TXN009663,2026-08-09 17:32:19,ACC0102,ACC0489,751.51,INR,IMPS,Kochi,web,DEV0083
TXN002040,2026-08-09 17:32:28,ACC0424,ACC0483,1148.75,INR,NEFT,Chennai,atm,DEV0409
TXN005508,2026-08-09 17:32:51,ACC0110,ACC0498,5390.85,INR,UPI,Mumbai,atm,DEV0292
TXN001941,2026-08-09 17:34:09,ACC0448,ACC0495,771.35,INR,RTGS,Pune,web,DEV0203
TXN008064,2026-08-09 17:34:15,ACC0066,ACC0092,559.69,INR,RTGS,Delhi,mobile,DEV0275
TXN002513,2026-08-09 17:34:53,ACC0133,ACC0460,786.14,INR,NEFT,Kochi,web,DEV0474
TXN009120,2026-08-09 17:44:13,ACC0074,ACC0463,6336.04,INR,NEFT,Kochi,mobile,DEV0885
TXN000340,2026-08-09 17:46:18,ACC0408,ACC0198,255.58,INR,IMPS,Kochi,atm,DEV0045
TXN001940,2026-08-09 17:48:05,ACC0114,ACC0478,12592.74,INR,IMPS,Hyderabad,mobile,DEV0249
TXN008021,2026-08-09 17:48:58,ACC0141,ACC0237,525.82,INR,NEFT,Bengaluru,web,DEV0818
TXN006902,2026-08-09 17:50:45,ACC0230,ACC0452,909.46,INR,RTGS,Pune,web,DEV0654
TXN003474,2026-08-09 17:52:00,ACC0009,ACC0476,533.36,INR,UPI,Mumbai,web,DEV0513
TXN002854,2026-08-09 17:53:49,ACC0101,ACC0117,1145.21,INR,IMPS,Hyderabad,mobile,DEV0889
TXN008898,2026-08-09 17:56:08,ACC0294,ACC0484,779.24,INR,IMPS,Pune,branch,DEV0190
TXN009376,2026-08-09 17:58:14,ACC0159,ACC0384,403.4,INR,UPI,Kolkata,web,DEV0427
TXN004303,2026-08-09 18:00:16,ACC0185,ACC0487,3930.97,INR,IMPS,Hyderabad,branch,DEV0313
TXN009377,2026-08-09 18:02:02,ACC0031,ACC0160,512.95,INR,UPI,Chennai,atm,DEV0640
TXN002823,2026-08-09 18:04:37,ACC0398,ACC0482,451.26,INR,UPI,Hyderabad,web,DEV0443
TXN007059,2026-08-09 18:06:11,ACC0230,ACC0305,981.14,INR,RTGS,Pune,web,DEV0496
TXN007143,2026-08-09 18:06:27,ACC0388,ACC0370,1946.2,INR,IMPS,Kochi,atm,DEV0763
TXN009629,2026-08-09 18:07:14,ACC0095,ACC0476,2420.89,INR,UPI,Pune,mobile,DEV0767
TXN009715,2026-08-09 18:08:40,ACC0275,ACC0463,1995.08,INR,RTGS,Hyderabad,web,DEV0745
TXN008426,2026-08-09 18:14:07,ACC0380,ACC0486,5478.6,INR,IMPS,Bengaluru,atm,DEV0158
TXN001132,2026-08-09 18:16:57,ACC0350,ACC0497,7337.63,INR,RTGS,Pune,web,DEV0406
TXN006911,2026-08-09 18:18:05,ACC0242,ACC0180,903.39,INR,IMPS,Mumbai,branch,DEV0683
TXN004113,2026-08-09 18:21:39,ACC0056,ACC0473,3360.4,INR,NEFT,Mumbai,atm,DEV0610
TXN000563,2026-08-09 18:22:22,ACC0047,ACC0498,453.62,INR,NEFT,Mumbai,mobile,DEV0840
TXN003302,2026-08-09 18:24:25,ACC0107,ACC0500,525.4,INR,UPI,Hyderabad,atm,DEV0270
TXN000090,2026-08-09 18:24:52,ACC0189,ACC0494,2479.91,INR,NEFT,Kochi,mobile,DEV0635
TXN007338,2026-08-09 18:27:55,ACC0105,ACC0473,2003.91,INR,RTGS,Mumbai,mobile,DEV0484
TXN001552,2026-08-09 18:30:02,ACC0419,ACC0303,1709.01,INR,NEFT,Pune,atm,DEV0562
TXN008860,2026-08-09 18:30:40,ACC0101,ACC0468,1242.1,INR,IMPS,Delhi,mobile,DEV0767
TXN002826,2026-08-09 18:38:00,ACC0317,ACC0455,1766.04,INR,RTGS,Hyderabad,atm,DEV0721
TXN007312,2026-08-09 18:41:30,ACC0303,ACC0463,1006.57,INR,IMPS,Kolkata,mobile,DEV0057
TXN001693,2026-08-09 18:44:57,ACC0404,ACC0482,573.26,INR,NEFT,Delhi,branch,DEV0425
TXN009702,2026-08-09 18:48:56,ACC0140,ACC0456,960.3,INR,IMPS,Pune,mobile,DEV0395
TXN007933,2026-08-09 18:49:43,ACC0150,ACC0468,2381.04,INR,IMPS,Kolkata,mobile,DEV0653
TXN006402,2026-08-09 18:49:48,ACC0249,ACC0498,159.65,INR,UPI,Pune,mobile,DEV0499
TXN001536,2026-08-09 18:57:14,ACC0280,ACC0460,1081.54,INR,IMPS,Chennai,mobile,DEV0879
TXN002027,2026-08-09 19:01:56,ACC0328,ACC0294,271.85,INR,UPI,Delhi,atm,DEV0002
TXN005354,2026-08-09 19:03:11,ACC0321,ACC0497,182.25,INR,NEFT,Chennai,web,DEV0551
TXN004367,2026-08-09 19:03:12,ACC0353,ACC0491,3871.38,INR,RTGS,Kolkata,branch,DEV0368
TXN006696,2026-08-09 19:05:03,ACC0300,ACC0103,634.68,INR,NEFT,Hyderabad,web,DEV0462
TXN008056,2026-08-09 19:08:24,ACC0345,ACC0452,3210.42,INR,RTGS,Pune,web,DEV0754
TXN009955,2026-08-09 19:09:49,ACC0294,ACC0063,1527.43,INR,NEFT,Hyderabad,mobile,DEV0007
TXN009390,2026-08-09 19:10:09,ACC0090,ACC0110,1767.55,INR,RTGS,Chennai,mobile,DEV0200
TXN009932,2026-08-09 19:10:43,ACC0032,ACC0459,563.17,INR,IMPS,Kochi,branch,DEV0024
TXN008381,2026-08-09 19:10:56,ACC0108,ACC0462,8268.37,INR,NEFT,Mumbai,atm,DEV0404
TXN006548,2026-08-09 19:11:05,ACC0276,ACC0464,3544.88,INR,NEFT,Mumbai,web,DEV0551
TXN006878,2026-08-09 19:14:01,ACC0047,ACC0496,1830.27,INR,NEFT,Mumbai,mobile,DEV0791
TXN005935,2026-08-09 19:15:41,ACC0022,ACC0471,762.9,INR,RTGS,Hyderabad,web,DEV0227
TXN005716,2026-08-09 19:17:19,ACC0030,ACC0101,7520.96,INR,IMPS,Mumbai,mobile,DEV0524
TXN007141,2026-08-09 19:18:14,ACC0002,ACC0471,11526.63,INR,IMPS,Hyderabad,web,DEV0489
TXN008353,2026-08-09 19:23:13,ACC0194,ACC0477,665.9,INR,IMPS,Kochi,branch,DEV0815
TXN005003,2026-08-09 19:25:40,ACC0094,ACC0479,1968.21,INR,IMPS,Kochi,mobile,DEV0225
TXN009785,2026-08-09 19:26:54,ACC0235,ACC0366,3437.43,INR,RTGS,Kochi,mobile,DEV0884
TXN002843,2026-08-09 19:27:17,ACC0150,ACC0240,6725.88,INR,RTGS,Chennai,web,DEV0224
TXN002714,2026-08-09 19:29:45,ACC0213,ACC0194,1208.07,INR,IMPS,Delhi,mobile,DEV0856
TXN000897,2026-08-09 19:31:16,ACC0252,ACC0280,626.72,INR,RTGS,Mumbai,branch,DEV0703
TXN007135,2026-08-09 19:31:54,ACC0035,ACC0481,6446.92,INR,NEFT,Mumbai,atm,DEV0152
TXN004827,2026-08-09 19:36:51,ACC0330,ACC0348,790.45,INR,IMPS,Hyderabad,branch,DEV0805
TXN000498,2026-08-09 19:37:25,ACC0139,ACC0457,1305.03,INR,NEFT,Bengaluru,branch,DEV0694
TXN002410,2026-08-09 19:40:17,ACC0389,ACC0232,1132.12,INR,NEFT,Delhi,branch,DEV0703
TXN007841,2026-08-09 19:42:22,ACC0240,ACC0201,2233.19,INR,RTGS,Chennai,web,DEV0880
TXN009450,2026-08-09 19:44:35,ACC0408,ACC0454,1148.92,INR,NEFT,Kolkata,atm,DEV0545
TXN007340,2026-08-09 19:45:23,ACC0233,ACC0496,1500.91,INR,RTGS,Delhi,web,DEV0116
TXN008444,2026-08-09 19:47:06,ACC0206,ACC0487,761.22,INR,RTGS,Mumbai,branch,DEV0668
TXN006305,2026-08-09 19:48:53,ACC0435,ACC0458,184.31,INR,NEFT,Kolkata,branch,DEV0418
TXN004826,2026-08-09 19:51:29,ACC0208,ACC0483,8249.69,INR,NEFT,Delhi,web,DEV0219
TXN006897,2026-08-09 19:59:52,ACC0395,ACC0460,14878.36,INR,IMPS,Delhi,atm,DEV0465
TXN008686,2026-08-09 20:00:05,ACC0118,ACC0476,3300.31,INR,RTGS,Delhi,web,DEV0453
TXN009104,2026-08-09 20:01:21,ACC0045,ACC0083,1173.1,INR,UPI,Hyderabad,atm,DEV0316
TXN002305,2026-08-09 20:02:32,ACC0270,ACC0490,859.65,INR,IMPS,Delhi,branch,DEV0256
TXN009916,2026-08-09 20:04:52,ACC0117,ACC0348,4371.65,INR,UPI,Chennai,mobile,DEV0470
TXN003826,2026-08-09 20:04:54,ACC0252,ACC0456,2645.99,INR,NEFT,Hyderabad,atm,DEV0315
TXN006989,2026-08-09 20:11:09,ACC0167,ACC0438,377.62,INR,RTGS,Kochi,web,DEV0169
TXN003509,2026-08-09 20:11:19,ACC0216,ACC0106,1005.02,INR,RTGS,Pune,web,DEV0282
TXN003516,2026-08-09 20:14:23,ACC0429,ACC0466,5805.96,INR,RTGS,Kochi,mobile,DEV0097
TXN001688,2026-08-09 20:22:11,ACC0301,ACC0317,3293.5,INR,UPI,Kochi,mobile,DEV0177
TXN009723,2026-08-09 20:26:17,ACC0345,ACC0495,12616.4,INR,UPI,Chennai,mobile,DEV0899
TXN005794,2026-08-09 20:27:08,ACC0231,ACC0196,5757.48,INR,UPI,Pune,branch,DEV0065
TXN009877,2026-08-09 20:38:58,ACC0013,ACC0020,4548.62,INR,RTGS,Pune,atm,DEV0024
TXN005941,2026-08-09 20:39:36,ACC0236,ACC0467,196.6,INR,IMPS,Bengaluru,mobile,DEV0127
TXN000967,2026-08-09 20:42:07,ACC0253,ACC0459,2959.7,INR,UPI,Kolkata,web,DEV0520
TXN004015,2026-08-09 20:46:14,ACC0080,ACC0471,519.69,INR,UPI,Hyderabad,web,DEV0306
TXN007172,2026-08-09 20:57:53,ACC0169,ACC0499,257.71,INR,IMPS,Chennai,mobile,DEV0779
TXN005853,2026-08-09 20:58:24,ACC0074,ACC0481,1421.0,INR,UPI,Kochi,web,DEV0121
TXN003034,2026-08-09 20:59:24,ACC0342,ACC0453,1004.73,INR,UPI,Delhi,atm,DEV0237
TXN008377,2026-08-10 09:00:06,ACC0235,ACC0471,1681.38,INR,NEFT,Hyderabad,mobile,DEV0548
TXN008633,2026-08-10 09:03:57,ACC0109,ACC0452,883.86,INR,UPI,Mumbai,atm,DEV0434
TXN005516,2026-08-10 09:05:49,ACC0085,ACC0498,1668.02,INR,RTGS,Kochi,branch,DEV0111
TXN007685,2026-08-10 09:06:14,ACC0105,ACC0495,3386.68,INR,IMPS,Bengaluru,atm,DEV0242
TXN002295,2026-08-10 09:06:57,ACC0376,ACC0471,2075.44,INR,IMPS,Hyderabad,branch,DEV0173
TXN008309,2026-08-10 09:09:12,ACC0139,ACC0475,6005.34,INR,IMPS,Hyderabad,mobile,DEV0132
TXN008445,2026-08-10 09:10:02,ACC0131,ACC0458,1978.39,INR,UPI,Delhi,web,DEV0732
TXN000668,2026-08-10 09:10:47,ACC0324,ACC0483,1753.14,INR,UPI,Pune,mobile,DEV0851
TXN002176,2026-08-10 09:17:15,ACC0131,ACC0454,409.63,INR,IMPS,Mumbai,web,DEV0854
TXN000935,2026-08-10 09:20:22,ACC0030,ACC0462,9545.12,INR,IMPS,Delhi,atm,DEV0491
TXN005738,2026-08-10 09:21:18,ACC0202,ACC0466,957.37,INR,IMPS,Chennai,mobile,DEV0488
TXN005196,2026-08-10 09:21:54,ACC0309,ACC0071,490.83,INR,IMPS,Mumbai,mobile,DEV0751
TXN009457,2026-08-10 09:24:14,ACC0068,ACC0217,592.86,INR,UPI,Hyderabad,mobile,DEV0623
TXN002303,2026-08-10 09:24:27,ACC0335,ACC0460,3199.86,INR,NEFT,Hyderabad,atm,DEV0196
TXN006278,2026-08-10 09:24:37,ACC0432,ACC0045,3454.91,INR,UPI,Kolkata,branch,DEV0159
TXN006117,2026-08-10 09:27:34,ACC0212,ACC0464,2230.01,INR,RTGS,Delhi,atm,DEV0794
TXN008189,2026-08-10 09:34:52,ACC0083,ACC0153,399.09,INR,NEFT,Kochi,atm,DEV0448
TXN002073,2026-08-10 09:37:20,ACC0069,ACC0005,793.02,INR,RTGS,Pune,mobile,DEV0527
TXN006277,2026-08-10 09:38:13,ACC0027,ACC0132,8467.83,INR,IMPS,Kochi,atm,DEV0436
TXN004544,2026-08-10 09:43:37,ACC0450,ACC0478,430.0,INR,RTGS,Mumbai,branch,DEV0013
TXN005739,2026-08-10 09:44:00,ACC0178,ACC0421,457.77,INR,UPI,Hyderabad,web,DEV0334
TXN007712,2026-08-10 09:52:12,ACC0027,ACC0498,237.49,INR,IMPS,Pune,web,DEV0438
TXN003013,2026-08-10 09:52:50,ACC0196,ACC0241,867.01,INR,UPI,Delhi,web,DEV0127
TXN007014,2026-08-10 09:53:33,ACC0322,ACC0389,303.55,INR,NEFT,Kochi,branch,DEV0039
TXN007605,2026-08-10 09:54:04,ACC0395,ACC0146,148.96,INR,IMPS,Hyderabad,mobile,DEV0230
TXN006140,2026-08-10 09:56:03,ACC0030,ACC0478,441.19,INR,IMPS,Hyderabad,branch,DEV0106
TXN008460,2026-08-10 09:56:25,ACC0195,ACC0284,17031.66,INR,RTGS,Bengaluru,atm,DEV0244
TXN001217,2026-08-10 09:57:07,ACC0144,ACC0452,985.69,INR,NEFT,Mumbai,mobile,DEV0488
TXN001713,2026-08-10 10:00:04,ACC0054,ACC0486,286.9,INR,NEFT,Bengaluru,web,DEV0735
TXN000901,2026-08-10 10:00:31,ACC0233,ACC0473,3347.73,INR,IMPS,Delhi,branch,DEV0499
TXN002517,2026-08-10 10:02:14,ACC0283,ACC0464,875.67,INR,NEFT,Mumbai,mobile,DEV0114
TXN001438,2026-08-10 10:02:49,ACC0443,ACC0457,984.82,INR,UPI,Kochi,mobile,DEV0620
TXN005239,2026-08-10 10:03:06,ACC0013,ACC0484,11095.19,INR,NEFT,Delhi,web,DEV0271
TXN009697,2026-08-10 10:03:14,ACC0329,ACC0479,14459.08,INR,UPI,Bengaluru,branch,DEV0758
TXN008283,2026-08-10 10:05:40,ACC0363,ACC0451,695.94,INR,NEFT,Delhi,branch,DEV0517
TXN008743,2026-08-10 10:06:45,ACC0448,ACC0468,128.52,INR,IMPS,Mumbai,atm,DEV0220
TXN005685,2026-08-10 10:10:52,ACC0166,ACC0495,1145.35,INR,IMPS,Chennai,web,DEV0405
TXN003930,2026-08-10 10:14:34,ACC0160,ACC0484,2336.93,INR,RTGS,Pune,mobile,DEV0508
TXN004416,2026-08-10 10:14:50,ACC0048,ACC0100,1111.77,INR,IMPS,Pune,mobile,DEV0731
TXN003851,2026-08-10 10:15:25,ACC0349,ACC0454,1552.64,INR,RTGS,Kochi,branch,DEV0824
TXN009617,2026-08-10 10:15:58,ACC0364,ACC0452,4939.34,INR,UPI,Mumbai,branch,DEV0195
TXN000906,2026-08-10 10:19:36,ACC0214,ACC0470,7301.27,INR,NEFT,Pune,atm,DEV0099
TXN006825,2026-08-10 10:20:48,ACC0137,ACC0457,1437.3,INR,IMPS,Delhi,mobile,DEV0063
TXN007772,2026-08-10 10:21:55,ACC0041,ACC0332,437.25,INR,UPI,Kochi,atm,DEV0337
TXN000959,2026-08-10 10:21:57,ACC0357,ACC0496,4120.5,INR,UPI,Chennai,mobile,DEV0757
TXN009571,2026-08-10 10:25:25,ACC0297,ACC0488,10946.45,INR,UPI,Delhi,mobile,DEV0725
TXN005468,2026-08-10 10:25:59,ACC0393,ACC0333,643.8,INR,RTGS,Hyderabad,mobile,DEV0499
TXN004395,2026-08-10 10:26:18,ACC0169,ACC0468,3622.69,INR,UPI,Mumbai,mobile,DEV0328
TXN008371,2026-08-10 10:29:19,ACC0292,ACC0466,2670.97,INR,IMPS,Kochi,mobile,DEV0818
TXN009438,2026-08-10 10:30:36,ACC0050,ACC0490,1041.35,INR,UPI,Mumbai,atm,DEV0228
TXN000279,2026-08-10 10:30:54,ACC0014,ACC0491,971.09,INR,IMPS,Mumbai,atm,DEV0190
TXN006514,2026-08-10 10:34:23,ACC0008,ACC0148,3089.88,INR,UPI,Bengaluru,web,DEV0860
TXN003856,2026-08-10 10:34:44,ACC0218,ACC0456,501.39,INR,IMPS,Chennai,branch,DEV0809
TXN005292,2026-08-10 10:34:50,ACC0285,ACC0457,10297.37,INR,IMPS,Chennai,mobile,DEV0319
TXN009421,2026-08-10 10:36:16,ACC0033,ACC0163,6468.66,INR,UPI,Bengaluru,mobile,DEV0106
TXN000679,2026-08-10 10:40:40,ACC0128,ACC0472,378.65,INR,UPI,Kolkata,branch,DEV0254
TXN001643,2026-08-10 10:41:35,ACC0162,ACC0486,2408.96,INR,RTGS,Delhi,atm,DEV0677
TXN001845,2026-08-10 10:47:27,ACC0034,ACC0451,4435.27,INR,UPI,Kolkata,web,DEV0048
TXN004580,2026-08-10 10:48:00,ACC0161,ACC0037,1997.82,INR,UPI,Kolkata,web,DEV0636
TXN000127,2026-08-10 10:48:10,ACC0434,ACC0458,501.19,INR,NEFT,Kochi,branch,DEV0028
TXN002387,2026-08-10 10:50:19,ACC0294,ACC0468,2069.64,INR,NEFT,Mumbai,atm,DEV0283
TXN009621,2026-08-10 10:52:16,ACC0365,ACC0487,435.61,INR,IMPS,Kolkata,branch,DEV0609
TXN000542,2026-08-10 10:58:01,ACC0277,ACC0274,1141.64,INR,NEFT,Kochi,branch,DEV0160
TXN005657,2026-08-10 10:58:12,ACC0166,ACC0462,666.27,INR,UPI,Kochi,mobile,DEV0816
TXN003871,2026-08-10 11:01:05,ACC0425,ACC0490,1864.01,INR,IMPS,Kochi,atm,DEV0388
TXN001809,2026-08-10 11:01:12,ACC0073,ACC0413,6092.55,INR,UPI,Mumbai,branch,DEV0209
TXN002211,2026-08-10 11:06:35,ACC0310,ACC0483,1963.06,INR,IMPS,Delhi,atm,DEV0621
TXN005024,2026-08-10 11:09:57,ACC0148,ACC0456,1467.06,INR,IMPS,Mumbai,web,DEV0855
TXN000849,2026-08-10 11:12:22,ACC0220,ACC0499,8174.99,INR,NEFT,Pune,branch,DEV0710
TXN000765,2026-08-10 11:13:13,ACC0071,ACC0481,3341.11,INR,UPI,Kolkata,mobile,DEV0695
TXN005649,2026-08-10 11:13:30,ACC0405,ACC0325,5074.16,INR,RTGS,Pune,web,DEV0243
TXN007430,2026-08-10 11:16:22,ACC0387,ACC0466,582.9,INR,NEFT,Pune,branch,DEV0561
TXN005054,2026-08-10 11:17:38,ACC0078,ACC0482,2797.31,INR,RTGS,Kolkata,branch,DEV0487
TXN007502,2026-08-10 11:19:48,ACC0036,ACC0478,2007.0,INR,NEFT,Hyderabad,atm,DEV0430
TXN008639,2026-08-10 11:20:41,ACC0401,ACC0472,3753.1,INR,NEFT,Kolkata,web,DEV0205
TXN000432,2026-08-10 11:22:39,ACC0305,ACC0500,2478.58,INR,NEFT,Bengaluru,branch,DEV0160
TXN002084,2026-08-10 11:32:25,ACC0146,ACC0464,234.5,INR,RTGS,Pune,mobile,DEV0178
TXN005010,2026-08-10 11:34:13,ACC0252,ACC0298,181.18,INR,RTGS,Mumbai,atm,DEV0429
TXN000905,2026-08-10 11:36:27,ACC0134,ACC0306,2692.84,INR,NEFT,Bengaluru,branch,DEV0139
TXN003923,2026-08-10 11:38:40,ACC0317,ACC0482,647.98,INR,NEFT,Hyderabad,atm,DEV0025
TXN001705,2026-08-10 11:39:16,ACC0157,ACC0453,2196.96,INR,UPI,Hyderabad,atm,DEV0524
TXN002969,2026-08-10 11:39:58,ACC0230,ACC0452,5744.36,INR,RTGS,Pune,atm,DEV0482
TXN001430,2026-08-10 11:40:15,ACC0072,ACC0490,2189.83,INR,IMPS,Pune,web,DEV0888
TXN006410,2026-08-10 11:41:45,ACC0285,ACC0148,788.19,INR,NEFT,Mumbai,branch,DEV0416
TXN002783,2026-08-10 11:42:39,ACC0312,ACC0041,2489.79,INR,IMPS,Kochi,atm,DEV0442
TXN007767,2026-08-10 11:42:40,ACC0328,ACC0006,3688.31,INR,UPI,Bengaluru,atm,DEV0885
TXN003330,2026-08-10 11:44:29,ACC0167,ACC0499,161.49,INR,UPI,Hyderabad,web,DEV0525
TXN007403,2026-08-10 11:45:21,ACC0030,ACC0491,2993.87,INR,RTGS,Kochi,web,DEV0386
TXN006057,2026-08-10 11:47:13,ACC0309,ACC0498,1823.14,INR,RTGS,Mumbai,mobile,DEV0536
TXN003222,2026-08-10 11:49:38,ACC0192,ACC0497,1992.19,INR,UPI,Hyderabad,mobile,DEV0859
TXN005888,2026-08-10 11:54:17,ACC0409,ACC0476,2525.38,INR,IMPS,Bengaluru,atm,DEV0375
TXN002948,2026-08-10 11:54:31,ACC0403,ACC0009,5979.16,INR,IMPS,Bengaluru,branch,DEV0286
TXN004781,2026-08-10 11:54:57,ACC0193,ACC0472,7932.12,INR,IMPS,Hyderabad,mobile,DEV0639
TXN006629,2026-08-10 11:55:03,ACC0126,ACC0393,6075.85,INR,NEFT,Hyderabad,mobile,DEV0836
TXN000537,2026-08-10 12:04:01,ACC0228,ACC0011,4080.35,INR,IMPS,Pune,branch,DEV0672
TXN003886,2026-08-10 12:04:01,ACC0125,ACC0500,2054.65,INR,IMPS,Kochi,atm,DEV0544
TXN003091,2026-08-10 12:05:01,ACC0072,ACC0451,1495.09,INR,NEFT,Bengaluru,branch,DEV0720
TXN003559,2026-08-10 12:06:21,ACC0290,ACC0452,7192.91,INR,UPI,Kochi,branch,DEV0073
TXN009325,2026-08-10 12:12:49,ACC0013,ACC0491,2072.41,INR,RTGS,Delhi,web,DEV0427
TXN000708,2026-08-10 12:14:18,ACC0096,ACC0475,2261.49,INR,UPI,Kolkata,mobile,DEV0176
TXN009817,2026-08-10 12:14:18,ACC0395,ACC0474,1480.41,INR,IMPS,Bengaluru,branch,DEV0340
TXN009159,2026-08-10 12:15:31,ACC0308,ACC0493,427.35,INR,UPI,Kochi,atm,DEV0189
TXN007730,2026-08-10 12:19:53,ACC0406,ACC0029,888.2,INR,RTGS,Mumbai,mobile,DEV0456
TXN008545,2026-08-10 12:26:21,ACC0240,ACC0495,1120.04,INR,NEFT,Kochi,web,DEV0200
TXN009510,2026-08-10 12:29:39,ACC0030,ACC0490,2934.15,INR,UPI,Hyderabad,atm,DEV0277
TXN002918,2026-08-10 12:29:44,ACC0363,ACC0359,725.95,INR,RTGS,Chennai,web,DEV0099
TXN008348,2026-08-10 12:31:56,ACC0420,ACC0452,5531.81,INR,NEFT,Mumbai,atm,DEV0709
TXN000438,2026-08-10 12:32:17,ACC0351,ACC0491,7885.93,INR,RTGS,Chennai,branch,DEV0231
TXN005301,2026-08-10 12:35:31,ACC0150,ACC0454,609.92,INR,UPI,Hyderabad,atm,DEV0749
TXN008114,2026-08-10 12:36:03,ACC0198,ACC0460,2179.03,INR,RTGS,Bengaluru,web,DEV0275
TXN001829,2026-08-10 12:42:47,ACC0047,ACC0474,198.7,INR,NEFT,Bengaluru,mobile,DEV0122
TXN005533,2026-08-10 12:43:32,ACC0443,ACC0496,2253.21,INR,UPI,Bengaluru,atm,DEV0887
TXN001091,2026-08-10 12:44:05,ACC0429,ACC0492,7298.55,INR,RTGS,Chennai,branch,DEV0748
TXN001764,2026-08-10 12:45:29,ACC0168,ACC0459,616.0,INR,RTGS,Bengaluru,atm,DEV0776
TXN000109,2026-08-10 12:49:08,ACC0307,ACC0464,3299.6,INR,UPI,Chennai,atm,DEV0765
TXN000971,2026-08-10 12:56:18,ACC0337,ACC0450,3046.68,INR,RTGS,Kolkata,atm,DEV0303
TXN003356,2026-08-10 12:59:32,ACC0295,ACC0454,2793.59,INR,IMPS,Mumbai,atm,DEV0278
TXN005270,2026-08-10 12:59:36,ACC0408,ACC0454,1650.0,INR,IMPS,Delhi,atm,DEV0867
TXN001512,2026-08-10 13:01:50,ACC0017,ACC0357,2022.61,INR,UPI,Kochi,atm,DEV0766
TXN001994,2026-08-10 13:02:11,ACC0290,ACC0208,396.81,INR,RTGS,Kochi,atm,DEV0633
TXN008421,2026-08-10 13:03:35,ACC0312,ACC0476,2158.33,INR,RTGS,Kochi,web,DEV0294
TXN009556,2026-08-10 13:05:29,ACC0290,ACC0466,11511.0,INR,UPI,Chennai,atm,DEV0072
TXN004389,2026-08-10 13:14:35,ACC0045,ACC0488,1605.37,INR,UPI,Kochi,mobile,DEV0237
TXN003395,2026-08-10 13:14:37,ACC0226,ACC0495,648.55,INR,IMPS,Pune,atm,DEV0223
TXN009851,2026-08-10 13:15:04,ACC0447,ACC0484,3353.02,INR,NEFT,Chennai,branch,DEV0480
TXN008059,2026-08-10 13:15:30,ACC0148,ACC0486,152.51,INR,IMPS,Bengaluru,mobile,DEV0155
TXN000191,2026-08-10 13:23:32,ACC0239,ACC0473,6328.47,INR,RTGS,Kolkata,web,DEV0380
TXN001025,2026-08-10 13:24:43,ACC0335,ACC0460,7304.84,INR,NEFT,Pune,mobile,DEV0477
TXN004136,2026-08-10 13:25:57,ACC0158,ACC0466,282.91,INR,UPI,Kolkata,web,DEV0525
TXN001851,2026-08-10 13:27:48,ACC0376,ACC0460,3977.36,INR,RTGS,Kochi,web,DEV0038
TXN000207,2026-08-10 13:31:09,ACC0195,ACC0468,380.76,INR,RTGS,Hyderabad,atm,DEV0802
TXN007526,2026-08-10 13:31:29,ACC0411,ACC0116,2027.49,INR,NEFT,Mumbai,mobile,DEV0588
TXN003936,2026-08-10 13:31:36,ACC0303,ACC0479,4605.76,INR,UPI,Bengaluru,mobile,DEV0813
TXN002511,2026-08-10 13:31:40,ACC0066,ACC0486,2745.51,INR,RTGS,Bengaluru,atm,DEV0085
TXN004823,2026-08-10 13:33:34,ACC0175,ACC0093,5299.46,INR,RTGS,Pune,atm,DEV0366
TXN000471,2026-08-10 13:34:20,ACC0108,ACC0463,7826.29,INR,IMPS,Delhi,web,DEV0281
TXN000116,2026-08-10 13:37:03,ACC0035,ACC0491,1209.8,INR,RTGS,Kochi,mobile,DEV0059
TXN001299,2026-08-10 13:41:45,ACC0232,ACC0483,4537.5,INR,NEFT,Hyderabad,branch,DEV0216
TXN006039,2026-08-10 13:42:24,ACC0116,ACC0489,1090.64,INR,NEFT,Mumbai,web,DEV0028
TXN005552,2026-08-10 13:45:01,ACC0414,ACC0316,8425.71,INR,IMPS,Bengaluru,web,DEV0665
TXN001056,2026-08-10 13:45:10,ACC0190,ACC0496,1965.67,INR,RTGS,Hyderabad,web,DEV0762
TXN000164,2026-08-10 13:45:13,ACC0143,ACC0465,3302.86,INR,RTGS,Kolkata,branch,DEV0295
TXN005958,2026-08-10 13:46:33,ACC0011,ACC0475,2795.92,INR,IMPS,Kolkata,web,DEV0835
TXN008857,2026-08-10 13:47:06,ACC0001,ACC0455,629.01,INR,IMPS,Pune,web,DEV0610
TXN004344,2026-08-10 13:51:26,ACC0351,ACC0455,2550.31,INR,IMPS,Mumbai,mobile,DEV0217
TXN000858,2026-08-10 13:56:42,ACC0192,ACC0260,104.43,INR,RTGS,Bengaluru,mobile,DEV0425
TXN002754,2026-08-10 13:58:31,ACC0223,ACC0428,9648.82,INR,NEFT,Kochi,mobile,DEV0763
TXN004848,2026-08-10 14:00:22,ACC0079,ACC0489,2574.09,INR,NEFT,Delhi,branch,DEV0801
TXN000686,2026-08-10 14:00:33,ACC0241,ACC0472,2716.38,INR,UPI,Bengaluru,mobile,DEV0433
TXN001620,2026-08-10 14:01:34,ACC0065,ACC0472,229.09,INR,IMPS,Mumbai,branch,DEV0190
TXN002240,2026-08-10 14:05:16,ACC0367,ACC0473,2534.65,INR,UPI,Mumbai,web,DEV0332
TXN004743,2026-08-10 14:09:17,ACC0434,ACC0455,5257.51,INR,RTGS,Hyderabad,mobile,DEV0702
TXN000469,2026-08-10 14:09:49,ACC0248,ACC0269,1251.64,INR,UPI,Chennai,branch,DEV0046
TXN009263,2026-08-10 14:13:59,ACC0315,ACC0452,3011.81,INR,NEFT,Chennai,mobile,DEV0275
TXN003994,2026-08-10 14:19:08,ACC0367,ACC0326,658.37,INR,UPI,Delhi,web,DEV0708
TXN003449,2026-08-10 14:20:49,ACC0250,ACC0461,1760.87,INR,RTGS,Chennai,web,DEV0242
TXN008752,2026-08-10 14:21:03,ACC0095,ACC0037,2151.66,INR,UPI,Bengaluru,branch,DEV0357
TXN004543,2026-08-10 14:21:08,ACC0361,ACC0473,2019.2,INR,NEFT,Pune,mobile,DEV0187
TXN005787,2026-08-10 14:29:24,ACC0279,ACC0496,822.84,INR,RTGS,Delhi,mobile,DEV0049
TXN005910,2026-08-10 14:29:32,ACC0361,ACC0498,7073.23,INR,UPI,Kolkata,mobile,DEV0617
TXN009995,2026-08-10 14:29:37,ACC0173,ACC0452,480.91,INR,UPI,Pune,web,DEV0406
TXN005660,2026-08-10 14:31:38,ACC0398,ACC0385,722.88,INR,IMPS,Bengaluru,atm,DEV0220
TXN008307,2026-08-10 14:47:54,ACC0282,ACC0456,1681.82,INR,NEFT,Hyderabad,web,DEV0574
TXN001660,2026-08-10 14:48:16,ACC0212,ACC0466,988.57,INR,IMPS,Mumbai,branch,DEV0627
TXN000557,2026-08-10 14:49:31,ACC0074,ACC0484,200.39,INR,NEFT,Mumbai,web,DEV0159
TXN004030,2026-08-10 14:52:46,ACC0376,ACC0492,3191.16,INR,UPI,Pune,mobile,DEV0758
TXN001634,2026-08-10 14:54:30,ACC0309,ACC0451,13377.82,INR,NEFT,Kolkata,web,DEV0133
TXN003190,2026-08-10 15:04:19,ACC0127,ACC0490,477.4,INR,NEFT,Chennai,branch,DEV0061
TXN000480,2026-08-10 15:04:38,ACC0050,ACC0091,3731.01,INR,RTGS,Chennai,mobile,DEV0223
TXN006555,2026-08-10 15:06:28,ACC0344,ACC0490,881.48,INR,NEFT,Kochi,mobile,DEV0124
TXN007664,2026-08-10 15:09:52,ACC0184,ACC0457,303.22,INR,IMPS,Mumbai,atm,DEV0858
TXN004671,2026-08-10 15:17:40,ACC0240,ACC0273,152.93,INR,NEFT,Delhi,web,DEV0238
TXN007507,2026-08-10 15:17:40,ACC0171,ACC0153,5534.6,INR,RTGS,Kochi,web,DEV0049
TXN003792,2026-08-10 15:17:46,ACC0416,ACC0475,82.27,INR,RTGS,Pune,branch,DEV0475
TXN009201,2026-08-10 15:22:24,ACC0052,ACC0486,4066.63,INR,NEFT,Bengaluru,web,DEV0318
TXN007088,2026-08-10 15:24:12,ACC0099,ACC0442,2020.8,INR,RTGS,Kolkata,atm,DEV0322
TXN001520,2026-08-10 15:24:43,ACC0298,ACC0454,4555.81,INR,RTGS,Pune,atm,DEV0421
TXN003776,2026-08-10 15:33:15,ACC0185,ACC0496,2398.33,INR,IMPS,Chennai,mobile,DEV0231
TXN009200,2026-08-10 15:34:57,ACC0280,ACC0483,947.12,INR,UPI,Pune,web,DEV0758
TXN002963,2026-08-10 15:39:32,ACC0260,ACC0495,1725.2,INR,RTGS,Kolkata,branch,DEV0557
TXN006127,2026-08-10 15:43:52,ACC0167,ACC0485,1211.16,INR,UPI,Pune,mobile,DEV0813
TXN008795,2026-08-10 15:43:54,ACC0397,ACC0180,3889.08,INR,UPI,Kochi,web,DEV0483
TXN003874,2026-08-10 15:47:04,ACC0220,ACC0474,208.08,INR,UPI,Bengaluru,branch,DEV0756
TXN009875,2026-08-10 15:48:55,ACC0005,ACC0451,3292.35,INR,IMPS,Mumbai,branch,DEV0806
TXN009312,2026-08-10 15:54:31,ACC0395,ACC0220,2116.14,INR,RTGS,Chennai,web,DEV0716
TXN001574,2026-08-10 15:58:08,ACC0409,ACC0436,1832.33,INR,UPI,Kochi,atm,DEV0284
TXN004348,2026-08-10 15:59:03,ACC0177,ACC0482,1007.95,INR,RTGS,Kochi,branch,DEV0053
TXN005450,2026-08-10 16:00:32,ACC0029,ACC0453,2436.92,INR,IMPS,Hyderabad,branch,DEV0878
TXN005064,2026-08-10 16:13:53,ACC0065,ACC0389,246.05,INR,RTGS,Kochi,branch,DEV0130
TXN008643,2026-08-10 16:17:09,ACC0258,ACC0191,2028.14,INR,IMPS,Hyderabad,web,DEV0777
TXN003456,2026-08-10 16:17:23,ACC0406,ACC0300,2089.23,INR,RTGS,Mumbai,atm,DEV0238
TXN005815,2026-08-10 16:18:24,ACC0270,ACC0340,2296.99,INR,UPI,Bengaluru,atm,DEV0541
TXN009811,2026-08-10 16:19:24,ACC0063,ACC0473,1808.21,INR,NEFT,Kochi,branch,DEV0030
TXN001190,2026-08-10 16:20:34,ACC0416,ACC0482,1942.93,INR,IMPS,Pune,atm,DEV0473
TXN000620,2026-08-10 16:27:05,ACC0323,ACC0456,7122.4,INR,NEFT,Delhi,branch,DEV0862
TXN003568,2026-08-10 16:27:51,ACC0434,ACC0479,1424.04,INR,RTGS,Chennai,mobile,DEV0603
TXN007656,2026-08-10 16:29:45,ACC0266,ACC0485,1053.27,INR,UPI,Bengaluru,branch,DEV0354
TXN006335,2026-08-10 16:33:57,ACC0231,ACC0471,1677.94,INR,IMPS,Kolkata,web,DEV0638
TXN001988,2026-08-10 16:36:16,ACC0108,ACC0471,428.58,INR,IMPS,Kolkata,web,DEV0100
TXN004798,2026-08-10 16:36:42,ACC0153,ACC0280,6597.84,INR,RTGS,Mumbai,branch,DEV0588
TXN000170,2026-08-10 16:41:34,ACC0291,ACC0472,2476.01,INR,NEFT,Kochi,branch,DEV0198
TXN008303,2026-08-10 16:44:56,ACC0336,ACC0491,660.08,INR,NEFT,Hyderabad,atm,DEV0654
TXN003416,2026-08-10 16:46:14,ACC0286,ACC0499,1175.94,INR,RTGS,Kolkata,atm,DEV0826
TXN001289,2026-08-10 16:46:25,ACC0140,ACC0483,205.65,INR,IMPS,Mumbai,web,DEV0569
TXN002751,2026-08-10 16:49:49,ACC0382,ACC0470,2107.95,INR,NEFT,Kochi,branch,DEV0629
TXN007702,2026-08-10 16:53:48,ACC0160,ACC0491,1019.57,INR,UPI,Chennai,mobile,DEV0147
TXN004098,2026-08-10 16:53:55,ACC0129,ACC0459,3179.04,INR,UPI,Kolkata,branch,DEV0531
TXN007471,2026-08-10 16:55:23,ACC0355,ACC0460,537.22,INR,UPI,Kochi,atm,DEV0038
TXN003913,2026-08-10 16:56:15,ACC0378,ACC0052,795.98,INR,IMPS,Pune,branch,DEV0197
TXN009672,2026-08-10 16:58:46,ACC0267,ACC0457,2432.66,INR,NEFT,Mumbai,atm,DEV0810
TXN008332,2026-08-10 17:00:30,ACC0164,ACC0219,1647.66,INR,RTGS,Delhi,atm,DEV0589
TXN002206,2026-08-10 17:02:11,ACC0059,ACC0415,28717.59,INR,NEFT,Kolkata,branch,DEV0067
TXN007206,2026-08-10 17:05:35,ACC0410,ACC0465,1122.92,INR,IMPS,Pune,mobile,DEV0448
TXN007591,2026-08-10 17:07:37,ACC0113,ACC0270,3888.06,INR,RTGS,Bengaluru,branch,DEV0275
TXN007078,2026-08-10 17:09:57,ACC0329,ACC0484,2623.73,INR,IMPS,Mumbai,mobile,DEV0713
TXN008536,2026-08-10 17:10:59,ACC0263,ACC0471,2587.05,INR,RTGS,Mumbai,web,DEV0426
TXN002033,2026-08-10 17:13:06,ACC0236,ACC0481,5347.53,INR,UPI,Pune,atm,DEV0187
TXN002272,2026-08-10 17:14:07,ACC0344,ACC0462,2876.76,INR,RTGS,Hyderabad,atm,DEV0028
TXN006832,2026-08-10 17:14:22,ACC0231,ACC0497,831.95,INR,IMPS,Kochi,web,DEV0442
TXN000780,2026-08-10 17:17:38,ACC0179,ACC0444,409.86,INR,NEFT,Kolkata,atm,DEV0489
TXN000998,2026-08-10 17:20:33,ACC0198,ACC0182,217.66,INR,NEFT,Delhi,branch,DEV0729
TXN005870,2026-08-10 17:22:59,ACC0433,ACC0471,4083.73,INR,RTGS,Bengaluru,atm,DEV0013
TXN004962,2026-08-10 17:27:20,ACC0021,ACC0270,916.7,INR,IMPS,Pune,atm,DEV0833
TXN007397,2026-08-10 17:30:04,ACC0136,ACC0466,1684.2,INR,IMPS,Chennai,atm,DEV0676
TXN008084,2026-08-10 17:30:19,ACC0009,ACC0474,8448.59,INR,UPI,Delhi,mobile,DEV0518
TXN001890,2026-08-10 17:30:31,ACC0093,ACC0004,297.15,INR,RTGS,Bengaluru,web,DEV0241
TXN007989,2026-08-10 17:36:59,ACC0047,ACC0389,4195.9,INR,RTGS,Kolkata,web,DEV0305
TXN003399,2026-08-10 17:37:37,ACC0357,ACC0474,2489.33,INR,UPI,Delhi,atm,DEV0624
TXN004301,2026-08-10 17:37:59,ACC0289,ACC0484,2151.45,INR,IMPS,Kochi,web,DEV0361
TXN006999,2026-08-10 17:38:06,ACC0222,ACC0471,177.93,INR,UPI,Hyderabad,mobile,DEV0900
TXN003812,2026-08-10 17:42:23,ACC0281,ACC0458,1357.96,INR,UPI,Pune,branch,DEV0444
TXN009229,2026-08-10 17:48:23,ACC0367,ACC0497,6128.89,INR,UPI,Kochi,web,DEV0488
TXN001320,2026-08-10 17:52:27,ACC0428,ACC0466,103.79,INR,UPI,Hyderabad,web,DEV0713
TXN001806,2026-08-10 17:53:05,ACC0278,ACC0173,1944.57,INR,IMPS,Pune,web,DEV0042
TXN007720,2026-08-10 17:58:06,ACC0212,ACC0474,13927.34,INR,UPI,Mumbai,mobile,DEV0491
TXN007121,2026-08-10 18:01:03,ACC0302,ACC0494,4310.2,INR,UPI,Mumbai,web,DEV0098
TXN003581,2026-08-10 18:04:37,ACC0143,ACC0477,659.8,INR,RTGS,Kolkata,mobile,DEV0876
TXN000345,2026-08-10 18:05:18,ACC0055,ACC0494,3984.72,INR,RTGS,Chennai,atm,DEV0161
TXN002769,2026-08-10 18:09:38,ACC0004,ACC0492,15672.74,INR,IMPS,Chennai,atm,DEV0719
TXN009138,2026-08-10 18:10:29,ACC0198,ACC0486,3333.39,INR,NEFT,Kolkata,branch,DEV0477
TXN007858,2026-08-10 18:11:23,ACC0080,ACC0464,1089.04,INR,NEFT,Chennai,web,DEV0870
TXN001868,2026-08-10 18:12:13,ACC0351,ACC0453,1212.32,INR,UPI,Kochi,web,DEV0577
TXN001469,2026-08-10 18:12:27,ACC0383,ACC0019,1229.8,INR,UPI,Delhi,atm,DEV0667
TXN005593,2026-08-10 18:15:32,ACC0370,ACC0087,1055.71,INR,NEFT,Kochi,web,DEV0347
TXN008806,2026-08-10 18:15:33,ACC0109,ACC0463,3936.83,INR,UPI,Bengaluru,branch,DEV0307
TXN008318,2026-08-10 18:17:02,ACC0242,ACC0467,640.68,INR,UPI,Pune,mobile,DEV0472
TXN001500,2026-08-10 18:25:05,ACC0097,ACC0456,7361.07,INR,NEFT,Kochi,branch,DEV0811
TXN008644,2026-08-10 18:26:51,ACC0317,ACC0092,1438.98,INR,RTGS,Mumbai,mobile,DEV0849
TXN000724,2026-08-10 18:31:06,ACC0035,ACC0211,11174.07,INR,NEFT,Hyderabad,mobile,DEV0615
TXN001035,2026-08-10 18:32:34,ACC0407,ACC0467,3959.81,INR,UPI,Kolkata,atm,DEV0221
TXN007091,2026-08-10 18:34:44,ACC0034,ACC0473,1168.78,INR,RTGS,Kolkata,atm,DEV0486
TXN005724,2026-08-10 18:35:46,ACC0422,ACC0461,5248.6,INR,IMPS,Mumbai,branch,DEV0361
TXN005658,2026-08-10 18:39:07,ACC0436,ACC0492,1023.13,INR,RTGS,Mumbai,atm,DEV0838
TXN006917,2026-08-10 18:39:14,ACC0162,ACC0491,2767.22,INR,IMPS,Delhi,mobile,DEV0280
TXN007918,2026-08-10 18:39:53,ACC0174,ACC0234,2517.14,INR,IMPS,Hyderabad,atm,DEV0191
TXN007217,2026-08-10 18:40:53,ACC0343,ACC0333,1018.08,INR,IMPS,Kochi,web,DEV0554
TXN000887,2026-08-10 18:41:06,ACC0143,ACC0494,3007.46,INR,RTGS,Delhi,branch,DEV0030
TXN006735,2026-08-10 18:41:25,ACC0408,ACC0454,2867.46,INR,IMPS,Kolkata,mobile,DEV0895
TXN007939,2026-08-10 18:47:34,ACC0366,ACC0129,11061.08,INR,UPI,Delhi,web,DEV0767
TXN010083,2026-08-10 18:48:24,ACC0538,ACC0502,697122.0,INR,IMPS,Mumbai,atm,DEV0603
TXN010084,2026-08-10 18:51:46,ACC0502,ACC0572,673983.55,INR,IMPS,Pune,atm,DEV0444
TXN010085,2026-08-10 18:53:49,ACC0572,ACC0551,648144.73,INR,IMPS,Kolkata,web,DEV0575
TXN001799,2026-08-10 18:54:36,ACC0057,ACC0482,474.15,INR,UPI,Chennai,atm,DEV0585
TXN010086,2026-08-10 18:55:02,ACC0551,ACC0536,633211.22,INR,IMPS,Kolkata,atm,DEV0888
TXN010087,2026-08-10 18:57:08,ACC0536,ACC0532,603928.05,INR,IMPS,Delhi,branch,DEV0459
TXN003336,2026-08-10 19:00:20,ACC0223,ACC0471,414.33,INR,IMPS,Delhi,mobile,DEV0709
TXN006469,2026-08-10 19:00:47,ACC0365,ACC0454,2666.97,INR,UPI,Kochi,atm,DEV0005
TXN006589,2026-08-10 19:02:39,ACC0187,ACC0065,1443.41,INR,RTGS,Mumbai,web,DEV0671
TXN003209,2026-08-10 19:04:29,ACC0358,ACC0495,1469.39,INR,RTGS,Bengaluru,branch,DEV0718
TXN000296,2026-08-10 19:06:30,ACC0332,ACC0469,11108.94,INR,IMPS,Hyderabad,web,DEV0154
TXN002851,2026-08-10 19:06:44,ACC0307,ACC0484,2871.74,INR,NEFT,Kochi,atm,DEV0513
TXN008359,2026-08-10 19:10:21,ACC0398,ACC0463,2453.4,INR,UPI,Kochi,branch,DEV0659
TXN009962,2026-08-10 19:13:19,ACC0277,ACC0211,317.13,INR,NEFT,Kochi,branch,DEV0642
TXN006554,2026-08-10 19:13:23,ACC0192,ACC0464,451.14,INR,IMPS,Mumbai,branch,DEV0295
TXN008976,2026-08-10 19:13:44,ACC0261,ACC0455,554.71,INR,NEFT,Mumbai,mobile,DEV0642
TXN008948,2026-08-10 19:14:07,ACC0040,ACC0431,1176.55,INR,UPI,Kochi,web,DEV0196
TXN002586,2026-08-10 19:14:19,ACC0328,ACC0176,63.52,INR,IMPS,Bengaluru,branch,DEV0594
TXN009522,2026-08-10 19:17:37,ACC0222,ACC0487,15860.72,INR,UPI,Bengaluru,mobile,DEV0876
TXN002700,2026-08-10 19:17:40,ACC0137,ACC0102,2665.13,INR,IMPS,Kolkata,atm,DEV0807
TXN003706,2026-08-10 19:19:16,ACC0309,ACC0457,2433.73,INR,UPI,Pune,branch,DEV0324
TXN002944,2026-08-10 19:20:13,ACC0065,ACC0464,924.81,INR,UPI,Mumbai,branch,DEV0507
TXN003083,2026-08-10 19:30:26,ACC0441,ACC0489,2596.82,INR,NEFT,Pune,branch,DEV0141
TXN002923,2026-08-10 19:31:01,ACC0302,ACC0475,1855.61,INR,IMPS,Hyderabad,mobile,DEV0395
TXN009260,2026-08-10 19:32:49,ACC0427,ACC0495,2671.92,INR,RTGS,Chennai,branch,DEV0651
TXN002531,2026-08-10 19:36:46,ACC0120,ACC0484,909.95,INR,IMPS,Kolkata,web,DEV0235
TXN001009,2026-08-10 19:41:57,ACC0450,ACC0127,3139.03,INR,RTGS,Hyderabad,web,DEV0286
TXN000121,2026-08-10 19:44:42,ACC0340,ACC0473,988.84,INR,UPI,Hyderabad,atm,DEV0659
TXN006618,2026-08-10 19:50:37,ACC0170,ACC0258,1798.29,INR,IMPS,Kolkata,atm,DEV0370
TXN000198,2026-08-10 19:52:54,ACC0125,ACC0116,2191.01,INR,RTGS,Pune,atm,DEV0566
TXN007892,2026-08-10 19:54:09,ACC0433,ACC0407,1773.62,INR,RTGS,Pune,mobile,DEV0279
TXN000712,2026-08-10 19:56:58,ACC0295,ACC0456,1242.48,INR,IMPS,Pune,web,DEV0426
TXN006942,2026-08-10 19:57:33,ACC0240,ACC0463,169.12,INR,IMPS,Delhi,branch,DEV0890
TXN009699,2026-08-10 19:57:42,ACC0104,ACC0170,344.96,INR,IMPS,Chennai,atm,DEV0725
TXN009044,2026-08-10 19:58:09,ACC0418,ACC0435,147.16,INR,NEFT,Mumbai,branch,DEV0341
TXN001937,2026-08-10 19:59:42,ACC0092,ACC0498,731.35,INR,IMPS,Bengaluru,atm,DEV0611
TXN007665,2026-08-10 20:02:03,ACC0244,ACC0477,1467.94,INR,NEFT,Delhi,branch,DEV0804
TXN009354,2026-08-10 20:09:49,ACC0351,ACC0355,2812.81,INR,UPI,Chennai,web,DEV0125
TXN005441,2026-08-10 20:17:02,ACC0358,ACC0338,1498.24,INR,NEFT,Bengaluru,branch,DEV0231
TXN008362,2026-08-10 20:17:31,ACC0382,ACC0459,2717.86,INR,NEFT,Chennai,mobile,DEV0704
TXN005577,2026-08-10 20:21:02,ACC0350,ACC0464,163.1,INR,IMPS,Hyderabad,mobile,DEV0643
TXN008017,2026-08-10 20:21:41,ACC0174,ACC0495,249.36,INR,IMPS,Mumbai,branch,DEV0319
TXN007890,2026-08-10 20:23:56,ACC0197,ACC0350,2517.03,INR,NEFT,Hyderabad,web,DEV0297
TXN000575,2026-08-10 20:24:31,ACC0085,ACC0459,5195.52,INR,RTGS,Kochi,atm,DEV0576
TXN002385,2026-08-10 20:25:00,ACC0245,ACC0468,1259.07,INR,UPI,Kochi,branch,DEV0085
TXN008334,2026-08-10 20:25:17,ACC0364,ACC0461,644.06,INR,NEFT,Delhi,web,DEV0103
TXN007950,2026-08-10 20:25:32,ACC0336,ACC0430,523.65,INR,UPI,Kochi,mobile,DEV0185
TXN000848,2026-08-10 20:28:55,ACC0036,ACC0456,1349.16,INR,IMPS,Delhi,mobile,DEV0095
TXN008325,2026-08-10 20:28:55,ACC0333,ACC0498,1107.3,INR,RTGS,Mumbai,branch,DEV0534
TXN004857,2026-08-10 20:30:54,ACC0269,ACC0451,1290.11,INR,UPI,Hyderabad,atm,DEV0794
TXN003249,2026-08-10 20:31:18,ACC0389,ACC0323,729.49,INR,NEFT,Chennai,branch,DEV0108
TXN006200,2026-08-10 20:32:39,ACC0082,ACC0087,437.6,INR,IMPS,Bengaluru,atm,DEV0275
TXN000329,2026-08-10 20:35:55,ACC0359,ACC0263,430.82,INR,NEFT,Bengaluru,web,DEV0640
TXN004550,2026-08-10 20:39:16,ACC0442,ACC0044,3694.04,INR,RTGS,Kolkata,branch,DEV0768
TXN008569,2026-08-10 20:41:59,ACC0164,ACC0452,711.84,INR,NEFT,Pune,mobile,DEV0272
TXN002997,2026-08-10 20:43:02,ACC0297,ACC0500,446.62,INR,UPI,Kolkata,atm,DEV0825
TXN006839,2026-08-10 20:46:16,ACC0389,ACC0495,259.33,INR,RTGS,Hyderabad,branch,DEV0141
TXN000491,2026-08-10 20:50:36,ACC0356,ACC0384,483.24,INR,NEFT,Chennai,branch,DEV0829
TXN009918,2026-08-10 20:50:56,ACC0295,ACC0455,5798.95,INR,RTGS,Bengaluru,branch,DEV0666
TXN007801,2026-08-10 20:52:52,ACC0132,ACC0461,4295.6,INR,UPI,Chennai,branch,DEV0087
TXN005616,2026-08-10 20:52:54,ACC0211,ACC0172,1862.86,INR,IMPS,Bengaluru,web,DEV0802
TXN002559,2026-08-10 20:54:10,ACC0053,ACC0486,1265.75,INR,NEFT,Delhi,branch,DEV0653
TXN010088,2026-08-11 00:48:24,ACC0538,ACC0502,697122.0,INR,IMPS,Mumbai,web,DEV0625
TXN010089,2026-08-11 00:52:16,ACC0502,ACC0572,682963.88,INR,IMPS,Kolkata,mobile,DEV0733
TXN010090,2026-08-11 00:56:00,ACC0572,ACC0551,667608.54,INR,IMPS,Kochi,atm,DEV0761
TXN010091,2026-08-11 00:57:35,ACC0551,ACC0536,655375.33,INR,IMPS,Hyderabad,atm,DEV0256
TXN010092,2026-08-11 01:00:25,ACC0536,ACC0532,648356.52,INR,IMPS,Kochi,web,DEV0472
TXN009357,2026-08-11 09:03:18,ACC0181,ACC0480,6197.42,INR,RTGS,Mumbai,atm,DEV0385
TXN007854,2026-08-11 09:09:30,ACC0231,ACC0482,6803.86,INR,NEFT,Pune,web,DEV0782
TXN000097,2026-08-11 09:11:16,ACC0405,ACC0302,1985.34,INR,RTGS,Kochi,branch,DEV0526
TXN003833,2026-08-11 09:11:22,ACC0145,ACC0468,4577.15,INR,UPI,Delhi,mobile,DEV0491
TXN006031,2026-08-11 09:12:20,ACC0184,ACC0492,1280.18,INR,NEFT,Kolkata,branch,DEV0183
TXN005307,2026-08-11 09:15:40,ACC0142,ACC0488,433.0,INR,RTGS,Bengaluru,branch,DEV0037
TXN004178,2026-08-11 09:17:18,ACC0076,ACC0482,1267.56,INR,NEFT,Hyderabad,branch,DEV0564
TXN000082,2026-08-11 09:18:22,ACC0154,ACC0024,1240.88,INR,RTGS,Delhi,web,DEV0180
TXN007693,2026-08-11 09:23:10,ACC0038,ACC0487,4842.33,INR,NEFT,Chennai,web,DEV0104
TXN000344,2026-08-11 09:24:43,ACC0231,ACC0478,2549.77,INR,UPI,Mumbai,branch,DEV0515
TXN002538,2026-08-11 09:25:44,ACC0368,ACC0459,6171.24,INR,NEFT,Kolkata,branch,DEV0403
TXN008219,2026-08-11 09:27:24,ACC0450,ACC0069,1830.26,INR,RTGS,Chennai,web,DEV0420
TXN008199,2026-08-11 09:28:40,ACC0007,ACC0484,1591.27,INR,IMPS,Kolkata,atm,DEV0460
TXN009451,2026-08-11 09:29:06,ACC0432,ACC0472,1782.22,INR,NEFT,Kolkata,branch,DEV0664
TXN008235,2026-08-11 09:30:47,ACC0222,ACC0477,790.07,INR,IMPS,Chennai,atm,DEV0264
TXN006205,2026-08-11 09:33:51,ACC0234,ACC0214,8688.49,INR,NEFT,Kochi,atm,DEV0070
TXN002629,2026-08-11 09:36:39,ACC0183,ACC0467,2121.42,INR,NEFT,Hyderabad,branch,DEV0784
TXN005389,2026-08-11 09:42:59,ACC0019,ACC0303,4833.87,INR,IMPS,Delhi,web,DEV0705
TXN002360,2026-08-11 09:45:37,ACC0205,ACC0489,2075.49,INR,RTGS,Hyderabad,web,DEV0037
TXN004761,2026-08-11 09:48:35,ACC0296,ACC0189,3375.08,INR,RTGS,Kolkata,branch,DEV0506
TXN003540,2026-08-11 09:51:59,ACC0334,ACC0265,735.77,INR,NEFT,Kolkata,atm,DEV0754
TXN008300,2026-08-11 09:53:36,ACC0078,ACC0476,393.57,INR,UPI,Kochi,atm,DEV0135
TXN001342,2026-08-11 09:54:21,ACC0320,ACC0466,533.62,INR,IMPS,Kochi,web,DEV0442
TXN005072,2026-08-11 09:54:55,ACC0263,ACC0121,1172.56,INR,IMPS,Chennai,branch,DEV0627
TXN003528,2026-08-11 09:55:42,ACC0363,ACC0460,778.01,INR,IMPS,Bengaluru,mobile,DEV0885
TXN002875,2026-08-11 09:59:10,ACC0169,ACC0465,4092.72,INR,IMPS,Chennai,atm,DEV0309
TXN000874,2026-08-11 10:00:20,ACC0191,ACC0500,5736.95,INR,NEFT,Kochi,branch,DEV0239
TXN003144,2026-08-11 10:04:43,ACC0092,ACC0476,1334.63,INR,IMPS,Kochi,mobile,DEV0737
TXN003531,2026-08-11 10:06:42,ACC0299,ACC0466,2229.04,INR,UPI,Kochi,branch,DEV0193
TXN008380,2026-08-11 10:08:35,ACC0045,ACC0498,596.98,INR,UPI,Kochi,mobile,DEV0036
TXN003795,2026-08-11 10:16:15,ACC0074,ACC0491,2398.11,INR,IMPS,Kolkata,web,DEV0012
TXN004393,2026-08-11 10:20:14,ACC0342,ACC0481,1156.47,INR,NEFT,Chennai,atm,DEV0882
TXN007124,2026-08-11 10:20:24,ACC0021,ACC0385,801.27,INR,UPI,Bengaluru,mobile,DEV0239
TXN001170,2026-08-11 10:20:59,ACC0011,ACC0454,4235.98,INR,NEFT,Bengaluru,branch,DEV0861
TXN001506,2026-08-11 10:24:09,ACC0228,ACC0486,1997.12,INR,RTGS,Hyderabad,web,DEV0001
TXN004204,2026-08-11 10:24:29,ACC0298,ACC0483,2538.22,INR,UPI,Pune,atm,DEV0600
TXN000429,2026-08-11 10:30:36,ACC0403,ACC0459,4557.48,INR,IMPS,Mumbai,atm,DEV0514
TXN000017,2026-08-11 10:32:15,ACC0035,ACC0441,726.06,INR,NEFT,Kochi,web,DEV0804
TXN007645,2026-08-11 10:33:31,ACC0329,ACC0160,709.34,INR,IMPS,Kolkata,branch,DEV0245
TXN010165,2026-08-11 10:35:39,ACC0553,ACC0042,14004.17,INR,UPI,Kochi,web,DEV0603
TXN010166,2026-08-11 10:36:41,ACC0553,ACC0165,18616.76,INR,UPI,Kolkata,mobile,DEV0039
TXN008564,2026-08-11 10:37:19,ACC0426,ACC0492,2240.67,INR,UPI,Bengaluru,mobile,DEV0323
TXN010167,2026-08-11 10:39:05,ACC0553,ACC0373,9588.96,INR,UPI,Hyderabad,mobile,DEV0750
TXN005608,2026-08-11 10:40:04,ACC0150,ACC0284,3081.19,INR,NEFT,Delhi,mobile,DEV0833
TXN010168,2026-08-11 10:41:15,ACC0553,ACC0238,27434.7,INR,UPI,Chennai,web,DEV0860
TXN010169,2026-08-11 10:43:43,ACC0553,ACC0396,27013.11,INR,UPI,Bengaluru,web,DEV0041
TXN010170,2026-08-11 10:45:06,ACC0553,ACC0293,13198.52,INR,UPI,Pune,web,DEV0005
TXN005146,2026-08-11 10:45:40,ACC0250,ACC0495,806.89,INR,RTGS,Mumbai,atm,DEV0195
TXN010171,2026-08-11 10:46:20,ACC0553,ACC0086,15122.7,INR,UPI,Mumbai,mobile,DEV0494
TXN005348,2026-08-11 10:46:27,ACC0416,ACC0274,1803.33,INR,IMPS,Delhi,branch,DEV0480
TXN010172,2026-08-11 10:48:21,ACC0553,ACC0125,23803.39,INR,UPI,Hyderabad,branch,DEV0760
TXN000326,2026-08-11 10:48:26,ACC0423,ACC0367,2369.65,INR,RTGS,Kochi,web,DEV0511
TXN006774,2026-08-11 10:49:01,ACC0292,ACC0112,3667.94,INR,NEFT,Mumbai,atm,DEV0709
TXN004036,2026-08-11 10:49:10,ACC0033,ACC0020,2584.48,INR,RTGS,Delhi,branch,DEV0194
TXN010173,2026-08-11 10:50:40,ACC0553,ACC0430,29625.27,INR,UPI,Hyderabad,mobile,DEV0620
TXN010174,2026-08-11 10:52:45,ACC0553,ACC0061,9126.94,INR,UPI,Mumbai,branch,DEV0173
TXN000039,2026-08-11 10:52:48,ACC0264,ACC0490,791.91,INR,NEFT,Delhi,mobile,DEV0048
TXN010175,2026-08-11 10:54:20,ACC0553,ACC0381,10414.15,INR,UPI,Kolkata,mobile,DEV0260
TXN005420,2026-08-11 10:54:32,ACC0372,ACC0201,150.51,INR,UPI,Hyderabad,atm,DEV0044
TXN002897,2026-08-11 10:54:47,ACC0347,ACC0473,518.16,INR,RTGS,Pune,branch,DEV0655
TXN010176,2026-08-11 10:56:16,ACC0553,ACC0297,22457.43,INR,UPI,Hyderabad,mobile,DEV0007
TXN006908,2026-08-11 10:57:15,ACC0332,ACC0497,4623.05,INR,UPI,Delhi,atm,DEV0751
TXN002791,2026-08-11 11:00:40,ACC0093,ACC0454,610.04,INR,NEFT,Kolkata,web,DEV0786
TXN001490,2026-08-11 11:02:16,ACC0342,ACC0034,2486.93,INR,IMPS,Kochi,atm,DEV0803
TXN000062,2026-08-11 11:03:16,ACC0146,ACC0479,8051.88,INR,UPI,Pune,atm,DEV0076
TXN005820,2026-08-11 11:08:10,ACC0302,ACC0485,4554.48,INR,UPI,Hyderabad,web,DEV0869
TXN004004,2026-08-11 11:11:37,ACC0154,ACC0470,1052.23,INR,UPI,Bengaluru,web,DEV0896
TXN000240,2026-08-11 11:15:17,ACC0374,ACC0478,2351.94,INR,IMPS,Chennai,branch,DEV0211
TXN002116,2026-08-11 11:20:11,ACC0281,ACC0473,4299.95,INR,IMPS,Mumbai,mobile,DEV0143
TXN004130,2026-08-11 11:20:20,ACC0372,ACC0494,1187.82,INR,IMPS,Pune,mobile,DEV0279
TXN003914,2026-08-11 11:20:29,ACC0326,ACC0462,1380.75,INR,RTGS,Kochi,web,DEV0697
TXN007268,2026-08-11 11:23:55,ACC0073,ACC0357,1732.76,INR,IMPS,Delhi,mobile,DEV0146
TXN008942,2026-08-11 11:24:17,ACC0277,ACC0366,7277.9,INR,IMPS,Hyderabad,branch,DEV0758
TXN007567,2026-08-11 11:24:44,ACC0243,ACC0189,1343.86,INR,UPI,Kolkata,branch,DEV0469
TXN000663,2026-08-11 11:26:57,ACC0030,ACC0457,961.81,INR,UPI,Chennai,web,DEV0246
TXN009126,2026-08-11 11:29:01,ACC0369,ACC0487,486.99,INR,RTGS,Chennai,web,DEV0645
TXN000137,2026-08-11 11:31:44,ACC0226,ACC0198,1538.02,INR,IMPS,Mumbai,atm,DEV0081
TXN002755,2026-08-11 11:32:36,ACC0395,ACC0365,433.87,INR,RTGS,Kolkata,mobile,DEV0567
TXN004097,2026-08-11 11:38:32,ACC0190,ACC0463,3176.66,INR,UPI,Bengaluru,atm,DEV0245
TXN002541,2026-08-11 11:38:53,ACC0299,ACC0186,1312.29,INR,UPI,Mumbai,mobile,DEV0684
TXN006254,2026-08-11 11:44:04,ACC0082,ACC0320,1985.31,INR,NEFT,Bengaluru,atm,DEV0495
TXN004331,2026-08-11 11:48:09,ACC0413,ACC0499,331.42,INR,UPI,Kolkata,atm,DEV0267
TXN009106,2026-08-11 11:49:41,ACC0318,ACC0296,1091.56,INR,UPI,Hyderabad,web,DEV0763
TXN003674,2026-08-11 11:52:45,ACC0421,ACC0492,203.86,INR,RTGS,Bengaluru,mobile,DEV0512
TXN007819,2026-08-11 11:54:44,ACC0220,ACC0496,2306.81,INR,IMPS,Mumbai,atm,DEV0779
TXN005847,2026-08-11 11:55:33,ACC0411,ACC0467,3659.33,INR,UPI,Delhi,web,DEV0034
TXN004758,2026-08-11 11:59:33,ACC0175,ACC0469,1900.14,INR,UPI,Hyderabad,branch,DEV0477
TXN001819,2026-08-11 12:00:23,ACC0013,ACC0456,1626.63,INR,NEFT,Hyderabad,atm,DEV0866
TXN006198,2026-08-11 12:00:35,ACC0227,ACC0451,4405.6,INR,RTGS,Chennai,mobile,DEV0301
TXN005472,2026-08-11 12:01:48,ACC0077,ACC0245,2385.7,INR,RTGS,Delhi,web,DEV0389
TXN006975,2026-08-11 12:02:05,ACC0143,ACC0480,447.05,INR,UPI,Mumbai,branch,DEV0251
TXN002662,2026-08-11 12:03:05,ACC0013,ACC0489,1896.07,INR,UPI,Bengaluru,atm,DEV0094
TXN005772,2026-08-11 12:04:38,ACC0017,ACC0470,12608.93,INR,IMPS,Delhi,web,DEV0220
TXN001761,2026-08-11 12:08:43,ACC0007,ACC0343,747.15,INR,UPI,Mumbai,web,DEV0807
TXN009555,2026-08-11 12:08:44,ACC0223,ACC0478,263.47,INR,NEFT,Kolkata,branch,DEV0020
TXN003636,2026-08-11 12:11:00,ACC0002,ACC0473,1231.17,INR,IMPS,Mumbai,branch,DEV0863
TXN007168,2026-08-11 12:13:19,ACC0009,ACC0159,26766.34,INR,IMPS,Pune,web,DEV0283
TXN005695,2026-08-11 12:16:45,ACC0310,ACC0484,1491.21,INR,RTGS,Hyderabad,mobile,DEV0265
TXN001060,2026-08-11 12:19:13,ACC0008,ACC0455,795.62,INR,UPI,Bengaluru,branch,DEV0511
TXN006969,2026-08-11 12:20:12,ACC0352,ACC0481,695.08,INR,IMPS,Delhi,web,DEV0438
TXN002126,2026-08-11 12:20:49,ACC0178,ACC0500,277.87,INR,NEFT,Chennai,atm,DEV0297
TXN001641,2026-08-11 12:23:41,ACC0094,ACC0317,406.12,INR,RTGS,Bengaluru,mobile,DEV0876
TXN003386,2026-08-11 12:27:29,ACC0132,ACC0466,1060.72,INR,RTGS,Kochi,atm,DEV0218
TXN000152,2026-08-11 12:29:07,ACC0190,ACC0457,912.83,INR,UPI,Chennai,branch,DEV0394
TXN000670,2026-08-11 12:29:38,ACC0126,ACC0471,2314.34,INR,RTGS,Pune,mobile,DEV0807
TXN002445,2026-08-11 12:30:45,ACC0157,ACC0483,1895.88,INR,RTGS,Kolkata,web,DEV0110
TXN003307,2026-08-11 12:31:24,ACC0332,ACC0466,3884.33,INR,NEFT,Bengaluru,mobile,DEV0215
TXN004885,2026-08-11 12:32:13,ACC0431,ACC0465,1517.72,INR,UPI,Delhi,web,DEV0547
TXN007423,2026-08-11 12:33:20,ACC0358,ACC0465,1681.2,INR,UPI,Pune,branch,DEV0569
TXN005244,2026-08-11 12:33:45,ACC0254,ACC0103,116.52,INR,NEFT,Hyderabad,web,DEV0061
TXN004027,2026-08-11 12:34:24,ACC0027,ACC0455,2639.6,INR,RTGS,Mumbai,branch,DEV0213
TXN006736,2026-08-11 12:38:47,ACC0127,ACC0402,1100.49,INR,NEFT,Mumbai,web,DEV0365
TXN003788,2026-08-11 12:42:42,ACC0089,ACC0472,565.31,INR,UPI,Kochi,atm,DEV0191
TXN000721,2026-08-11 12:43:42,ACC0216,ACC0451,5024.59,INR,UPI,Pune,mobile,DEV0836
TXN007862,2026-08-11 12:47:19,ACC0435,ACC0467,835.38,INR,IMPS,Kolkata,mobile,DEV0073
TXN004007,2026-08-11 12:48:02,ACC0413,ACC0012,2939.3,INR,IMPS,Kochi,branch,DEV0585
TXN004252,2026-08-11 12:48:18,ACC0267,ACC0475,1772.49,INR,NEFT,Hyderabad,atm,DEV0401
TXN008937,2026-08-11 12:48:31,ACC0019,ACC0349,1393.8,INR,UPI,Mumbai,atm,DEV0450
TXN005435,2026-08-11 12:51:18,ACC0037,ACC0494,190.24,INR,IMPS,Delhi,branch,DEV0645
TXN005587,2026-08-11 12:52:15,ACC0214,ACC0005,8821.02,INR,UPI,Kolkata,mobile,DEV0614
TXN005317,2026-08-11 12:54:31,ACC0449,ACC0488,625.83,INR,UPI,Mumbai,branch,DEV0790
TXN008593,2026-08-11 12:54:32,ACC0143,ACC0483,801.66,INR,RTGS,Kolkata,web,DEV0486
TXN009112,2026-08-11 12:54:54,ACC0314,ACC0371,4435.56,INR,RTGS,Hyderabad,branch,DEV0538
TXN009095,2026-08-11 12:57:11,ACC0100,ACC0496,682.56,INR,IMPS,Kochi,mobile,DEV0098
TXN005113,2026-08-11 12:57:14,ACC0092,ACC0468,8144.75,INR,RTGS,Kochi,mobile,DEV0713
TXN001773,2026-08-11 12:59:01,ACC0387,ACC0488,2286.2,INR,UPI,Pune,atm,DEV0412
TXN003486,2026-08-11 13:02:07,ACC0348,ACC0500,510.21,INR,NEFT,Hyderabad,atm,DEV0790
TXN009248,2026-08-11 13:02:26,ACC0013,ACC0495,2614.92,INR,NEFT,Kolkata,branch,DEV0643
TXN004824,2026-08-11 13:13:36,ACC0237,ACC0476,821.27,INR,NEFT,Mumbai,branch,DEV0434
TXN000024,2026-08-11 13:13:42,ACC0337,ACC0484,2795.81,INR,RTGS,Delhi,branch,DEV0469
TXN005069,2026-08-11 13:14:51,ACC0195,ACC0465,4313.97,INR,UPI,Delhi,branch,DEV0845
TXN008585,2026-08-11 13:18:38,ACC0158,ACC0206,2452.17,INR,RTGS,Chennai,atm,DEV0350
TXN005135,2026-08-11 13:22:10,ACC0097,ACC0476,1023.65,INR,RTGS,Pune,branch,DEV0426
TXN009704,2026-08-11 13:23:35,ACC0115,ACC0483,582.11,INR,RTGS,Mumbai,branch,DEV0559
TXN002675,2026-08-11 13:26:00,ACC0336,ACC0460,8809.87,INR,NEFT,Hyderabad,branch,DEV0485
TXN002871,2026-08-11 13:28:49,ACC0079,ACC0500,8994.86,INR,RTGS,Hyderabad,branch,DEV0589
TXN003858,2026-08-11 13:29:52,ACC0211,ACC0489,3057.19,INR,IMPS,Chennai,atm,DEV0326
TXN002825,2026-08-11 13:33:00,ACC0042,ACC0457,1049.29,INR,NEFT,Pune,branch,DEV0512
TXN007733,2026-08-11 13:33:14,ACC0210,ACC0161,1873.74,INR,UPI,Mumbai,atm,DEV0615
TXN005160,2026-08-11 13:34:33,ACC0023,ACC0166,10118.76,INR,UPI,Pune,mobile,DEV0314
TXN000173,2026-08-11 13:37:46,ACC0121,ACC0468,1970.88,INR,IMPS,Bengaluru,mobile,DEV0684
TXN003400,2026-08-11 13:45:35,ACC0392,ACC0457,1566.86,INR,NEFT,Bengaluru,web,DEV0795
TXN000804,2026-08-11 13:46:30,ACC0039,ACC0317,2529.3,INR,NEFT,Pune,branch,DEV0899
TXN001325,2026-08-11 13:47:03,ACC0450,ACC0493,4373.13,INR,UPI,Hyderabad,web,DEV0606
TXN004366,2026-08-11 13:48:46,ACC0240,ACC0219,1792.01,INR,RTGS,Hyderabad,branch,DEV0439
TXN006262,2026-08-11 13:49:21,ACC0416,ACC0460,6728.35,INR,UPI,Hyderabad,web,DEV0314
TXN001855,2026-08-11 13:49:48,ACC0026,ACC0462,1072.6,INR,NEFT,Kochi,web,DEV0569
TXN009030,2026-08-11 13:52:09,ACC0320,ACC0187,1337.39,INR,UPI,Kolkata,mobile,DEV0575
TXN003603,2026-08-11 13:54:44,ACC0040,ACC0475,18095.35,INR,UPI,Delhi,branch,DEV0876
TXN005797,2026-08-11 13:58:22,ACC0014,ACC0484,703.65,INR,RTGS,Pune,web,DEV0685
TXN004639,2026-08-11 14:01:01,ACC0441,ACC0495,18844.89,INR,IMPS,Hyderabad,mobile,DEV0353
TXN001263,2026-08-11 14:01:31,ACC0345,ACC0484,1674.56,INR,RTGS,Bengaluru,branch,DEV0148
TXN001292,2026-08-11 14:07:19,ACC0213,ACC0452,1132.18,INR,NEFT,Pune,atm,DEV0870
TXN008759,2026-08-11 14:10:39,ACC0311,ACC0493,10899.78,INR,RTGS,Mumbai,atm,DEV0636
TXN002563,2026-08-11 14:21:05,ACC0081,ACC0497,733.69,INR,IMPS,Delhi,web,DEV0440
TXN002910,2026-08-11 14:21:09,ACC0391,ACC0480,135.31,INR,UPI,Bengaluru,atm,DEV0645
TXN009166,2026-08-11 14:22:50,ACC0246,ACC0418,1288.4,INR,NEFT,Hyderabad,atm,DEV0724
TXN008683,2026-08-11 14:23:02,ACC0246,ACC0478,15720.3,INR,RTGS,Delhi,web,DEV0841
TXN004477,2026-08-11 14:27:21,ACC0074,ACC0132,787.25,INR,UPI,Hyderabad,branch,DEV0287
TXN005803,2026-08-11 14:28:56,ACC0089,ACC0471,309.91,INR,IMPS,Kolkata,mobile,DEV0534
TXN007634,2026-08-11 14:32:06,ACC0171,ACC0009,814.62,INR,UPI,Delhi,web,DEV0379
TXN001621,2026-08-11 14:36:24,ACC0390,ACC0460,470.14,INR,NEFT,Mumbai,web,DEV0014
TXN003320,2026-08-11 14:36:25,ACC0214,ACC0484,4790.84,INR,IMPS,Hyderabad,mobile,DEV0278
TXN005801,2026-08-11 14:37:48,ACC0330,ACC0453,961.24,INR,IMPS,Bengaluru,branch,DEV0275
TXN009793,2026-08-11 14:37:51,ACC0313,ACC0458,1720.26,INR,NEFT,Kochi,mobile,DEV0365
TXN001224,2026-08-11 14:41:29,ACC0045,ACC0459,1337.26,INR,NEFT,Chennai,branch,DEV0519
TXN003853,2026-08-11 14:49:28,ACC0041,ACC0481,1952.42,INR,NEFT,Chennai,branch,DEV0343
TXN001039,2026-08-11 14:52:28,ACC0286,ACC0472,1629.23,INR,NEFT,Pune,branch,DEV0413
TXN000324,2026-08-11 14:53:40,ACC0389,ACC0451,5641.23,INR,IMPS,Mumbai,mobile,DEV0169
TXN002695,2026-08-11 14:56:10,ACC0205,ACC0480,2149.32,INR,UPI,Mumbai,branch,DEV0367
TXN007076,2026-08-11 14:58:50,ACC0407,ACC0499,5427.33,INR,NEFT,Bengaluru,branch,DEV0609
TXN006309,2026-08-11 14:59:33,ACC0012,ACC0461,1486.33,INR,RTGS,Bengaluru,mobile,DEV0217
TXN007621,2026-08-11 15:02:24,ACC0435,ACC0263,7765.67,INR,IMPS,Mumbai,branch,DEV0721
TXN006526,2026-08-11 15:06:04,ACC0239,ACC0127,2116.73,INR,RTGS,Mumbai,branch,DEV0503
TXN007678,2026-08-11 15:07:16,ACC0176,ACC0476,3309.36,INR,IMPS,Chennai,atm,DEV0887
TXN007818,2026-08-11 15:09:37,ACC0210,ACC0491,1171.15,INR,IMPS,Delhi,web,DEV0149
TXN000992,2026-08-11 15:11:09,ACC0367,ACC0006,874.56,INR,RTGS,Kolkata,mobile,DEV0063
TXN003215,2026-08-11 15:12:11,ACC0037,ACC0488,8628.69,INR,IMPS,Pune,atm,DEV0069
TXN004808,2026-08-11 15:18:44,ACC0120,ACC0455,1668.66,INR,RTGS,Delhi,atm,DEV0348
TXN003060,2026-08-11 15:24:01,ACC0073,ACC0093,3449.76,INR,UPI,Bengaluru,mobile,DEV0208
TXN005717,2026-08-11 15:24:46,ACC0234,ACC0482,2698.09,INR,UPI,Bengaluru,mobile,DEV0552
TXN001983,2026-08-11 15:25:10,ACC0430,ACC0391,9125.28,INR,IMPS,Delhi,mobile,DEV0506
TXN005622,2026-08-11 15:26:12,ACC0344,ACC0016,5528.65,INR,NEFT,Hyderabad,atm,DEV0224
TXN008587,2026-08-11 15:26:18,ACC0143,ACC0187,353.25,INR,RTGS,Kochi,web,DEV0050
TXN000442,2026-08-11 15:26:19,ACC0075,ACC0392,322.49,INR,IMPS,Delhi,web,DEV0110
TXN000715,2026-08-11 15:28:10,ACC0054,ACC0500,636.16,INR,RTGS,Chennai,mobile,DEV0655
TXN002134,2026-08-11 15:29:15,ACC0035,ACC0199,208.07,INR,IMPS,Kochi,mobile,DEV0085
TXN006853,2026-08-11 15:29:24,ACC0183,ACC0493,3777.26,INR,UPI,Kolkata,branch,DEV0126
TXN004338,2026-08-11 15:32:16,ACC0272,ACC0481,2248.87,INR,IMPS,Chennai,atm,DEV0536
TXN008166,2026-08-11 15:32:21,ACC0163,ACC0232,5496.8,INR,UPI,Pune,atm,DEV0453
TXN007809,2026-08-11 15:32:46,ACC0281,ACC0476,950.05,INR,RTGS,Kochi,branch,DEV0272
TXN007181,2026-08-11 15:35:34,ACC0353,ACC0495,571.63,INR,IMPS,Kolkata,web,DEV0588
TXN006761,2026-08-11 15:41:05,ACC0077,ACC0460,6943.7,INR,NEFT,Bengaluru,web,DEV0651
TXN007093,2026-08-11 15:43:33,ACC0362,ACC0475,827.65,INR,UPI,Chennai,branch,DEV0323
TXN001210,2026-08-11 15:48:40,ACC0446,ACC0471,4388.92,INR,RTGS,Mumbai,mobile,DEV0205
TXN000306,2026-08-11 15:56:43,ACC0373,ACC0484,6785.56,INR,RTGS,Kolkata,web,DEV0169
TXN006090,2026-08-11 15:57:02,ACC0012,ACC0497,1682.56,INR,IMPS,Mumbai,atm,DEV0144
TXN004496,2026-08-11 15:57:58,ACC0079,ACC0214,1937.06,INR,UPI,Kolkata,mobile,DEV0033
TXN002110,2026-08-11 16:06:54,ACC0279,ACC0456,2482.49,INR,RTGS,Mumbai,web,DEV0898
TXN003457,2026-08-11 16:06:59,ACC0334,ACC0499,426.17,INR,NEFT,Pune,mobile,DEV0272
TXN005520,2026-08-11 16:07:19,ACC0119,ACC0147,1365.45,INR,RTGS,Bengaluru,mobile,DEV0897
TXN008043,2026-08-11 16:11:27,ACC0268,ACC0487,1373.28,INR,RTGS,Kochi,atm,DEV0037
TXN000425,2026-08-11 16:11:31,ACC0112,ACC0371,11850.17,INR,UPI,Hyderabad,mobile,DEV0749
TXN001277,2026-08-11 16:12:48,ACC0193,ACC0452,324.43,INR,NEFT,Kochi,web,DEV0665
TXN007962,2026-08-11 16:18:02,ACC0305,ACC0487,3942.42,INR,NEFT,Kochi,atm,DEV0839
TXN004258,2026-08-11 16:20:22,ACC0306,ACC0489,1284.99,INR,UPI,Kochi,atm,DEV0789
TXN004699,2026-08-11 16:21:06,ACC0247,ACC0500,4770.89,INR,NEFT,Delhi,web,DEV0503
TXN005777,2026-08-11 16:23:34,ACC0084,ACC0493,903.83,INR,NEFT,Mumbai,atm,DEV0845
TXN003196,2026-08-11 16:24:19,ACC0238,ACC0477,1113.62,INR,UPI,Bengaluru,branch,DEV0517
TXN003557,2026-08-11 16:27:03,ACC0145,ACC0459,617.67,INR,UPI,Kochi,branch,DEV0757
TXN004138,2026-08-11 16:31:11,ACC0279,ACC0460,1581.67,INR,UPI,Chennai,branch,DEV0597
TXN001007,2026-08-11 16:36:53,ACC0141,ACC0458,3842.48,INR,RTGS,Mumbai,mobile,DEV0093
TXN006146,2026-08-11 16:42:36,ACC0266,ACC0459,823.15,INR,UPI,Bengaluru,mobile,DEV0332
TXN002047,2026-08-11 16:43:57,ACC0324,ACC0500,376.02,INR,NEFT,Hyderabad,branch,DEV0270
TXN009483,2026-08-11 16:50:33,ACC0070,ACC0453,3214.07,INR,NEFT,Chennai,branch,DEV0276
TXN008559,2026-08-11 16:54:02,ACC0250,ACC0333,197.67,INR,IMPS,Bengaluru,atm,DEV0416
TXN003287,2026-08-11 16:55:59,ACC0252,ACC0469,6348.76,INR,UPI,Delhi,branch,DEV0157
TXN002498,2026-08-11 16:57:06,ACC0191,ACC0486,529.31,INR,RTGS,Chennai,branch,DEV0685
TXN004187,2026-08-11 16:59:24,ACC0132,ACC0479,440.77,INR,RTGS,Delhi,web,DEV0686
TXN002781,2026-08-11 17:02:26,ACC0303,ACC0498,12207.22,INR,RTGS,Hyderabad,branch,DEV0408
TXN000334,2026-08-11 17:03:00,ACC0199,ACC0494,2913.2,INR,RTGS,Bengaluru,branch,DEV0774
TXN000341,2026-08-11 17:05:06,ACC0152,ACC0099,1758.45,INR,UPI,Bengaluru,web,DEV0886
TXN005082,2026-08-11 17:05:34,ACC0102,ACC0496,1337.74,INR,UPI,Kochi,branch,DEV0661
TXN001357,2026-08-11 17:08:52,ACC0276,ACC0467,566.36,INR,NEFT,Delhi,web,DEV0716
TXN005284,2026-08-11 17:09:39,ACC0330,ACC0468,938.61,INR,NEFT,Kochi,web,DEV0255
TXN008491,2026-08-11 17:12:33,ACC0033,ACC0476,1179.52,INR,RTGS,Delhi,web,DEV0528
TXN008641,2026-08-11 17:13:37,ACC0050,ACC0495,616.8,INR,IMPS,Kolkata,web,DEV0452
TXN006040,2026-08-11 17:13:40,ACC0289,ACC0492,1211.38,INR,RTGS,Pune,web,DEV0014
TXN003630,2026-08-11 17:18:32,ACC0328,ACC0475,16226.63,INR,NEFT,Chennai,mobile,DEV0284
TXN001129,2026-08-11 17:22:04,ACC0190,ACC0466,581.47,INR,NEFT,Mumbai,atm,DEV0549
TXN002235,2026-08-11 17:22:07,ACC0015,ACC0459,699.34,INR,UPI,Hyderabad,branch,DEV0024
TXN008613,2026-08-11 17:26:17,ACC0072,ACC0478,1510.94,INR,NEFT,Pune,mobile,DEV0087
TXN000592,2026-08-11 17:27:30,ACC0274,ACC0458,659.0,INR,IMPS,Chennai,mobile,DEV0862
TXN003939,2026-08-11 17:28:08,ACC0065,ACC0328,3146.58,INR,NEFT,Pune,branch,DEV0430
TXN001927,2026-08-11 17:28:12,ACC0307,ACC0490,2083.18,INR,IMPS,Bengaluru,branch,DEV0675
TXN002835,2026-08-11 17:28:41,ACC0447,ACC0377,3431.6,INR,IMPS,Hyderabad,atm,DEV0763
TXN000045,2026-08-11 17:29:26,ACC0110,ACC0477,661.16,INR,UPI,Pune,atm,DEV0007
TXN007630,2026-08-11 17:30:35,ACC0229,ACC0003,335.6,INR,UPI,Delhi,atm,DEV0282
TXN005403,2026-08-11 17:31:39,ACC0102,ACC0349,1557.44,INR,UPI,Kochi,web,DEV0580
TXN005523,2026-08-11 17:34:57,ACC0348,ACC0495,1328.82,INR,IMPS,Bengaluru,web,DEV0250
TXN001598,2026-08-11 17:35:05,ACC0224,ACC0474,2085.42,INR,RTGS,Delhi,mobile,DEV0391
TXN001075,2026-08-11 17:35:47,ACC0165,ACC0475,794.35,INR,RTGS,Hyderabad,mobile,DEV0077
TXN007533,2026-08-11 17:36:19,ACC0405,ACC0273,3915.23,INR,RTGS,Delhi,mobile,DEV0762
TXN008589,2026-08-11 17:37:38,ACC0172,ACC0456,1843.9,INR,NEFT,Hyderabad,web,DEV0564
TXN008492,2026-08-11 17:40:56,ACC0291,ACC0499,1124.78,INR,NEFT,Delhi,branch,DEV0290
TXN002093,2026-08-11 17:47:27,ACC0338,ACC0486,526.58,INR,RTGS,Mumbai,atm,DEV0749
TXN004518,2026-08-11 17:49:12,ACC0439,ACC0473,2877.01,INR,RTGS,Chennai,atm,DEV0180
TXN002571,2026-08-11 17:53:35,ACC0407,ACC0025,564.17,INR,RTGS,Hyderabad,web,DEV0359
TXN005036,2026-08-11 17:58:48,ACC0223,ACC0258,1226.61,INR,NEFT,Delhi,branch,DEV0633
TXN000907,2026-08-11 17:59:43,ACC0071,ACC0495,3479.54,INR,RTGS,Kochi,atm,DEV0421
TXN000706,2026-08-11 18:01:36,ACC0399,ACC0470,688.57,INR,RTGS,Pune,web,DEV0401
TXN000149,2026-08-11 18:02:52,ACC0320,ACC0310,931.93,INR,RTGS,Chennai,atm,DEV0643
TXN009501,2026-08-11 18:03:03,ACC0306,ACC0183,2039.6,INR,IMPS,Kochi,mobile,DEV0303
TXN003564,2026-08-11 18:05:45,ACC0297,ACC0496,730.59,INR,IMPS,Chennai,mobile,DEV0589
TXN003378,2026-08-11 18:08:45,ACC0368,ACC0491,2570.73,INR,NEFT,Bengaluru,branch,DEV0646
TXN000151,2026-08-11 18:09:20,ACC0213,ACC0464,4456.67,INR,IMPS,Pune,web,DEV0779
TXN003582,2026-08-11 18:11:22,ACC0429,ACC0462,391.13,INR,UPI,Kolkata,atm,DEV0628
TXN007652,2026-08-11 18:15:13,ACC0066,ACC0035,3672.62,INR,NEFT,Chennai,mobile,DEV0687
TXN009562,2026-08-11 18:15:47,ACC0315,ACC0481,1264.83,INR,IMPS,Kochi,web,DEV0060
TXN006481,2026-08-11 18:15:55,ACC0056,ACC0485,1487.79,INR,NEFT,Kolkata,branch,DEV0653
TXN005487,2026-08-11 18:17:47,ACC0246,ACC0500,862.56,INR,UPI,Bengaluru,web,DEV0024
TXN003737,2026-08-11 18:19:54,ACC0390,ACC0485,2936.69,INR,NEFT,Bengaluru,branch,DEV0760
TXN003036,2026-08-11 18:22:10,ACC0333,ACC0491,336.17,INR,RTGS,Kochi,atm,DEV0814
TXN003250,2026-08-11 18:24:31,ACC0108,ACC0484,575.58,INR,UPI,Bengaluru,mobile,DEV0359
TXN001936,2026-08-11 18:24:40,ACC0136,ACC0464,3624.87,INR,IMPS,Kochi,mobile,DEV0084
TXN006268,2026-08-11 18:25:00,ACC0019,ACC0469,2106.31,INR,RTGS,Mumbai,atm,DEV0175
TXN008145,2026-08-11 18:25:35,ACC0201,ACC0465,7114.21,INR,NEFT,Chennai,branch,DEV0045
TXN003045,2026-08-11 18:26:49,ACC0306,ACC0359,496.65,INR,RTGS,Kolkata,mobile,DEV0472
TXN002376,2026-08-11 18:30:41,ACC0020,ACC0498,2247.76,INR,IMPS,Delhi,web,DEV0537
TXN001122,2026-08-11 18:31:40,ACC0370,ACC0476,626.84,INR,IMPS,Kochi,branch,DEV0346
TXN006826,2026-08-11 18:34:37,ACC0388,ACC0451,2016.7,INR,UPI,Chennai,branch,DEV0850
TXN003834,2026-08-11 18:35:34,ACC0416,ACC0490,9570.41,INR,NEFT,Kochi,atm,DEV0214
TXN005951,2026-08-11 18:39:14,ACC0066,ACC0483,6821.51,INR,IMPS,Kochi,atm,DEV0211
TXN001008,2026-08-11 18:40:01,ACC0094,ACC0096,17720.24,INR,NEFT,Kolkata,atm,DEV0084
TXN006663,2026-08-11 18:41:05,ACC0351,ACC0476,942.29,INR,UPI,Bengaluru,web,DEV0728
TXN005387,2026-08-11 18:42:05,ACC0150,ACC0454,1790.31,INR,RTGS,Kolkata,web,DEV0635
TXN007251,2026-08-11 18:42:32,ACC0062,ACC0360,969.13,INR,NEFT,Hyderabad,web,DEV0055
TXN006550,2026-08-11 18:44:22,ACC0108,ACC0460,21770.5,INR,NEFT,Delhi,branch,DEV0300
TXN004276,2026-08-11 18:48:24,ACC0002,ACC0499,2173.13,INR,RTGS,Hyderabad,mobile,DEV0029
TXN007632,2026-08-11 18:52:51,ACC0400,ACC0412,7122.97,INR,NEFT,Mumbai,atm,DEV0655
TXN002389,2026-08-11 18:57:02,ACC0223,ACC0500,1548.5,INR,IMPS,Hyderabad,web,DEV0654
TXN004724,2026-08-11 18:58:58,ACC0306,ACC0493,1450.94,INR,NEFT,Chennai,mobile,DEV0474
TXN006747,2026-08-11 19:03:38,ACC0137,ACC0495,395.31,INR,UPI,Kolkata,web,DEV0641
TXN001747,2026-08-11 19:04:20,ACC0424,ACC0462,553.83,INR,IMPS,Pune,branch,DEV0852
TXN005235,2026-08-11 19:04:46,ACC0244,ACC0495,640.37,INR,NEFT,Chennai,mobile,DEV0278
TXN007889,2026-08-11 19:06:14,ACC0444,ACC0180,573.15,INR,NEFT,Chennai,mobile,DEV0852
TXN009935,2026-08-11 19:18:10,ACC0073,ACC0475,3913.87,INR,IMPS,Bengaluru,web,DEV0223
TXN003686,2026-08-11 19:23:30,ACC0265,ACC0451,2161.18,INR,IMPS,Hyderabad,web,DEV0271
TXN003082,2026-08-11 19:24:57,ACC0335,ACC0460,2750.06,INR,UPI,Pune,web,DEV0271
TXN002278,2026-08-11 19:28:33,ACC0028,ACC0246,4510.27,INR,IMPS,Kochi,branch,DEV0596
TXN004264,2026-08-11 19:31:31,ACC0214,ACC0493,3041.27,INR,RTGS,Kolkata,mobile,DEV0406
TXN009176,2026-08-11 19:32:50,ACC0242,ACC0477,7192.41,INR,UPI,Bengaluru,web,DEV0356
TXN008809,2026-08-11 19:33:15,ACC0006,ACC0471,2828.14,INR,UPI,Pune,branch,DEV0823
TXN003048,2026-08-11 19:34:21,ACC0359,ACC0167,477.23,INR,IMPS,Kolkata,mobile,DEV0304
TXN006567,2026-08-11 19:35:29,ACC0148,ACC0477,502.42,INR,RTGS,Bengaluru,branch,DEV0305
TXN007603,2026-08-11 19:36:19,ACC0327,ACC0461,5168.59,INR,NEFT,Kolkata,web,DEV0091
TXN008516,2026-08-11 19:36:21,ACC0131,ACC0487,2962.87,INR,NEFT,Bengaluru,mobile,DEV0309
TXN004782,2026-08-11 19:37:21,ACC0076,ACC0198,659.81,INR,RTGS,Pune,atm,DEV0313
TXN003756,2026-08-11 19:41:48,ACC0007,ACC0489,1347.05,INR,UPI,Pune,branch,DEV0076
TXN008523,2026-08-11 19:42:38,ACC0235,ACC0160,1642.26,INR,IMPS,Mumbai,web,DEV0186
TXN009077,2026-08-11 19:43:38,ACC0445,ACC0451,716.24,INR,IMPS,Kolkata,mobile,DEV0898
TXN000047,2026-08-11 19:43:51,ACC0224,ACC0475,1317.84,INR,RTGS,Delhi,mobile,DEV0404
TXN006575,2026-08-11 19:46:01,ACC0302,ACC0477,2552.43,INR,RTGS,Delhi,branch,DEV0537
TXN001034,2026-08-11 19:47:19,ACC0263,ACC0041,1408.75,INR,IMPS,Mumbai,atm,DEV0120
TXN006176,2026-08-11 19:49:41,ACC0093,ACC0456,246.77,INR,UPI,Pune,mobile,DEV0160
TXN007955,2026-08-11 19:56:13,ACC0189,ACC0456,908.45,INR,UPI,Hyderabad,atm,DEV0538
TXN009608,2026-08-11 19:58:12,ACC0419,ACC0256,1481.65,INR,NEFT,Kolkata,mobile,DEV0715
TXN005862,2026-08-11 20:00:29,ACC0377,ACC0253,7630.01,INR,NEFT,Delhi,mobile,DEV0312
TXN008363,2026-08-11 20:01:29,ACC0407,ACC0435,2268.07,INR,NEFT,Kolkata,web,DEV0184
TXN007624,2026-08-11 20:01:34,ACC0193,ACC0477,8164.05,INR,NEFT,Mumbai,mobile,DEV0565
TXN001014,2026-08-11 20:06:40,ACC0194,ACC0453,110.99,INR,NEFT,Pune,atm,DEV0343
TXN004850,2026-08-11 20:11:33,ACC0016,ACC0494,751.16,INR,RTGS,Mumbai,branch,DEV0889
TXN000269,2026-08-11 20:11:58,ACC0315,ACC0459,2565.8,INR,UPI,Kolkata,mobile,DEV0383
TXN005323,2026-08-11 20:13:05,ACC0072,ACC0482,1057.52,INR,UPI,Chennai,branch,DEV0795
TXN005680,2026-08-11 20:14:09,ACC0055,ACC0452,3459.7,INR,UPI,Chennai,mobile,DEV0651
TXN009094,2026-08-11 20:14:40,ACC0170,ACC0482,10199.54,INR,RTGS,Hyderabad,branch,DEV0004
TXN007057,2026-08-11 20:17:22,ACC0059,ACC0477,3011.39,INR,UPI,Bengaluru,branch,DEV0414
TXN004557,2026-08-11 20:17:44,ACC0211,ACC0459,470.39,INR,NEFT,Hyderabad,branch,DEV0217
TXN005840,2026-08-11 20:17:55,ACC0337,ACC0466,92.13,INR,RTGS,Pune,web,DEV0847
TXN001301,2026-08-11 20:20:37,ACC0371,ACC0500,633.23,INR,RTGS,Mumbai,branch,DEV0727
TXN004941,2026-08-11 20:21:35,ACC0267,ACC0407,5806.63,INR,IMPS,Kolkata,atm,DEV0291
TXN000186,2026-08-11 20:26:26,ACC0344,ACC0484,565.89,INR,RTGS,Bengaluru,web,DEV0308
TXN002486,2026-08-11 20:31:54,ACC0366,ACC0057,3476.35,INR,UPI,Pune,atm,DEV0817
TXN009802,2026-08-11 20:31:55,ACC0262,ACC0469,4952.31,INR,IMPS,Mumbai,branch,DEV0561
TXN006693,2026-08-11 20:31:57,ACC0133,ACC0325,843.6,INR,IMPS,Bengaluru,web,DEV0613
TXN002996,2026-08-11 20:32:26,ACC0060,ACC0471,1212.73,INR,IMPS,Mumbai,mobile,DEV0511
TXN007250,2026-08-11 20:33:36,ACC0348,ACC0485,8023.12,INR,UPI,Kochi,mobile,DEV0804
TXN004444,2026-08-11 20:34:57,ACC0180,ACC0478,8223.93,INR,RTGS,Delhi,web,DEV0453
TXN009012,2026-08-11 20:35:48,ACC0115,ACC0461,7243.92,INR,IMPS,Bengaluru,mobile,DEV0794
TXN006004,2026-08-11 20:40:28,ACC0178,ACC0474,973.63,INR,UPI,Mumbai,web,DEV0859
TXN003483,2026-08-11 20:42:25,ACC0080,ACC0454,1494.44,INR,IMPS,Kochi,branch,DEV0526
TXN008422,2026-08-11 20:42:41,ACC0015,ACC0452,786.18,INR,RTGS,Kochi,branch,DEV0659
TXN005623,2026-08-11 20:43:40,ACC0017,ACC0500,10117.93,INR,RTGS,Kolkata,web,DEV0344
TXN006038,2026-08-11 20:44:35,ACC0028,ACC0271,33071.99,INR,IMPS,Delhi,mobile,DEV0584
TXN002802,2026-08-11 20:44:52,ACC0280,ACC0154,1637.84,INR,NEFT,Chennai,atm,DEV0321
TXN007682,2026-08-11 20:44:56,ACC0054,ACC0461,308.43,INR,IMPS,Kochi,web,DEV0575
TXN001673,2026-08-11 20:45:57,ACC0283,ACC0334,957.17,INR,UPI,Delhi,mobile,DEV0663
TXN005708,2026-08-11 20:45:58,ACC0112,ACC0051,294.17,INR,NEFT,Delhi,atm,DEV0551
TXN007243,2026-08-11 20:46:36,ACC0153,ACC0459,2109.76,INR,NEFT,Bengaluru,branch,DEV0396
TXN004200,2026-08-11 20:49:50,ACC0044,ACC0203,701.39,INR,IMPS,Kolkata,mobile,DEV0231
TXN008473,2026-08-11 20:53:24,ACC0006,ACC0301,705.29,INR,NEFT,Pune,atm,DEV0244
TXN004843,2026-08-11 20:54:18,ACC0340,ACC0465,2114.85,INR,IMPS,Kolkata,mobile,DEV0749
TXN005222,2026-08-12 09:00:27,ACC0014,ACC0457,3712.63,INR,IMPS,Delhi,branch,DEV0206
TXN002221,2026-08-12 09:00:45,ACC0220,ACC0492,2131.4,INR,NEFT,Kochi,atm,DEV0358
TXN008698,2026-08-12 09:02:07,ACC0396,ACC0473,1302.51,INR,NEFT,Delhi,branch,DEV0846
TXN009554,2026-08-12 09:03:32,ACC0201,ACC0109,29806.88,INR,RTGS,Kochi,branch,DEV0305
TXN006263,2026-08-12 09:03:33,ACC0112,ACC0460,6003.64,INR,NEFT,Chennai,branch,DEV0071
TXN009581,2026-08-12 09:05:35,ACC0387,ACC0499,1963.94,INR,IMPS,Kolkata,atm,DEV0225
TXN009070,2026-08-12 09:07:41,ACC0450,ACC0196,1721.38,INR,IMPS,Bengaluru,branch,DEV0276
TXN008774,2026-08-12 09:12:34,ACC0146,ACC0279,1856.6,INR,NEFT,Pune,atm,DEV0815
TXN001956,2026-08-12 09:14:26,ACC0329,ACC0482,259.79,INR,NEFT,Chennai,web,DEV0712
TXN008914,2026-08-12 09:17:05,ACC0368,ACC0482,495.82,INR,NEFT,Delhi,web,DEV0591
TXN003965,2026-08-12 09:21:42,ACC0061,ACC0470,2942.98,INR,NEFT,Kochi,mobile,DEV0438
TXN004489,2026-08-12 09:22:39,ACC0029,ACC0425,257.13,INR,IMPS,Kolkata,atm,DEV0439
TXN000094,2026-08-12 09:25:17,ACC0189,ACC0492,839.82,INR,RTGS,Mumbai,web,DEV0658
TXN004170,2026-08-12 09:25:57,ACC0376,ACC0497,6898.4,INR,UPI,Kolkata,branch,DEV0280
TXN000390,2026-08-12 09:26:07,ACC0185,ACC0467,680.61,INR,NEFT,Delhi,branch,DEV0364
TXN005918,2026-08-12 09:27:13,ACC0321,ACC0482,1077.22,INR,IMPS,Bengaluru,web,DEV0520
TXN000641,2026-08-12 09:28:09,ACC0437,ACC0494,9950.71,INR,UPI,Mumbai,branch,DEV0323
TXN007866,2026-08-12 09:30:10,ACC0074,ACC0476,3019.25,INR,NEFT,Hyderabad,mobile,DEV0628
TXN009189,2026-08-12 09:30:38,ACC0238,ACC0484,3018.24,INR,IMPS,Mumbai,branch,DEV0507
TXN003277,2026-08-12 09:33:26,ACC0076,ACC0407,427.21,INR,IMPS,Pune,branch,DEV0641
TXN003019,2026-08-12 09:34:06,ACC0066,ACC0320,533.71,INR,IMPS,Chennai,web,DEV0819
TXN009764,2026-08-12 09:36:14,ACC0086,ACC0485,1132.2,INR,UPI,Delhi,atm,DEV0249
TXN006691,2026-08-12 09:39:51,ACC0069,ACC0476,1251.36,INR,RTGS,Kolkata,branch,DEV0419
TXN003671,2026-08-12 09:41:25,ACC0075,ACC0491,513.34,INR,IMPS,Pune,mobile,DEV0600
TXN002459,2026-08-12 09:46:06,ACC0325,ACC0457,2091.01,INR,RTGS,Delhi,mobile,DEV0633
TXN000636,2026-08-12 09:49:56,ACC0133,ACC0402,4618.57,INR,UPI,Chennai,atm,DEV0819
TXN002977,2026-08-12 09:52:30,ACC0363,ACC0454,2360.74,INR,RTGS,Bengaluru,branch,DEV0468
TXN005230,2026-08-12 09:55:36,ACC0440,ACC0495,2123.69,INR,NEFT,Hyderabad,mobile,DEV0712
TXN009178,2026-08-12 09:56:14,ACC0048,ACC0469,1608.83,INR,RTGS,Delhi,atm,DEV0387
TXN009007,2026-08-12 10:02:35,ACC0267,ACC0464,1148.5,INR,IMPS,Kolkata,mobile,DEV0162
TXN006562,2026-08-12 10:06:02,ACC0086,ACC0386,3959.96,INR,UPI,Kolkata,mobile,DEV0398
TXN005712,2026-08-12 10:07:00,ACC0338,ACC0491,2872.93,INR,NEFT,Mumbai,web,DEV0338
TXN002018,2026-08-12 10:11:16,ACC0389,ACC0482,1514.19,INR,UPI,Chennai,atm,DEV0537
TXN005014,2026-08-12 10:12:32,ACC0009,ACC0465,653.6,INR,NEFT,Bengaluru,branch,DEV0683
TXN009144,2026-08-12 10:13:06,ACC0146,ACC0479,332.81,INR,UPI,Pune,web,DEV0082
TXN008297,2026-08-12 10:13:53,ACC0114,ACC0459,657.08,INR,NEFT,Kochi,branch,DEV0296
TXN005289,2026-08-12 10:16:15,ACC0392,ACC0361,1196.0,INR,IMPS,Kolkata,branch,DEV0439
TXN008557,2026-08-12 10:18:18,ACC0058,ACC0462,1103.98,INR,UPI,Bengaluru,web,DEV0436
TXN007574,2026-08-12 10:18:46,ACC0065,ACC0491,2593.6,INR,IMPS,Kolkata,branch,DEV0451
TXN008555,2026-08-12 10:18:52,ACC0379,ACC0480,7890.17,INR,IMPS,Hyderabad,atm,DEV0014
TXN004026,2026-08-12 10:21:25,ACC0060,ACC0465,406.22,INR,IMPS,Delhi,atm,DEV0486
TXN001314,2026-08-12 10:22:11,ACC0315,ACC0456,1260.19,INR,IMPS,Chennai,mobile,DEV0065
TXN006871,2026-08-12 10:22:32,ACC0099,ACC0257,1260.42,INR,UPI,Hyderabad,atm,DEV0080
TXN003651,2026-08-12 10:33:44,ACC0026,ACC0480,5217.52,INR,RTGS,Bengaluru,atm,DEV0472
TXN009470,2026-08-12 10:37:19,ACC0247,ACC0488,2105.59,INR,RTGS,Hyderabad,mobile,DEV0800
TXN000488,2026-08-12 10:37:30,ACC0020,ACC0496,4093.68,INR,IMPS,Kochi,mobile,DEV0536
TXN003687,2026-08-12 10:41:09,ACC0348,ACC0194,766.06,INR,UPI,Kochi,mobile,DEV0527
TXN003709,2026-08-12 10:41:58,ACC0057,ACC0080,305.55,INR,RTGS,Kochi,web,DEV0020
TXN007803,2026-08-12 10:43:50,ACC0048,ACC0140,6107.65,INR,NEFT,Hyderabad,atm,DEV0470
TXN000104,2026-08-12 10:48:17,ACC0434,ACC0486,3379.06,INR,UPI,Hyderabad,mobile,DEV0185
TXN001312,2026-08-12 10:48:59,ACC0219,ACC0461,4453.32,INR,UPI,Delhi,mobile,DEV0874
TXN004596,2026-08-12 10:51:27,ACC0408,ACC0484,608.38,INR,UPI,Mumbai,atm,DEV0290
TXN001775,2026-08-12 10:54:45,ACC0139,ACC0387,452.02,INR,RTGS,Delhi,atm,DEV0127
TXN003552,2026-08-12 10:57:58,ACC0029,ACC0326,740.08,INR,IMPS,Pune,atm,DEV0817
TXN007302,2026-08-12 10:59:17,ACC0099,ACC0490,2853.2,INR,RTGS,Chennai,web,DEV0209
TXN001647,2026-08-12 11:03:30,ACC0165,ACC0482,1622.22,INR,UPI,Delhi,branch,DEV0076
TXN004123,2026-08-12 11:04:32,ACC0352,ACC0494,5269.24,INR,RTGS,Chennai,branch,DEV0712
TXN006362,2026-08-12 11:07:46,ACC0244,ACC0454,5990.38,INR,NEFT,Chennai,atm,DEV0248
TXN000267,2026-08-12 11:11:15,ACC0434,ACC0199,4027.63,INR,IMPS,Chennai,branch,DEV0582
TXN000541,2026-08-12 11:13:35,ACC0295,ACC0467,5264.46,INR,IMPS,Delhi,branch,DEV0460
TXN006713,2026-08-12 11:17:09,ACC0075,ACC0129,2237.37,INR,NEFT,Pune,atm,DEV0207
TXN007518,2026-08-12 11:19:28,ACC0106,ACC0470,4811.88,INR,IMPS,Mumbai,atm,DEV0208
TXN006265,2026-08-12 11:28:03,ACC0146,ACC0466,1242.78,INR,UPI,Hyderabad,atm,DEV0406
TXN007281,2026-08-12 11:28:59,ACC0357,ACC0457,2730.27,INR,UPI,Delhi,atm,DEV0656
TXN006352,2026-08-12 11:31:19,ACC0136,ACC0497,1137.51,INR,IMPS,Bengaluru,mobile,DEV0649
TXN005192,2026-08-12 11:32:01,ACC0014,ACC0458,3894.2,INR,IMPS,Kochi,atm,DEV0008
TXN009463,2026-08-12 11:33:40,ACC0067,ACC0496,2724.85,INR,UPI,Kolkata,mobile,DEV0636
TXN007382,2026-08-12 11:35:08,ACC0054,ACC0017,281.03,INR,NEFT,Hyderabad,branch,DEV0844
TXN004925,2026-08-12 11:35:28,ACC0051,ACC0480,2131.82,INR,IMPS,Kochi,branch,DEV0049
TXN000460,2026-08-12 11:39:36,ACC0270,ACC0490,1595.42,INR,RTGS,Kochi,web,DEV0625
TXN002637,2026-08-12 11:39:53,ACC0275,ACC0468,6005.48,INR,RTGS,Kochi,atm,DEV0482
TXN004233,2026-08-12 11:47:42,ACC0017,ACC0500,4428.9,INR,RTGS,Chennai,web,DEV0378
TXN009500,2026-08-12 11:52:35,ACC0257,ACC0464,2724.3,INR,UPI,Kochi,atm,DEV0365
TXN003517,2026-08-12 11:53:23,ACC0341,ACC0500,11580.39,INR,IMPS,Chennai,branch,DEV0005
TXN007240,2026-08-12 11:53:31,ACC0228,ACC0473,1706.54,INR,UPI,Delhi,atm,DEV0750
TXN006564,2026-08-12 11:57:41,ACC0371,ACC0494,1164.56,INR,NEFT,Mumbai,atm,DEV0757
TXN009373,2026-08-12 11:58:34,ACC0005,ACC0258,540.09,INR,IMPS,Chennai,web,DEV0752
TXN006507,2026-08-12 12:01:02,ACC0368,ACC0499,4309.44,INR,NEFT,Hyderabad,mobile,DEV0369
TXN002524,2026-08-12 12:04:44,ACC0086,ACC0479,2182.99,INR,RTGS,Pune,web,DEV0090
TXN008813,2026-08-12 12:04:51,ACC0035,ACC0459,6363.42,INR,RTGS,Delhi,atm,DEV0744
TXN006952,2026-08-12 12:07:57,ACC0384,ACC0095,1419.97,INR,NEFT,Bengaluru,atm,DEV0238
TXN005762,2026-08-12 12:08:39,ACC0292,ACC0479,4677.47,INR,RTGS,Bengaluru,web,DEV0057
TXN007191,2026-08-12 12:12:22,ACC0223,ACC0496,890.71,INR,IMPS,Pune,branch,DEV0645
TXN002664,2026-08-12 12:13:29,ACC0345,ACC0458,188.37,INR,IMPS,Pune,atm,DEV0022
TXN001665,2026-08-12 12:18:40,ACC0155,ACC0266,3210.2,INR,IMPS,Kochi,web,DEV0880
TXN000128,2026-08-12 12:24:05,ACC0213,ACC0483,1283.19,INR,UPI,Kolkata,web,DEV0141
TXN009071,2026-08-12 12:25:11,ACC0188,ACC0186,695.0,INR,UPI,Hyderabad,mobile,DEV0878
TXN004564,2026-08-12 12:29:05,ACC0282,ACC0500,1611.66,INR,UPI,Kolkata,web,DEV0246
TXN002226,2026-08-12 12:30:50,ACC0360,ACC0232,3048.78,INR,UPI,Kolkata,atm,DEV0801
TXN007459,2026-08-12 12:34:25,ACC0092,ACC0462,2358.79,INR,RTGS,Bengaluru,mobile,DEV0258
TXN004525,2026-08-12 12:36:29,ACC0106,ACC0499,2728.27,INR,RTGS,Hyderabad,web,DEV0431
TXN005591,2026-08-12 12:36:59,ACC0103,ACC0484,1085.02,INR,UPI,Hyderabad,mobile,DEV0528
TXN005194,2026-08-12 12:43:35,ACC0252,ACC0205,1831.68,INR,RTGS,Delhi,web,DEV0336
TXN007405,2026-08-12 12:45:53,ACC0071,ACC0166,5598.29,INR,IMPS,Delhi,mobile,DEV0057
TXN007924,2026-08-12 12:47:00,ACC0095,ACC0492,1452.63,INR,NEFT,Kolkata,branch,DEV0150
TXN000899,2026-08-12 12:47:05,ACC0380,ACC0478,14999.43,INR,RTGS,Delhi,branch,DEV0696
TXN009681,2026-08-12 12:53:16,ACC0242,ACC0389,6048.57,INR,UPI,Mumbai,atm,DEV0425
TXN003164,2026-08-12 12:54:00,ACC0392,ACC0458,487.42,INR,UPI,Hyderabad,branch,DEV0667
TXN001524,2026-08-12 12:59:03,ACC0324,ACC0489,618.01,INR,UPI,Delhi,web,DEV0302
TXN006160,2026-08-12 13:02:28,ACC0280,ACC0462,1555.22,INR,UPI,Pune,web,DEV0011
TXN008338,2026-08-12 13:05:14,ACC0031,ACC0489,1235.23,INR,NEFT,Delhi,mobile,DEV0018
TXN000888,2026-08-12 13:07:59,ACC0244,ACC0479,1895.13,INR,NEFT,Delhi,atm,DEV0515
TXN002972,2026-08-12 13:11:27,ACC0237,ACC0071,130.43,INR,RTGS,Bengaluru,web,DEV0498
TXN002699,2026-08-12 13:11:47,ACC0364,ACC0475,652.79,INR,NEFT,Kochi,atm,DEV0092
TXN004672,2026-08-12 13:15:28,ACC0279,ACC0414,1575.4,INR,IMPS,Kolkata,web,DEV0080
TXN003573,2026-08-12 13:16:39,ACC0010,ACC0474,522.43,INR,IMPS,Kochi,branch,DEV0136
TXN000654,2026-08-12 13:18:31,ACC0079,ACC0470,4130.48,INR,IMPS,Hyderabad,web,DEV0188
TXN000635,2026-08-12 13:22:43,ACC0108,ACC0452,385.24,INR,NEFT,Mumbai,web,DEV0499
TXN001479,2026-08-12 13:27:53,ACC0303,ACC0473,720.68,INR,RTGS,Mumbai,web,DEV0857
TXN002759,2026-08-12 13:33:25,ACC0153,ACC0119,2033.4,INR,UPI,Delhi,mobile,DEV0703
TXN002561,2026-08-12 13:34:22,ACC0226,ACC0478,1483.13,INR,IMPS,Delhi,atm,DEV0260
TXN005455,2026-08-12 13:34:35,ACC0387,ACC0465,4529.98,INR,RTGS,Pune,mobile,DEV0606
TXN006741,2026-08-12 13:40:53,ACC0342,ACC0461,5756.79,INR,UPI,Kolkata,mobile,DEV0544
TXN008612,2026-08-12 13:42:41,ACC0300,ACC0476,2092.97,INR,RTGS,Kochi,branch,DEV0551
TXN009777,2026-08-12 13:45:17,ACC0381,ACC0134,1674.18,INR,RTGS,Bengaluru,atm,DEV0068
TXN001511,2026-08-12 13:48:19,ACC0425,ACC0085,1617.64,INR,UPI,Pune,branch,DEV0666
TXN008097,2026-08-12 13:49:01,ACC0027,ACC0344,1182.06,INR,IMPS,Kolkata,mobile,DEV0584
TXN008888,2026-08-12 13:49:05,ACC0312,ACC0492,4367.77,INR,NEFT,Chennai,branch,DEV0737
TXN000539,2026-08-12 13:49:54,ACC0405,ACC0481,436.78,INR,RTGS,Delhi,web,DEV0729
TXN000274,2026-08-12 13:50:06,ACC0108,ACC0455,2532.54,INR,RTGS,Pune,web,DEV0424
TXN006760,2026-08-12 13:50:06,ACC0377,ACC0309,73.47,INR,RTGS,Mumbai,mobile,DEV0082
TXN003789,2026-08-12 13:59:04,ACC0096,ACC0487,1601.8,INR,UPI,Mumbai,atm,DEV0254
TXN000242,2026-08-12 14:08:24,ACC0305,ACC0451,7922.89,INR,IMPS,Delhi,atm,DEV0789
TXN000273,2026-08-12 14:10:40,ACC0170,ACC0122,4878.79,INR,IMPS,Kochi,mobile,DEV0272
TXN005093,2026-08-12 14:18:09,ACC0063,ACC0465,1832.88,INR,RTGS,Bengaluru,atm,DEV0182
TXN008497,2026-08-12 14:27:24,ACC0059,ACC0483,1121.16,INR,UPI,Kochi,mobile,DEV0647
TXN000805,2026-08-12 14:28:40,ACC0389,ACC0287,401.78,INR,UPI,Delhi,branch,DEV0714
TXN003839,2026-08-12 14:30:19,ACC0207,ACC0474,1722.14,INR,NEFT,Mumbai,mobile,DEV0702
TXN002870,2026-08-12 14:38:44,ACC0212,ACC0474,1127.21,INR,UPI,Chennai,web,DEV0680
TXN002878,2026-08-12 14:39:21,ACC0285,ACC0469,5164.63,INR,RTGS,Delhi,mobile,DEV0435
TXN006833,2026-08-12 14:42:00,ACC0107,ACC0498,524.92,INR,UPI,Kochi,web,DEV0610
TXN008953,2026-08-12 14:43:05,ACC0368,ACC0461,607.97,INR,UPI,Pune,mobile,DEV0343
TXN005319,2026-08-12 14:44:23,ACC0057,ACC0483,1247.62,INR,UPI,Mumbai,atm,DEV0869
TXN002594,2026-08-12 14:44:28,ACC0125,ACC0161,1191.8,INR,UPI,Bengaluru,atm,DEV0317
TXN002119,2026-08-12 14:49:32,ACC0340,ACC0107,1043.1,INR,NEFT,Kochi,mobile,DEV0467
TXN007094,2026-08-12 14:52:39,ACC0034,ACC0398,10301.54,INR,NEFT,Kochi,web,DEV0225
TXN002484,2026-08-12 14:54:05,ACC0041,ACC0461,661.23,INR,UPI,Kochi,mobile,DEV0601
TXN000872,2026-08-12 14:57:40,ACC0197,ACC0487,4887.77,INR,UPI,Hyderabad,atm,DEV0301
TXN004844,2026-08-12 14:58:12,ACC0060,ACC0464,309.62,INR,NEFT,Pune,branch,DEV0399
TXN003600,2026-08-12 15:01:51,ACC0098,ACC0479,1634.65,INR,NEFT,Mumbai,atm,DEV0219
TXN008273,2026-08-12 15:05:05,ACC0217,ACC0438,1948.67,INR,IMPS,Chennai,atm,DEV0709
TXN001409,2026-08-12 15:06:29,ACC0367,ACC0104,1792.87,INR,UPI,Bengaluru,web,DEV0695
TXN008294,2026-08-12 15:09:40,ACC0013,ACC0416,770.45,INR,IMPS,Chennai,atm,DEV0270
TXN009880,2026-08-12 15:09:58,ACC0214,ACC0474,429.97,INR,NEFT,Delhi,atm,DEV0361
TXN002788,2026-08-12 15:10:53,ACC0334,ACC0476,1621.71,INR,IMPS,Chennai,web,DEV0065
TXN001197,2026-08-12 15:15:13,ACC0243,ACC0479,21452.91,INR,RTGS,Hyderabad,branch,DEV0592
TXN000387,2026-08-12 15:17:28,ACC0215,ACC0191,816.27,INR,NEFT,Mumbai,branch,DEV0824
TXN002860,2026-08-12 15:22:16,ACC0422,ACC0126,3998.14,INR,IMPS,Chennai,web,DEV0700
TXN008549,2026-08-12 15:22:35,ACC0278,ACC0076,1968.67,INR,IMPS,Mumbai,branch,DEV0621
TXN004531,2026-08-12 15:23:20,ACC0139,ACC0480,348.01,INR,IMPS,Pune,web,DEV0549
TXN000733,2026-08-12 15:24:10,ACC0442,ACC0041,1486.63,INR,RTGS,Delhi,atm,DEV0021
TXN008899,2026-08-12 15:25:10,ACC0425,ACC0093,2101.68,INR,NEFT,Chennai,branch,DEV0226
TXN009145,2026-08-12 15:29:29,ACC0117,ACC0463,2783.71,INR,NEFT,Chennai,branch,DEV0156
TXN008631,2026-08-12 15:30:55,ACC0414,ACC0475,1048.45,INR,RTGS,Mumbai,branch,DEV0367
TXN005238,2026-08-12 15:31:59,ACC0392,ACC0476,722.21,INR,NEFT,Pune,branch,DEV0746
TXN001609,2026-08-12 15:35:56,ACC0250,ACC0454,343.04,INR,RTGS,Kochi,mobile,DEV0393
TXN006543,2026-08-12 15:38:55,ACC0263,ACC0337,589.23,INR,NEFT,Hyderabad,mobile,DEV0060
TXN004568,2026-08-12 15:40:21,ACC0292,ACC0455,1040.48,INR,NEFT,Pune,branch,DEV0429
TXN007045,2026-08-12 15:42:25,ACC0393,ACC0458,507.62,INR,IMPS,Pune,mobile,DEV0813
TXN003213,2026-08-12 15:43:26,ACC0240,ACC0471,417.12,INR,IMPS,Chennai,web,DEV0431
TXN001052,2026-08-12 15:45:59,ACC0422,ACC0021,1741.08,INR,RTGS,Mumbai,mobile,DEV0150
TXN002243,2026-08-12 15:46:46,ACC0045,ACC0481,11604.87,INR,RTGS,Hyderabad,mobile,DEV0178
TXN003541,2026-08-12 15:49:18,ACC0182,ACC0455,3487.06,INR,UPI,Kochi,mobile,DEV0391
TXN000458,2026-08-12 15:52:04,ACC0048,ACC0166,346.72,INR,UPI,Hyderabad,branch,DEV0540
TXN001059,2026-08-12 15:55:59,ACC0437,ACC0484,1582.07,INR,RTGS,Delhi,atm,DEV0389
TXN002766,2026-08-12 16:06:34,ACC0095,ACC0416,478.42,INR,UPI,Pune,mobile,DEV0613
TXN007113,2026-08-12 16:13:05,ACC0232,ACC0462,1162.35,INR,NEFT,Kolkata,mobile,DEV0416
TXN009363,2026-08-12 16:15:28,ACC0195,ACC0484,1687.12,INR,RTGS,Delhi,branch,DEV0086
TXN008171,2026-08-12 16:16:15,ACC0162,ACC0119,520.27,INR,IMPS,Chennai,web,DEV0895
TXN007226,2026-08-12 16:19:50,ACC0257,ACC0465,2967.58,INR,UPI,Pune,atm,DEV0350
TXN006540,2026-08-12 16:20:07,ACC0034,ACC0459,467.56,INR,NEFT,Hyderabad,web,DEV0550
TXN004974,2026-08-12 16:21:23,ACC0238,ACC0484,16297.28,INR,IMPS,Hyderabad,web,DEV0596
TXN002666,2026-08-12 16:21:36,ACC0298,ACC0469,822.27,INR,IMPS,Chennai,branch,DEV0332
TXN005382,2026-08-12 16:22:40,ACC0023,ACC0466,2734.22,INR,IMPS,Kochi,branch,DEV0415
TXN001019,2026-08-12 16:25:10,ACC0406,ACC0411,1315.73,INR,NEFT,Delhi,branch,DEV0315
TXN001241,2026-08-12 16:25:32,ACC0135,ACC0341,370.63,INR,NEFT,Kochi,branch,DEV0571
TXN000736,2026-08-12 16:25:59,ACC0442,ACC0497,1258.38,INR,IMPS,Pune,atm,DEV0316
TXN004223,2026-08-12 16:26:52,ACC0194,ACC0469,1954.9,INR,IMPS,Mumbai,branch,DEV0133
TXN006584,2026-08-12 16:27:50,ACC0274,ACC0071,3461.03,INR,IMPS,Mumbai,branch,DEV0442
TXN008243,2026-08-12 16:30:56,ACC0068,ACC0238,1317.87,INR,UPI,Bengaluru,mobile,DEV0878
TXN004551,2026-08-12 16:31:04,ACC0103,ACC0472,4247.53,INR,RTGS,Chennai,branch,DEV0562
TXN002797,2026-08-12 16:33:49,ACC0160,ACC0477,5069.53,INR,NEFT,Kolkata,branch,DEV0517
TXN007684,2026-08-12 16:34:17,ACC0131,ACC0195,498.84,INR,RTGS,Delhi,atm,DEV0106
TXN005326,2026-08-12 16:34:30,ACC0069,ACC0488,1060.56,INR,NEFT,Hyderabad,branch,DEV0179
TXN002127,2026-08-12 16:35:02,ACC0061,ACC0493,2317.07,INR,NEFT,Chennai,web,DEV0554
TXN000895,2026-08-12 16:37:00,ACC0390,ACC0305,1588.71,INR,UPI,Chennai,mobile,DEV0581
TXN009641,2026-08-12 16:39:50,ACC0390,ACC0474,615.76,INR,RTGS,Hyderabad,web,DEV0885
TXN005223,2026-08-12 16:44:41,ACC0026,ACC0471,1684.06,INR,IMPS,Delhi,web,DEV0156
TXN007994,2026-08-12 16:45:06,ACC0083,ACC0268,754.25,INR,RTGS,Chennai,mobile,DEV0103
TXN009953,2026-08-12 16:47:45,ACC0082,ACC0492,333.48,INR,RTGS,Delhi,web,DEV0280
TXN004280,2026-08-12 16:48:29,ACC0025,ACC0480,2081.58,INR,UPI,Pune,mobile,DEV0687
TXN007729,2026-08-12 16:50:36,ACC0303,ACC0479,3107.09,INR,NEFT,Mumbai,atm,DEV0404
TXN007565,2026-08-12 16:51:35,ACC0050,ACC0118,1009.36,INR,RTGS,Chennai,atm,DEV0064
TXN004422,2026-08-12 16:52:57,ACC0426,ACC0478,864.47,INR,IMPS,Pune,web,DEV0731
TXN009903,2026-08-12 16:53:29,ACC0215,ACC0456,1914.41,INR,UPI,Kolkata,atm,DEV0611
TXN007444,2026-08-12 16:54:26,ACC0080,ACC0475,3702.23,INR,UPI,Delhi,branch,DEV0419
TXN009488,2026-08-12 16:54:57,ACC0017,ACC0452,4278.78,INR,IMPS,Hyderabad,branch,DEV0272
TXN008723,2026-08-12 16:59:33,ACC0410,ACC0489,7833.85,INR,UPI,Mumbai,mobile,DEV0244
TXN002396,2026-08-12 17:06:41,ACC0307,ACC0482,1366.34,INR,IMPS,Mumbai,web,DEV0421
TXN007907,2026-08-12 17:10:22,ACC0230,ACC0151,2766.1,INR,IMPS,Delhi,web,DEV0508
TXN005619,2026-08-12 17:11:16,ACC0404,ACC0461,2023.6,INR,UPI,Kochi,branch,DEV0335
TXN007305,2026-08-12 17:14:36,ACC0272,ACC0318,588.42,INR,NEFT,Mumbai,web,DEV0779
TXN001778,2026-08-12 17:14:46,ACC0241,ACC0498,704.09,INR,RTGS,Kochi,mobile,DEV0850
TXN005688,2026-08-12 17:14:50,ACC0210,ACC0487,11192.29,INR,NEFT,Kolkata,mobile,DEV0837
TXN006098,2026-08-12 17:15:20,ACC0003,ACC0454,5032.85,INR,UPI,Bengaluru,branch,DEV0138
TXN005715,2026-08-12 17:16:36,ACC0175,ACC0479,854.01,INR,RTGS,Delhi,atm,DEV0273
TXN009772,2026-08-12 17:17:29,ACC0012,ACC0478,1005.34,INR,NEFT,Delhi,mobile,DEV0144
TXN001986,2026-08-12 17:23:01,ACC0181,ACC0033,2359.52,INR,NEFT,Mumbai,atm,DEV0509
TXN000854,2026-08-12 17:27:33,ACC0234,ACC0473,6291.47,INR,NEFT,Kochi,atm,DEV0383
TXN008854,2026-08-12 17:28:08,ACC0321,ACC0467,1665.93,INR,NEFT,Delhi,atm,DEV0435
TXN002231,2026-08-12 17:30:00,ACC0340,ACC0243,1022.89,INR,RTGS,Bengaluru,branch,DEV0308
TXN008165,2026-08-12 17:31:05,ACC0123,ACC0462,529.3,INR,IMPS,Mumbai,mobile,DEV0600
TXN000518,2026-08-12 17:32:14,ACC0272,ACC0317,1365.43,INR,NEFT,Hyderabad,mobile,DEV0199
TXN005423,2026-08-12 17:36:29,ACC0077,ACC0474,1242.02,INR,IMPS,Kolkata,web,DEV0870
TXN002537,2026-08-12 17:41:06,ACC0018,ACC0474,1549.05,INR,IMPS,Kochi,web,DEV0122
TXN002175,2026-08-12 17:45:44,ACC0150,ACC0481,13115.13,INR,UPI,Bengaluru,mobile,DEV0293
TXN004387,2026-08-12 17:46:53,ACC0419,ACC0470,1602.83,INR,NEFT,Mumbai,mobile,DEV0065
TXN004707,2026-08-12 17:51:15,ACC0258,ACC0465,276.45,INR,NEFT,Bengaluru,atm,DEV0203
TXN006773,2026-08-12 18:03:30,ACC0407,ACC0490,52965.42,INR,UPI,Kochi,web,DEV0246
TXN004250,2026-08-12 18:04:16,ACC0116,ACC0491,691.57,INR,UPI,Bengaluru,branch,DEV0786
TXN009230,2026-08-12 18:04:26,ACC0326,ACC0487,1903.39,INR,IMPS,Mumbai,mobile,DEV0105
TXN008352,2026-08-12 18:14:33,ACC0156,ACC0457,177.05,INR,UPI,Mumbai,branch,DEV0599
TXN002325,2026-08-12 18:17:43,ACC0254,ACC0440,964.06,INR,IMPS,Kolkata,web,DEV0602
TXN002595,2026-08-12 18:17:51,ACC0136,ACC0406,1491.11,INR,NEFT,Mumbai,web,DEV0679
TXN003931,2026-08-12 18:18:34,ACC0275,ACC0101,1136.38,INR,UPI,Pune,mobile,DEV0680
TXN002209,2026-08-12 18:19:49,ACC0326,ACC0455,1265.8,INR,IMPS,Kochi,mobile,DEV0893
TXN003252,2026-08-12 18:19:55,ACC0336,ACC0499,4956.64,INR,NEFT,Hyderabad,mobile,DEV0846
TXN003237,2026-08-12 18:22:46,ACC0299,ACC0358,1166.53,INR,NEFT,Delhi,web,DEV0578
TXN003784,2026-08-12 18:23:22,ACC0173,ACC0469,2049.5,INR,RTGS,Kolkata,branch,DEV0482
TXN006665,2026-08-12 18:24:20,ACC0169,ACC0457,2453.61,INR,NEFT,Kochi,web,DEV0024
TXN006798,2026-08-12 18:29:10,ACC0257,ACC0472,419.84,INR,NEFT,Delhi,atm,DEV0081
TXN008572,2026-08-12 18:31:09,ACC0162,ACC0463,2636.62,INR,NEFT,Bengaluru,atm,DEV0520
TXN006453,2026-08-12 18:31:51,ACC0089,ACC0435,122.61,INR,RTGS,Chennai,atm,DEV0823
TXN004226,2026-08-12 18:37:06,ACC0275,ACC0493,6038.48,INR,RTGS,Pune,web,DEV0525
TXN002810,2026-08-12 18:37:09,ACC0415,ACC0060,1632.43,INR,RTGS,Pune,web,DEV0528
TXN007328,2026-08-12 18:41:32,ACC0400,ACC0467,7039.31,INR,NEFT,Delhi,mobile,DEV0110
TXN007445,2026-08-12 18:42:24,ACC0290,ACC0084,2842.68,INR,RTGS,Hyderabad,mobile,DEV0083
TXN006230,2026-08-12 18:43:33,ACC0195,ACC0498,5685.76,INR,RTGS,Mumbai,web,DEV0898
TXN009157,2026-08-12 18:47:47,ACC0361,ACC0457,1111.02,INR,UPI,Kochi,branch,DEV0549
TXN009148,2026-08-12 18:47:49,ACC0031,ACC0456,302.06,INR,RTGS,Mumbai,web,DEV0548
TXN005391,2026-08-12 18:49:11,ACC0183,ACC0498,2472.47,INR,RTGS,Kolkata,branch,DEV0821
TXN002741,2026-08-12 18:52:43,ACC0085,ACC0483,1301.28,INR,IMPS,Mumbai,mobile,DEV0131
TXN008527,2026-08-12 18:54:14,ACC0321,ACC0342,984.32,INR,UPI,Bengaluru,atm,DEV0310
TXN006242,2026-08-12 18:54:25,ACC0048,ACC0189,3502.46,INR,NEFT,Mumbai,atm,DEV0016
TXN004774,2026-08-12 18:57:03,ACC0053,ACC0057,803.67,INR,RTGS,Bengaluru,atm,DEV0129
TXN007353,2026-08-12 18:57:10,ACC0006,ACC0483,4523.49,INR,IMPS,Mumbai,web,DEV0007
TXN005339,2026-08-12 19:07:28,ACC0176,ACC0499,3096.13,INR,NEFT,Chennai,mobile,DEV0417
TXN009742,2026-08-12 19:20:21,ACC0287,ACC0472,2303.87,INR,UPI,Bengaluru,branch,DEV0503
TXN007395,2026-08-12 19:21:39,ACC0292,ACC0489,738.92,INR,RTGS,Kolkata,branch,DEV0362
TXN008880,2026-08-12 19:22:53,ACC0173,ACC0080,3124.78,INR,NEFT,Hyderabad,mobile,DEV0842
TXN004135,2026-08-12 19:24:41,ACC0297,ACC0173,1497.7,INR,NEFT,Bengaluru,atm,DEV0518
TXN006246,2026-08-12 19:31:42,ACC0171,ACC0458,974.43,INR,NEFT,Kolkata,branch,DEV0872
TXN008255,2026-08-12 19:33:08,ACC0224,ACC0195,5883.81,INR,NEFT,Mumbai,branch,DEV0292
TXN002753,2026-08-12 19:35:06,ACC0395,ACC0339,399.53,INR,RTGS,Bengaluru,branch,DEV0429
TXN008386,2026-08-12 19:38:14,ACC0404,ACC0470,161.33,INR,UPI,Hyderabad,atm,DEV0422
TXN006882,2026-08-12 19:39:59,ACC0109,ACC0474,4641.26,INR,RTGS,Mumbai,web,DEV0365
TXN008852,2026-08-12 19:40:29,ACC0251,ACC0420,892.17,INR,UPI,Delhi,mobile,DEV0108
TXN000640,2026-08-12 19:42:15,ACC0191,ACC0213,1351.02,INR,RTGS,Pune,atm,DEV0470
TXN002368,2026-08-12 19:42:34,ACC0339,ACC0461,18458.02,INR,NEFT,Delhi,mobile,DEV0779
TXN005263,2026-08-12 19:43:04,ACC0355,ACC0495,945.19,INR,UPI,Kochi,mobile,DEV0648
TXN001633,2026-08-12 19:43:13,ACC0066,ACC0316,190.91,INR,RTGS,Bengaluru,web,DEV0535
TXN000319,2026-08-12 19:43:41,ACC0339,ACC0247,424.27,INR,UPI,Chennai,web,DEV0518
TXN000918,2026-08-12 19:46:36,ACC0033,ACC0460,564.09,INR,NEFT,Hyderabad,branch,DEV0404
TXN001637,2026-08-12 19:54:52,ACC0064,ACC0457,2219.69,INR,UPI,Kochi,atm,DEV0725
TXN006336,2026-08-12 19:57:42,ACC0275,ACC0482,577.03,INR,IMPS,Chennai,atm,DEV0762
TXN006824,2026-08-12 19:58:46,ACC0024,ACC0464,1363.35,INR,UPI,Bengaluru,atm,DEV0714
TXN002061,2026-08-12 20:01:36,ACC0078,ACC0491,4573.61,INR,NEFT,Mumbai,web,DEV0426
TXN004895,2026-08-12 20:01:50,ACC0078,ACC0293,5192.71,INR,UPI,Kochi,branch,DEV0579
TXN003943,2026-08-12 20:04:37,ACC0058,ACC0455,6407.68,INR,NEFT,Delhi,branch,DEV0870
TXN005934,2026-08-12 20:05:34,ACC0034,ACC0455,11252.98,INR,RTGS,Hyderabad,branch,DEV0815
TXN000087,2026-08-12 20:08:05,ACC0404,ACC0488,5157.0,INR,RTGS,Delhi,web,DEV0136
TXN004801,2026-08-12 20:09:54,ACC0200,ACC0249,851.16,INR,UPI,Bengaluru,mobile,DEV0858
TXN002625,2026-08-12 20:13:28,ACC0043,ACC0458,550.78,INR,NEFT,Kochi,atm,DEV0816
TXN005310,2026-08-12 20:20:31,ACC0064,ACC0454,1454.79,INR,UPI,Hyderabad,branch,DEV0345
TXN003001,2026-08-12 20:21:48,ACC0178,ACC0492,750.52,INR,IMPS,Chennai,atm,DEV0778
TXN001305,2026-08-12 20:21:51,ACC0020,ACC0324,2268.92,INR,UPI,Kochi,web,DEV0217
TXN006793,2026-08-12 20:23:13,ACC0303,ACC0099,715.83,INR,UPI,Kochi,atm,DEV0403
TXN008484,2026-08-12 20:31:20,ACC0300,ACC0390,608.0,INR,UPI,Hyderabad,branch,DEV0311
TXN003755,2026-08-12 20:31:50,ACC0356,ACC0483,15630.72,INR,NEFT,Pune,web,DEV0650
TXN008314,2026-08-12 20:32:23,ACC0365,ACC0206,1572.56,INR,IMPS,Hyderabad,branch,DEV0576
TXN003819,2026-08-12 20:32:34,ACC0107,ACC0462,450.65,INR,UPI,Pune,mobile,DEV0668
TXN007821,2026-08-12 20:33:17,ACC0408,ACC0366,2211.84,INR,IMPS,Delhi,mobile,DEV0820
TXN009465,2026-08-12 20:33:35,ACC0392,ACC0491,1138.18,INR,IMPS,Hyderabad,atm,DEV0477
TXN008246,2026-08-12 20:34:11,ACC0037,ACC0497,2041.84,INR,UPI,Chennai,web,DEV0887
TXN008739,2026-08-12 20:34:24,ACC0392,ACC0393,887.13,INR,UPI,Hyderabad,mobile,DEV0697
TXN008055,2026-08-12 20:38:43,ACC0057,ACC0452,495.19,INR,NEFT,Kolkata,mobile,DEV0520
TXN003916,2026-08-12 20:41:03,ACC0371,ACC0490,8560.69,INR,UPI,Kolkata,mobile,DEV0636
TXN005892,2026-08-12 20:41:59,ACC0313,ACC0200,1850.15,INR,RTGS,Delhi,mobile,DEV0709
TXN002055,2026-08-12 20:42:19,ACC0425,ACC0486,875.66,INR,UPI,Pune,branch,DEV0071
TXN009885,2026-08-12 20:47:00,ACC0381,ACC0251,6514.84,INR,UPI,Chennai,atm,DEV0618
TXN002399,2026-08-12 20:49:25,ACC0365,ACC0469,323.06,INR,NEFT,Pune,mobile,DEV0020
TXN004140,2026-08-12 20:50:23,ACC0047,ACC0488,550.17,INR,NEFT,Kolkata,web,DEV0142
TXN004451,2026-08-12 20:50:31,ACC0351,ACC0474,2156.31,INR,IMPS,Kolkata,atm,DEV0723
TXN005210,2026-08-12 20:51:55,ACC0239,ACC0182,12577.1,INR,NEFT,Mumbai,branch,DEV0649
TXN008543,2026-08-12 20:53:46,ACC0400,ACC0463,545.9,INR,UPI,Mumbai,mobile,DEV0533
TXN008458,2026-08-12 20:54:32,ACC0398,ACC0478,1885.75,INR,UPI,Delhi,branch,DEV0124
TXN006395,2026-08-12 20:56:39,ACC0373,ACC0493,966.82,INR,RTGS,Hyderabad,web,DEV0845
TXN004701,2026-08-12 20:57:43,ACC0278,ACC0483,1067.23,INR,IMPS,Delhi,web,DEV0165
TXN002790,2026-08-13 09:00:33,ACC0078,ACC0498,206.25,INR,IMPS,Pune,mobile,DEV0464
TXN005121,2026-08-13 09:01:50,ACC0191,ACC0466,3993.0,INR,UPI,Hyderabad,mobile,DEV0667
TXN008365,2026-08-13 09:03:13,ACC0059,ACC0499,271.72,INR,NEFT,Kolkata,atm,DEV0134
TXN003492,2026-08-13 09:05:56,ACC0060,ACC0470,2161.4,INR,NEFT,Kolkata,web,DEV0008
TXN008931,2026-08-13 09:13:14,ACC0117,ACC0478,552.56,INR,UPI,Kolkata,atm,DEV0095
TXN002574,2026-08-13 09:14:05,ACC0279,ACC0462,106.55,INR,UPI,Kochi,mobile,DEV0857
TXN007196,2026-08-13 09:19:54,ACC0107,ACC0455,3025.32,INR,UPI,Kochi,mobile,DEV0619
TXN002429,2026-08-13 09:21:05,ACC0130,ACC0358,5274.62,INR,NEFT,Kolkata,web,DEV0245
TXN005588,2026-08-13 09:25:36,ACC0275,ACC0494,1306.48,INR,IMPS,Pune,mobile,DEV0066
TXN008520,2026-08-13 09:25:57,ACC0366,ACC0103,1314.46,INR,RTGS,Kolkata,branch,DEV0857
TXN002456,2026-08-13 09:30:34,ACC0027,ACC0497,5276.72,INR,NEFT,Bengaluru,mobile,DEV0587
TXN007361,2026-08-13 09:33:09,ACC0051,ACC0492,18066.45,INR,NEFT,Mumbai,web,DEV0456
TXN009801,2026-08-13 09:37:44,ACC0307,ACC0468,4245.98,INR,RTGS,Kochi,branch,DEV0766
TXN001116,2026-08-13 09:38:06,ACC0266,ACC0342,3736.82,INR,UPI,Mumbai,mobile,DEV0783
TXN000778,2026-08-13 09:38:15,ACC0421,ACC0478,320.66,INR,UPI,Kolkata,mobile,DEV0372
TXN008315,2026-08-13 09:42:28,ACC0063,ACC0381,353.76,INR,UPI,Kolkata,atm,DEV0419
TXN001179,2026-08-13 09:44:43,ACC0103,ACC0195,817.5,INR,IMPS,Pune,atm,DEV0725
TXN001002,2026-08-13 09:44:45,ACC0332,ACC0481,471.7,INR,UPI,Kochi,atm,DEV0503
TXN004933,2026-08-13 09:45:08,ACC0115,ACC0366,300.46,INR,IMPS,Mumbai,mobile,DEV0680
TXN006456,2026-08-13 09:50:08,ACC0221,ACC0172,810.89,INR,UPI,Delhi,mobile,DEV0869
TXN008985,2026-08-13 09:51:42,ACC0408,ACC0286,6106.78,INR,NEFT,Kochi,branch,DEV0635
TXN007542,2026-08-13 09:52:51,ACC0292,ACC0451,3290.17,INR,UPI,Delhi,mobile,DEV0612
TXN008605,2026-08-13 09:54:19,ACC0377,ACC0041,6108.19,INR,UPI,Delhi,atm,DEV0866
TXN002903,2026-08-13 09:58:47,ACC0105,ACC0451,7148.97,INR,UPI,Kochi,mobile,DEV0040
TXN005666,2026-08-13 10:00:21,ACC0195,ACC0467,4313.29,INR,NEFT,Mumbai,mobile,DEV0302
TXN005693,2026-08-13 10:02:18,ACC0037,ACC0496,122.87,INR,NEFT,Chennai,atm,DEV0212
TXN009168,2026-08-13 10:03:55,ACC0053,ACC0482,865.29,INR,NEFT,Mumbai,mobile,DEV0506
TXN008019,2026-08-13 10:09:32,ACC0001,ACC0468,7283.01,INR,UPI,Bengaluru,web,DEV0161
TXN001411,2026-08-13 10:12:13,ACC0280,ACC0473,656.91,INR,IMPS,Hyderabad,branch,DEV0607
TXN009765,2026-08-13 10:16:38,ACC0413,ACC0416,2518.33,INR,UPI,Delhi,mobile,DEV0495
TXN004076,2026-08-13 10:17:11,ACC0440,ACC0464,8835.44,INR,UPI,Kolkata,mobile,DEV0851
TXN002957,2026-08-13 10:24:32,ACC0325,ACC0472,1142.25,INR,UPI,Kolkata,branch,DEV0125
TXN008503,2026-08-13 10:24:42,ACC0286,ACC0453,827.88,INR,NEFT,Pune,atm,DEV0456
TXN008919,2026-08-13 10:31:16,ACC0100,ACC0457,528.13,INR,NEFT,Kochi,mobile,DEV0853
TXN004511,2026-08-13 10:32:57,ACC0249,ACC0454,826.75,INR,NEFT,Kolkata,mobile,DEV0089
TXN000309,2026-08-13 10:35:16,ACC0354,ACC0479,1545.26,INR,UPI,Hyderabad,atm,DEV0678
TXN008188,2026-08-13 10:37:33,ACC0444,ACC0492,300.08,INR,NEFT,Delhi,mobile,DEV0204
TXN000508,2026-08-13 10:40:44,ACC0339,ACC0495,1223.89,INR,RTGS,Bengaluru,web,DEV0037
TXN007491,2026-08-13 10:40:56,ACC0113,ACC0485,6580.34,INR,NEFT,Hyderabad,atm,DEV0799
TXN001213,2026-08-13 10:41:18,ACC0101,ACC0467,1387.75,INR,RTGS,Bengaluru,web,DEV0116
TXN009489,2026-08-13 10:42:51,ACC0285,ACC0470,4369.44,INR,NEFT,Kochi,web,DEV0582
TXN000180,2026-08-13 10:43:42,ACC0230,ACC0194,3696.83,INR,IMPS,Mumbai,web,DEV0551
TXN004751,2026-08-13 10:43:45,ACC0293,ACC0479,1879.98,INR,UPI,Mumbai,atm,DEV0145
TXN000389,2026-08-13 10:44:10,ACC0288,ACC0025,1451.55,INR,RTGS,Kolkata,branch,DEV0370
TXN008326,2026-08-13 10:47:53,ACC0214,ACC0491,419.35,INR,UPI,Bengaluru,atm,DEV0590
TXN007031,2026-08-13 10:49:46,ACC0429,ACC0492,1858.06,INR,NEFT,Bengaluru,branch,DEV0198
TXN009791,2026-08-13 10:50:49,ACC0350,ACC0485,1992.01,INR,UPI,Delhi,branch,DEV0792
TXN007179,2026-08-13 10:51:44,ACC0164,ACC0465,3489.8,INR,UPI,Mumbai,web,DEV0482
TXN007839,2026-08-13 10:53:21,ACC0104,ACC0481,5545.43,INR,RTGS,Kolkata,mobile,DEV0279
TXN002850,2026-08-13 10:55:13,ACC0308,ACC0497,1903.3,INR,RTGS,Kochi,branch,DEV0373
TXN003472,2026-08-13 10:57:45,ACC0096,ACC0455,2703.49,INR,UPI,Kochi,atm,DEV0612
TXN009344,2026-08-13 10:58:46,ACC0170,ACC0477,981.65,INR,NEFT,Kolkata,mobile,DEV0315
TXN003809,2026-08-13 11:01:28,ACC0380,ACC0237,582.06,INR,RTGS,Bengaluru,branch,DEV0320
TXN008788,2026-08-13 11:04:44,ACC0261,ACC0480,3252.18,INR,NEFT,Chennai,atm,DEV0550
TXN000709,2026-08-13 11:07:08,ACC0168,ACC0211,1866.55,INR,UPI,Pune,web,DEV0134
TXN001175,2026-08-13 11:07:59,ACC0070,ACC0494,8590.12,INR,IMPS,Hyderabad,mobile,DEV0364
TXN006538,2026-08-13 11:08:42,ACC0345,ACC0469,1364.0,INR,NEFT,Mumbai,web,DEV0757
TXN008429,2026-08-13 11:15:40,ACC0406,ACC0495,563.7,INR,NEFT,Mumbai,atm,DEV0263
TXN006077,2026-08-13 11:16:43,ACC0285,ACC0463,2452.46,INR,IMPS,Pune,atm,DEV0481
TXN005529,2026-08-13 11:17:00,ACC0056,ACC0097,1663.3,INR,IMPS,Delhi,atm,DEV0268
TXN007408,2026-08-13 11:21:22,ACC0301,ACC0474,2196.94,INR,IMPS,Bengaluru,branch,DEV0628
TXN001690,2026-08-13 11:24:43,ACC0149,ACC0458,272.78,INR,RTGS,Bengaluru,web,DEV0758
TXN005184,2026-08-13 11:27:04,ACC0355,ACC0471,1286.07,INR,UPI,Kochi,web,DEV0313
TXN001559,2026-08-13 11:27:17,ACC0048,ACC0488,804.77,INR,RTGS,Kolkata,mobile,DEV0461
TXN005652,2026-08-13 11:32:07,ACC0076,ACC0257,503.83,INR,IMPS,Bengaluru,branch,DEV0605
TXN002208,2026-08-13 11:34:58,ACC0046,ACC0477,2840.2,INR,UPI,Delhi,web,DEV0691
TXN002667,2026-08-13 11:36:45,ACC0333,ACC0491,2554.83,INR,IMPS,Kolkata,branch,DEV0077
TXN007417,2026-08-13 11:37:28,ACC0265,ACC0482,3258.65,INR,IMPS,Kochi,mobile,DEV0416
TXN002786,2026-08-13 11:38:51,ACC0008,ACC0494,1384.98,INR,UPI,Pune,atm,DEV0141
TXN002354,2026-08-13 11:41:50,ACC0416,ACC0491,908.55,INR,RTGS,Delhi,mobile,DEV0542
TXN005909,2026-08-13 11:44:12,ACC0186,ACC0170,1994.66,INR,RTGS,Hyderabad,atm,DEV0868
TXN006093,2026-08-13 11:44:17,ACC0311,ACC0471,534.1,INR,RTGS,Pune,web,DEV0102
TXN004154,2026-08-13 11:46:53,ACC0206,ACC0464,260.5,INR,IMPS,Pune,web,DEV0457
TXN005826,2026-08-13 11:53:32,ACC0140,ACC0458,751.29,INR,RTGS,Bengaluru,web,DEV0532
TXN000483,2026-08-13 11:54:18,ACC0005,ACC0483,586.34,INR,UPI,Bengaluru,atm,DEV0720
TXN005193,2026-08-13 11:58:01,ACC0059,ACC0488,3849.01,INR,NEFT,Bengaluru,atm,DEV0129
TXN008172,2026-08-13 12:00:16,ACC0301,ACC0483,6116.17,INR,UPI,Pune,atm,DEV0245
TXN004234,2026-08-13 12:03:28,ACC0129,ACC0221,8109.62,INR,RTGS,Kochi,branch,DEV0079
TXN005105,2026-08-13 12:03:31,ACC0058,ACC0469,2214.75,INR,NEFT,Chennai,branch,DEV0176
TXN008674,2026-08-13 12:04:51,ACC0399,ACC0475,11223.3,INR,RTGS,Mumbai,web,DEV0807
TXN005630,2026-08-13 12:07:44,ACC0227,ACC0458,1825.71,INR,RTGS,Delhi,atm,DEV0524
TXN008212,2026-08-13 12:08:33,ACC0148,ACC0495,602.0,INR,NEFT,Pune,web,DEV0485
TXN002144,2026-08-13 12:08:52,ACC0108,ACC0451,1232.67,INR,NEFT,Mumbai,web,DEV0601
TXN005524,2026-08-13 12:08:56,ACC0189,ACC0453,1668.63,INR,IMPS,Hyderabad,branch,DEV0039
TXN008452,2026-08-13 12:12:02,ACC0176,ACC0203,3653.26,INR,NEFT,Kolkata,branch,DEV0220
TXN003191,2026-08-13 12:13:16,ACC0262,ACC0452,1812.25,INR,RTGS,Bengaluru,atm,DEV0148
TXN003980,2026-08-13 12:15:46,ACC0093,ACC0498,1154.67,INR,RTGS,Delhi,atm,DEV0039
TXN004733,2026-08-13 12:16:12,ACC0271,ACC0488,690.73,INR,UPI,Hyderabad,mobile,DEV0428
TXN006490,2026-08-13 12:18:45,ACC0052,ACC0460,872.01,INR,IMPS,Delhi,branch,DEV0506
TXN002499,2026-08-13 12:19:15,ACC0312,ACC0421,1236.12,INR,NEFT,Chennai,mobile,DEV0138
TXN002318,2026-08-13 12:20:32,ACC0287,ACC0344,1227.82,INR,UPI,Chennai,mobile,DEV0871
TXN009114,2026-08-13 12:20:49,ACC0264,ACC0028,4569.3,INR,RTGS,Pune,atm,DEV0532
TXN008615,2026-08-13 12:21:45,ACC0148,ACC0345,1158.61,INR,NEFT,Pune,web,DEV0492
TXN009048,2026-08-13 12:21:49,ACC0233,ACC0108,4280.63,INR,IMPS,Chennai,mobile,DEV0418
TXN000370,2026-08-13 12:26:35,ACC0188,ACC0494,4604.45,INR,IMPS,Kochi,branch,DEV0315
TXN008261,2026-08-13 12:30:57,ACC0075,ACC0322,2451.84,INR,NEFT,Chennai,mobile,DEV0300
TXN008957,2026-08-13 12:32:26,ACC0403,ACC0274,476.0,INR,NEFT,Kochi,web,DEV0271
TXN008871,2026-08-13 12:38:40,ACC0142,ACC0484,1094.45,INR,IMPS,Pune,branch,DEV0127
TXN001611,2026-08-13 12:43:19,ACC0336,ACC0478,2086.82,INR,NEFT,Pune,branch,DEV0009
TXN003268,2026-08-13 12:44:15,ACC0154,ACC0177,1988.15,INR,IMPS,Delhi,branch,DEV0788
TXN005863,2026-08-13 12:49:10,ACC0030,ACC0430,3623.24,INR,NEFT,Mumbai,atm,DEV0577
TXN001328,2026-08-13 12:52:33,ACC0221,ACC0493,1040.17,INR,RTGS,Hyderabad,branch,DEV0256
TXN008911,2026-08-13 12:56:03,ACC0119,ACC0485,8036.38,INR,IMPS,Delhi,branch,DEV0592
TXN008927,2026-08-13 12:57:01,ACC0374,ACC0456,2825.27,INR,UPI,Pune,web,DEV0042
TXN007573,2026-08-13 13:03:12,ACC0327,ACC0482,35050.94,INR,NEFT,Delhi,atm,DEV0709
TXN001730,2026-08-13 13:06:35,ACC0105,ACC0473,579.78,INR,RTGS,Hyderabad,atm,DEV0460
TXN007041,2026-08-13 13:06:38,ACC0048,ACC0453,293.92,INR,UPI,Hyderabad,atm,DEV0039
TXN001768,2026-08-13 13:15:25,ACC0405,ACC0052,10590.9,INR,NEFT,Kochi,atm,DEV0187
TXN004678,2026-08-13 13:20:38,ACC0022,ACC0461,3444.76,INR,NEFT,Hyderabad,atm,DEV0542
TXN001901,2026-08-13 13:25:07,ACC0249,ACC0471,1257.21,INR,IMPS,Chennai,mobile,DEV0587
TXN007068,2026-08-13 13:29:09,ACC0316,ACC0473,1136.78,INR,RTGS,Kolkata,branch,DEV0322
TXN003902,2026-08-13 13:29:40,ACC0032,ACC0393,5549.81,INR,IMPS,Kolkata,atm,DEV0775
TXN002415,2026-08-13 13:29:58,ACC0001,ACC0500,1450.24,INR,UPI,Pune,atm,DEV0446
TXN000576,2026-08-13 13:31:37,ACC0438,ACC0454,1154.5,INR,UPI,Delhi,branch,DEV0358
TXN001145,2026-08-13 13:31:50,ACC0165,ACC0490,15207.06,INR,UPI,Chennai,web,DEV0092
TXN009826,2026-08-13 13:31:50,ACC0415,ACC0468,558.88,INR,NEFT,Hyderabad,atm,DEV0258
TXN003145,2026-08-13 13:34:22,ACC0046,ACC0493,6884.66,INR,RTGS,Bengaluru,mobile,DEV0168
TXN001515,2026-08-13 13:34:27,ACC0095,ACC0321,2633.69,INR,NEFT,Pune,atm,DEV0320
TXN008094,2026-08-13 13:35:38,ACC0346,ACC0284,3937.12,INR,RTGS,Pune,mobile,DEV0760
TXN004171,2026-08-13 13:37:58,ACC0343,ACC0464,996.31,INR,UPI,Chennai,web,DEV0034
TXN002891,2026-08-13 13:41:09,ACC0415,ACC0478,738.14,INR,NEFT,Pune,mobile,DEV0868
TXN000617,2026-08-13 13:41:48,ACC0107,ACC0500,241.94,INR,IMPS,Delhi,branch,DEV0682
TXN004709,2026-08-13 13:42:43,ACC0163,ACC0488,20194.46,INR,NEFT,Kolkata,branch,DEV0542
TXN007993,2026-08-13 13:44:33,ACC0259,ACC0485,7938.94,INR,RTGS,Kolkata,web,DEV0373
TXN008176,2026-08-13 13:46:04,ACC0127,ACC0473,158.25,INR,UPI,Chennai,atm,DEV0577
TXN000113,2026-08-13 13:47:21,ACC0302,ACC0456,151.61,INR,UPI,Mumbai,web,DEV0795
TXN003608,2026-08-13 13:48:03,ACC0140,ACC0470,289.15,INR,RTGS,Mumbai,atm,DEV0346
TXN002892,2026-08-13 13:49:37,ACC0285,ACC0413,1139.81,INR,UPI,Mumbai,web,DEV0860
TXN005602,2026-08-13 13:51:44,ACC0073,ACC0190,412.71,INR,UPI,Chennai,atm,DEV0408
TXN005691,2026-08-13 13:53:02,ACC0375,ACC0492,3218.79,INR,IMPS,Mumbai,mobile,DEV0559
TXN009776,2026-08-13 13:53:05,ACC0198,ACC0220,694.02,INR,RTGS,Mumbai,mobile,DEV0593
TXN002113,2026-08-13 13:55:27,ACC0435,ACC0482,27860.91,INR,UPI,Kochi,branch,DEV0630
TXN005764,2026-08-13 13:56:43,ACC0051,ACC0475,461.96,INR,IMPS,Pune,branch,DEV0620
TXN006384,2026-08-13 13:57:10,ACC0187,ACC0458,4075.8,INR,UPI,Mumbai,mobile,DEV0538
TXN007495,2026-08-13 13:59:24,ACC0026,ACC0054,201.31,INR,UPI,Kolkata,branch,DEV0217
TXN000790,2026-08-13 14:00:06,ACC0180,ACC0096,1390.3,INR,NEFT,Pune,mobile,DEV0500
TXN008205,2026-08-13 14:01:27,ACC0012,ACC0460,281.81,INR,UPI,Bengaluru,atm,DEV0554
TXN002308,2026-08-13 14:02:16,ACC0166,ACC0481,1094.08,INR,NEFT,Chennai,mobile,DEV0781
TXN004420,2026-08-13 14:03:34,ACC0107,ACC0493,3168.34,INR,RTGS,Pune,web,DEV0559
TXN005722,2026-08-13 14:08:11,ACC0280,ACC0396,554.27,INR,RTGS,Kolkata,atm,DEV0375
TXN009842,2026-08-13 14:09:56,ACC0259,ACC0494,1730.63,INR,RTGS,Kolkata,branch,DEV0661
TXN008018,2026-08-13 14:12:05,ACC0242,ACC0124,1937.89,INR,RTGS,Kolkata,web,DEV0686
TXN009355,2026-08-13 14:14:49,ACC0139,ACC0453,2216.45,INR,UPI,Kolkata,branch,DEV0634
TXN003182,2026-08-13 14:15:21,ACC0311,ACC0471,669.62,INR,NEFT,Kochi,atm,DEV0783
TXN003411,2026-08-13 14:15:59,ACC0197,ACC0152,767.23,INR,RTGS,Kochi,branch,DEV0762
TXN007954,2026-08-13 14:16:23,ACC0214,ACC0295,2074.15,INR,UPI,Chennai,atm,DEV0249
TXN000133,2026-08-13 14:16:47,ACC0448,ACC0491,546.4,INR,UPI,Kolkata,web,DEV0046
TXN009105,2026-08-13 14:16:53,ACC0082,ACC0451,13179.49,INR,NEFT,Pune,mobile,DEV0702
TXN001433,2026-08-13 14:23:01,ACC0259,ACC0496,8689.68,INR,IMPS,Pune,branch,DEV0017
TXN002493,2026-08-13 14:25:48,ACC0322,ACC0488,2550.82,INR,RTGS,Kochi,web,DEV0537
TXN005293,2026-08-13 14:27:00,ACC0261,ACC0412,1920.27,INR,IMPS,Hyderabad,branch,DEV0612
TXN006180,2026-08-13 14:27:32,ACC0185,ACC0451,538.71,INR,UPI,Kolkata,web,DEV0099
TXN006580,2026-08-13 14:30:27,ACC0401,ACC0004,1763.37,INR,RTGS,Kochi,web,DEV0536
TXN005505,2026-08-13 14:33:42,ACC0150,ACC0478,569.54,INR,IMPS,Kochi,mobile,DEV0051
TXN009381,2026-08-13 14:35:01,ACC0380,ACC0461,2275.53,INR,IMPS,Pune,web,DEV0531
TXN005208,2026-08-13 14:35:37,ACC0150,ACC0335,9023.47,INR,IMPS,Bengaluru,atm,DEV0576
TXN007838,2026-08-13 14:36:52,ACC0151,ACC0464,156.76,INR,RTGS,Mumbai,mobile,DEV0708
TXN002335,2026-08-13 14:38:37,ACC0191,ACC0189,993.53,INR,UPI,Hyderabad,web,DEV0719
TXN008640,2026-08-13 14:40:56,ACC0436,ACC0482,1496.93,INR,IMPS,Chennai,web,DEV0271
TXN002917,2026-08-13 14:46:15,ACC0311,ACC0469,670.51,INR,NEFT,Chennai,branch,DEV0494
TXN002329,2026-08-13 14:46:32,ACC0018,ACC0191,3099.66,INR,IMPS,Pune,branch,DEV0252
TXN000716,2026-08-13 14:47:25,ACC0356,ACC0480,4978.01,INR,UPI,Hyderabad,mobile,DEV0727
TXN009587,2026-08-13 14:50:30,ACC0113,ACC0498,1440.56,INR,UPI,Kolkata,atm,DEV0107
TXN008508,2026-08-13 14:52:21,ACC0341,ACC0227,538.67,INR,IMPS,Kochi,branch,DEV0569
TXN009929,2026-08-13 14:52:39,ACC0056,ACC0127,236.77,INR,RTGS,Kolkata,atm,DEV0215
TXN009978,2026-08-13 14:52:52,ACC0098,ACC0478,781.3,INR,NEFT,Delhi,branch,DEV0222
TXN005234,2026-08-13 14:54:51,ACC0100,ACC0457,1643.08,INR,RTGS,Delhi,atm,DEV0685
TXN005795,2026-08-13 14:55:55,ACC0205,ACC0459,664.59,INR,NEFT,Kochi,mobile,DEV0280
TXN007945,2026-08-13 14:57:29,ACC0264,ACC0454,3175.33,INR,IMPS,Hyderabad,branch,DEV0154
TXN005452,2026-08-13 14:57:48,ACC0372,ACC0459,3447.7,INR,UPI,Pune,branch,DEV0366
TXN006530,2026-08-13 14:59:01,ACC0201,ACC0453,1257.34,INR,UPI,Hyderabad,mobile,DEV0483
TXN008629,2026-08-13 15:00:30,ACC0190,ACC0061,18070.15,INR,RTGS,Kolkata,web,DEV0049
TXN002772,2026-08-13 15:06:04,ACC0230,ACC0451,13397.49,INR,UPI,Bengaluru,mobile,DEV0398
TXN005428,2026-08-13 15:08:04,ACC0192,ACC0458,16184.29,INR,RTGS,Hyderabad,atm,DEV0211
TXN000365,2026-08-13 15:08:06,ACC0306,ACC0465,7800.29,INR,NEFT,Kochi,mobile,DEV0899
TXN007593,2026-08-13 15:11:26,ACC0168,ACC0465,1183.4,INR,UPI,Kolkata,atm,DEV0712
TXN009526,2026-08-13 15:12:01,ACC0178,ACC0470,1905.14,INR,UPI,Mumbai,web,DEV0151
TXN005596,2026-08-13 15:14:27,ACC0152,ACC0491,705.69,INR,NEFT,Mumbai,atm,DEV0201
TXN003282,2026-08-13 15:15:49,ACC0366,ACC0051,1228.45,INR,NEFT,Hyderabad,branch,DEV0858
TXN001828,2026-08-13 15:16:55,ACC0411,ACC0452,3614.06,INR,UPI,Mumbai,mobile,DEV0187
TXN007639,2026-08-13 15:23:18,ACC0396,ACC0472,2908.29,INR,NEFT,Chennai,web,DEV0711
TXN001944,2026-08-13 15:25:04,ACC0289,ACC0451,2039.87,INR,NEFT,Kolkata,atm,DEV0625
TXN006332,2026-08-13 15:25:04,ACC0336,ACC0484,1462.63,INR,UPI,Kochi,branch,DEV0628
TXN003116,2026-08-13 15:25:24,ACC0259,ACC0470,3134.57,INR,NEFT,Pune,mobile,DEV0697
TXN007990,2026-08-13 15:27:25,ACC0120,ACC0028,440.59,INR,NEFT,Bengaluru,atm,DEV0737
TXN000315,2026-08-13 15:29:17,ACC0418,ACC0458,12618.68,INR,RTGS,Pune,web,DEV0116
TXN007344,2026-08-13 15:29:57,ACC0061,ACC0488,1168.33,INR,UPI,Hyderabad,atm,DEV0256
TXN005107,2026-08-13 15:31:14,ACC0350,ACC0463,1114.27,INR,RTGS,Chennai,web,DEV0306
TXN007298,2026-08-13 15:32:41,ACC0256,ACC0454,633.19,INR,RTGS,Kolkata,mobile,DEV0496
TXN000824,2026-08-13 15:35:31,ACC0411,ACC0126,1889.57,INR,NEFT,Pune,mobile,DEV0595
TXN006652,2026-08-13 15:37:25,ACC0054,ACC0252,921.79,INR,UPI,Kolkata,mobile,DEV0028
TXN000807,2026-08-13 15:38:17,ACC0261,ACC0500,2281.6,INR,UPI,Kochi,branch,DEV0311
TXN004868,2026-08-13 15:38:40,ACC0406,ACC0476,1477.9,INR,RTGS,Delhi,web,DEV0803
TXN000078,2026-08-13 15:42:50,ACC0243,ACC0416,1621.08,INR,IMPS,Mumbai,atm,DEV0103
TXN000766,2026-08-13 15:43:53,ACC0403,ACC0076,974.59,INR,UPI,Mumbai,branch,DEV0608
TXN000101,2026-08-13 15:46:06,ACC0212,ACC0480,977.95,INR,IMPS,Kolkata,web,DEV0704
TXN008369,2026-08-13 15:48:08,ACC0348,ACC0477,1324.55,INR,IMPS,Kolkata,web,DEV0643
TXN006201,2026-08-13 15:49:58,ACC0177,ACC0492,4394.17,INR,IMPS,Chennai,mobile,DEV0585
TXN001942,2026-08-13 15:51:29,ACC0066,ACC0453,2765.17,INR,RTGS,Hyderabad,mobile,DEV0133
TXN005439,2026-08-13 15:51:29,ACC0440,ACC0500,5162.43,INR,UPI,Pune,mobile,DEV0352
TXN009280,2026-08-13 15:51:34,ACC0057,ACC0458,2445.21,INR,RTGS,Chennai,web,DEV0769
TXN000165,2026-08-13 15:52:22,ACC0063,ACC0485,939.08,INR,UPI,Kolkata,atm,DEV0672
TXN002001,2026-08-13 15:59:19,ACC0372,ACC0453,1838.15,INR,RTGS,Chennai,branch,DEV0630
TXN001619,2026-08-13 15:59:46,ACC0190,ACC0468,2343.07,INR,UPI,Pune,web,DEV0288
TXN009986,2026-08-13 16:02:29,ACC0392,ACC0103,773.54,INR,NEFT,Hyderabad,branch,DEV0665
TXN003561,2026-08-13 16:03:10,ACC0127,ACC0480,350.19,INR,IMPS,Hyderabad,atm,DEV0608
TXN005248,2026-08-13 16:05:24,ACC0360,ACC0455,7174.68,INR,RTGS,Chennai,web,DEV0149
TXN009578,2026-08-13 16:06:17,ACC0079,ACC0476,973.98,INR,RTGS,Hyderabad,branch,DEV0497
TXN003899,2026-08-13 16:08:13,ACC0439,ACC0457,695.85,INR,IMPS,Kochi,mobile,DEV0040
TXN003244,2026-08-13 16:12:38,ACC0245,ACC0467,738.62,INR,UPI,Kolkata,branch,DEV0436
TXN006541,2026-08-13 16:12:57,ACC0417,ACC0491,6387.65,INR,UPI,Mumbai,atm,DEV0394
TXN007435,2026-08-13 16:15:44,ACC0140,ACC0475,1877.14,INR,NEFT,Hyderabad,web,DEV0199
TXN003187,2026-08-13 16:16:43,ACC0083,ACC0490,1857.48,INR,UPI,Bengaluru,branch,DEV0276
TXN001733,2026-08-13 16:17:42,ACC0308,ACC0453,979.74,INR,RTGS,Kolkata,web,DEV0309
TXN000574,2026-08-13 16:20:54,ACC0017,ACC0061,1062.23,INR,UPI,Delhi,branch,DEV0724
TXN006196,2026-08-13 16:22:04,ACC0276,ACC0217,2375.84,INR,RTGS,Pune,atm,DEV0026
TXN004083,2026-08-13 16:23:24,ACC0292,ACC0493,625.14,INR,IMPS,Kolkata,branch,DEV0015
TXN009435,2026-08-13 16:39:10,ACC0260,ACC0488,1594.6,INR,IMPS,Pune,mobile,DEV0083
TXN005154,2026-08-13 16:39:46,ACC0375,ACC0485,746.58,INR,UPI,Delhi,atm,DEV0526
TXN009378,2026-08-13 16:39:56,ACC0405,ACC0134,16663.1,INR,RTGS,Mumbai,branch,DEV0834
TXN002153,2026-08-13 16:40:35,ACC0126,ACC0458,3003.94,INR,RTGS,Kochi,atm,DEV0210
TXN002828,2026-08-13 16:42:14,ACC0233,ACC0487,1261.07,INR,UPI,Pune,mobile,DEV0047
TXN001846,2026-08-13 16:46:23,ACC0076,ACC0455,9334.61,INR,RTGS,Hyderabad,atm,DEV0731
TXN000822,2026-08-13 16:46:50,ACC0336,ACC0460,4596.87,INR,UPI,Mumbai,atm,DEV0745
TXN002258,2026-08-13 16:48:25,ACC0088,ACC0483,20093.64,INR,IMPS,Pune,atm,DEV0696
TXN004362,2026-08-13 16:48:53,ACC0297,ACC0214,1242.64,INR,UPI,Delhi,atm,DEV0667
TXN007961,2026-08-13 16:48:53,ACC0101,ACC0470,3858.43,INR,NEFT,Bengaluru,atm,DEV0510
TXN007966,2026-08-13 16:50:43,ACC0406,ACC0474,4674.63,INR,NEFT,Delhi,mobile,DEV0397
TXN001016,2026-08-13 16:53:15,ACC0295,ACC0497,776.71,INR,IMPS,Kochi,atm,DEV0308
TXN006027,2026-08-13 16:53:19,ACC0241,ACC0087,18669.7,INR,RTGS,Delhi,branch,DEV0745
TXN007474,2026-08-13 16:54:59,ACC0254,ACC0101,1417.88,INR,RTGS,Pune,atm,DEV0589
TXN006087,2026-08-13 16:55:45,ACC0184,ACC0498,506.23,INR,IMPS,Kochi,mobile,DEV0840
TXN001191,2026-08-13 16:55:57,ACC0167,ACC0434,1511.26,INR,RTGS,Pune,mobile,DEV0895
TXN002618,2026-08-13 16:55:57,ACC0264,ACC0351,662.66,INR,RTGS,Kochi,mobile,DEV0742
TXN005865,2026-08-13 16:57:07,ACC0386,ACC0361,2346.43,INR,RTGS,Kochi,mobile,DEV0390
TXN005624,2026-08-13 16:57:13,ACC0247,ACC0477,873.78,INR,NEFT,Delhi,mobile,DEV0114
TXN003894,2026-08-13 16:58:11,ACC0030,ACC0388,430.75,INR,IMPS,Delhi,atm,DEV0085
TXN007563,2026-08-13 17:01:10,ACC0432,ACC0486,557.17,INR,IMPS,Kochi,mobile,DEV0281
TXN004111,2026-08-13 17:02:15,ACC0386,ACC0491,28658.14,INR,UPI,Mumbai,web,DEV0122
TXN000071,2026-08-13 17:02:29,ACC0356,ACC0493,578.36,INR,UPI,Pune,mobile,DEV0674
TXN000259,2026-08-13 17:03:43,ACC0047,ACC0183,198.35,INR,NEFT,Chennai,atm,DEV0876
TXN000142,2026-08-13 17:07:16,ACC0377,ACC0484,9444.59,INR,NEFT,Hyderabad,atm,DEV0205
TXN007279,2026-08-13 17:12:22,ACC0003,ACC0493,936.15,INR,IMPS,Delhi,web,DEV0759
TXN005788,2026-08-13 17:15:23,ACC0056,ACC0493,1728.16,INR,NEFT,Hyderabad,web,DEV0899
TXN007246,2026-08-13 17:16:34,ACC0293,ACC0484,1548.51,INR,NEFT,Delhi,branch,DEV0400
TXN004240,2026-08-13 17:18:18,ACC0360,ACC0161,538.85,INR,NEFT,Bengaluru,web,DEV0796
TXN000346,2026-08-13 17:18:40,ACC0274,ACC0498,204.12,INR,IMPS,Chennai,web,DEV0127
TXN004644,2026-08-13 17:20:13,ACC0314,ACC0193,3880.2,INR,IMPS,Hyderabad,web,DEV0429
TXN001841,2026-08-13 17:22:54,ACC0197,ACC0499,1424.6,INR,RTGS,Chennai,atm,DEV0821
TXN003982,2026-08-13 17:23:02,ACC0067,ACC0493,284.78,INR,IMPS,Kolkata,web,DEV0398
TXN001043,2026-08-13 17:26:22,ACC0082,ACC0377,3696.0,INR,IMPS,Kolkata,branch,DEV0646
TXN002890,2026-08-13 17:28:42,ACC0313,ACC0470,136.7,INR,NEFT,Kolkata,web,DEV0095
TXN001946,2026-08-13 17:32:29,ACC0284,ACC0443,3368.26,INR,NEFT,Kolkata,atm,DEV0013
TXN000347,2026-08-13 17:35:05,ACC0022,ACC0489,378.31,INR,IMPS,Bengaluru,atm,DEV0662
TXN002273,2026-08-13 17:36:24,ACC0431,ACC0471,9907.35,INR,UPI,Bengaluru,atm,DEV0565
TXN002044,2026-08-13 17:38:57,ACC0076,ACC0460,812.28,INR,RTGS,Hyderabad,atm,DEV0048
TXN006042,2026-08-13 17:39:00,ACC0009,ACC0460,539.76,INR,UPI,Kochi,atm,DEV0357
TXN009487,2026-08-13 17:40:18,ACC0095,ACC0467,2060.92,INR,RTGS,Mumbai,atm,DEV0793
TXN005204,2026-08-13 17:41:04,ACC0393,ACC0473,2195.88,INR,UPI,Kolkata,atm,DEV0524
TXN002290,2026-08-13 17:42:47,ACC0396,ACC0307,2785.54,INR,RTGS,Delhi,branch,DEV0747
TXN004647,2026-08-13 17:43:08,ACC0230,ACC0467,9060.04,INR,IMPS,Mumbai,atm,DEV0355
TXN003301,2026-08-13 17:43:56,ACC0103,ACC0183,1653.69,INR,RTGS,Kolkata,atm,DEV0773
TXN001450,2026-08-13 17:45:05,ACC0273,ACC0481,2389.09,INR,NEFT,Kolkata,atm,DEV0476
TXN008034,2026-08-13 17:45:17,ACC0332,ACC0479,3095.87,INR,NEFT,Hyderabad,atm,DEV0672
TXN001553,2026-08-13 17:46:36,ACC0104,ACC0460,2008.17,INR,RTGS,Kochi,mobile,DEV0541
TXN009709,2026-08-13 17:47:31,ACC0071,ACC0496,1919.09,INR,UPI,Chennai,branch,DEV0291
TXN004988,2026-08-13 17:50:08,ACC0171,ACC0438,11735.67,INR,IMPS,Kochi,mobile,DEV0596
TXN008677,2026-08-13 17:52:50,ACC0147,ACC0473,808.93,INR,RTGS,Bengaluru,branch,DEV0538
TXN007853,2026-08-13 17:53:03,ACC0407,ACC0500,1163.24,INR,IMPS,Bengaluru,mobile,DEV0434
TXN007982,2026-08-13 17:54:30,ACC0398,ACC0499,1125.74,INR,IMPS,Bengaluru,mobile,DEV0145
TXN006604,2026-08-13 17:54:49,ACC0088,ACC0491,1171.84,INR,UPI,Hyderabad,branch,DEV0896
TXN001914,2026-08-13 17:59:51,ACC0449,ACC0465,1147.12,INR,UPI,Kolkata,mobile,DEV0062
TXN006480,2026-08-13 18:01:50,ACC0435,ACC0479,715.26,INR,RTGS,Kochi,web,DEV0768
TXN006631,2026-08-13 18:11:21,ACC0312,ACC0492,5381.87,INR,NEFT,Pune,mobile,DEV0484
TXN003739,2026-08-13 18:17:49,ACC0332,ACC0245,4337.77,INR,IMPS,Kolkata,web,DEV0161
TXN004186,2026-08-13 18:18:08,ACC0408,ACC0040,2894.09,INR,NEFT,Kolkata,web,DEV0560
TXN002444,2026-08-13 18:22:41,ACC0117,ACC0451,567.89,INR,RTGS,Kolkata,web,DEV0614
TXN005990,2026-08-13 18:24:14,ACC0078,ACC0399,332.72,INR,UPI,Kolkata,atm,DEV0002
TXN007209,2026-08-13 18:24:22,ACC0212,ACC0474,3057.19,INR,IMPS,Delhi,web,DEV0461
TXN007709,2026-08-13 18:25:12,ACC0290,ACC0481,514.32,INR,IMPS,Hyderabad,atm,DEV0470
TXN005921,2026-08-13 18:27:23,ACC0152,ACC0497,349.04,INR,RTGS,Delhi,atm,DEV0145
TXN006345,2026-08-13 18:33:14,ACC0171,ACC0340,2665.07,INR,UPI,Delhi,mobile,DEV0624
TXN000363,2026-08-13 18:36:40,ACC0133,ACC0265,2504.81,INR,UPI,Bengaluru,atm,DEV0622
TXN005730,2026-08-13 18:37:53,ACC0256,ACC0456,3878.75,INR,NEFT,Bengaluru,atm,DEV0219
TXN006227,2026-08-13 18:38:08,ACC0428,ACC0459,7485.94,INR,RTGS,Chennai,web,DEV0189
TXN008684,2026-08-13 18:38:37,ACC0007,ACC0099,544.71,INR,NEFT,Chennai,web,DEV0623
TXN006251,2026-08-13 18:39:51,ACC0183,ACC0483,2668.91,INR,UPI,Chennai,mobile,DEV0292
TXN004283,2026-08-13 18:43:42,ACC0430,ACC0474,10262.97,INR,RTGS,Chennai,web,DEV0510
TXN003124,2026-08-13 18:47:12,ACC0127,ACC0458,767.87,INR,UPI,Delhi,web,DEV0506
TXN006483,2026-08-13 18:48:33,ACC0369,ACC0452,269.49,INR,UPI,Delhi,branch,DEV0273
TXN003118,2026-08-13 18:48:54,ACC0245,ACC0194,3569.34,INR,NEFT,Kochi,web,DEV0648
TXN003727,2026-08-13 18:51:01,ACC0373,ACC0466,2111.59,INR,IMPS,Hyderabad,branch,DEV0062
TXN004114,2026-08-13 18:51:42,ACC0377,ACC0306,806.53,INR,RTGS,Pune,branch,DEV0717
TXN008448,2026-08-13 18:52:28,ACC0380,ACC0356,2701.87,INR,RTGS,Pune,branch,DEV0279
TXN001042,2026-08-13 18:54:07,ACC0193,ACC0068,618.36,INR,UPI,Hyderabad,web,DEV0886
TXN004476,2026-08-13 18:54:49,ACC0447,ACC0452,6260.78,INR,IMPS,Bengaluru,web,DEV0886
TXN001265,2026-08-13 18:56:30,ACC0367,ACC0465,2291.56,INR,UPI,Kochi,mobile,DEV0399
TXN006854,2026-08-13 18:57:05,ACC0042,ACC0498,485.28,INR,IMPS,Chennai,branch,DEV0149
TXN009841,2026-08-13 18:57:15,ACC0416,ACC0144,2921.32,INR,NEFT,Mumbai,web,DEV0398
TXN000909,2026-08-13 19:00:29,ACC0387,ACC0065,1511.14,INR,UPI,Hyderabad,mobile,DEV0342
TXN000172,2026-08-13 19:06:11,ACC0219,ACC0456,9316.29,INR,NEFT,Chennai,branch,DEV0393
TXN002041,2026-08-13 19:06:11,ACC0041,ACC0488,227.11,INR,UPI,Kolkata,mobile,DEV0561
TXN006624,2026-08-13 19:06:29,ACC0259,ACC0499,5473.54,INR,UPI,Mumbai,web,DEV0527
TXN005979,2026-08-13 19:07:07,ACC0146,ACC0452,1223.81,INR,IMPS,Delhi,mobile,DEV0026
TXN009844,2026-08-13 19:09:50,ACC0294,ACC0476,1029.23,INR,IMPS,Hyderabad,branch,DEV0594
TXN001534,2026-08-13 19:10:52,ACC0445,ACC0276,352.54,INR,UPI,Chennai,mobile,DEV0622
TXN008540,2026-08-13 19:16:55,ACC0345,ACC0372,1236.2,INR,UPI,Kochi,web,DEV0813
TXN004515,2026-08-13 19:19:04,ACC0223,ACC0056,957.52,INR,NEFT,Kochi,atm,DEV0531
TXN004945,2026-08-13 19:19:36,ACC0210,ACC0494,779.74,INR,NEFT,Bengaluru,web,DEV0233
TXN000723,2026-08-13 19:20:00,ACC0183,ACC0451,1111.68,INR,UPI,Hyderabad,branch,DEV0045
TXN000497,2026-08-13 19:20:33,ACC0148,ACC0230,2344.58,INR,IMPS,Pune,branch,DEV0344
TXN001929,2026-08-13 19:24:41,ACC0242,ACC0451,939.07,INR,UPI,Kolkata,mobile,DEV0106
TXN005383,2026-08-13 19:27:31,ACC0236,ACC0468,44.92,INR,IMPS,Mumbai,web,DEV0310
TXN007476,2026-08-13 19:28:44,ACC0180,ACC0455,4847.95,INR,IMPS,Delhi,web,DEV0889
TXN008987,2026-08-13 19:30:14,ACC0400,ACC0025,18280.37,INR,IMPS,Delhi,mobile,DEV0214
TXN000174,2026-08-13 19:32:59,ACC0061,ACC0461,1092.09,INR,IMPS,Kolkata,web,DEV0225
TXN008661,2026-08-13 19:33:51,ACC0214,ACC0067,224.95,INR,NEFT,Hyderabad,web,DEV0742
TXN009847,2026-08-13 19:35:06,ACC0328,ACC0451,1706.35,INR,UPI,Kochi,mobile,DEV0453
TXN001128,2026-08-13 19:36:56,ACC0096,ACC0298,5646.52,INR,IMPS,Kolkata,branch,DEV0442
TXN002687,2026-08-13 19:38:15,ACC0306,ACC0204,3604.58,INR,NEFT,Bengaluru,atm,DEV0061
TXN004475,2026-08-13 19:38:43,ACC0184,ACC0486,2065.54,INR,NEFT,Chennai,atm,DEV0351
TXN006907,2026-08-13 19:42:21,ACC0441,ACC0495,1192.68,INR,NEFT,Chennai,atm,DEV0437
TXN002381,2026-08-13 19:44:08,ACC0137,ACC0423,1622.33,INR,IMPS,Bengaluru,atm,DEV0714
TXN005527,2026-08-13 19:45:02,ACC0276,ACC0463,17098.6,INR,RTGS,Chennai,atm,DEV0754
TXN008481,2026-08-13 19:47:10,ACC0016,ACC0494,596.81,INR,RTGS,Delhi,branch,DEV0604
TXN005350,2026-08-13 19:50:49,ACC0284,ACC0456,1777.1,INR,UPI,Kolkata,mobile,DEV0715
TXN007708,2026-08-13 19:52:15,ACC0070,ACC0470,9484.84,INR,NEFT,Delhi,atm,DEV0422
TXN003915,2026-08-13 19:57:24,ACC0425,ACC0456,5088.61,INR,UPI,Mumbai,branch,DEV0693
TXN005236,2026-08-13 19:57:30,ACC0175,ACC0456,8076.55,INR,UPI,Bengaluru,mobile,DEV0278
TXN000725,2026-08-13 19:59:49,ACC0167,ACC0357,2827.91,INR,IMPS,Kochi,mobile,DEV0344
TXN004172,2026-08-13 20:02:19,ACC0276,ACC0482,495.57,INR,RTGS,Kolkata,mobile,DEV0617
TXN007913,2026-08-13 20:05:20,ACC0350,ACC0132,2059.47,INR,NEFT,Mumbai,mobile,DEV0362
TXN000973,2026-08-13 20:08:49,ACC0339,ACC0495,9153.07,INR,NEFT,Chennai,branch,DEV0275
TXN000371,2026-08-13 20:08:54,ACC0296,ACC0496,3566.69,INR,NEFT,Kochi,web,DEV0103
TXN008778,2026-08-13 20:11:05,ACC0373,ACC0453,1185.52,INR,IMPS,Kochi,atm,DEV0817
TXN001377,2026-08-13 20:14:51,ACC0162,ACC0063,241.78,INR,RTGS,Mumbai,mobile,DEV0622
TXN009975,2026-08-13 20:15:06,ACC0221,ACC0491,1562.1,INR,IMPS,Hyderabad,web,DEV0570
TXN001689,2026-08-13 20:16:15,ACC0090,ACC0482,621.81,INR,NEFT,Chennai,branch,DEV0878
TXN008003,2026-08-13 20:22:15,ACC0287,ACC0389,3083.35,INR,NEFT,Delhi,mobile,DEV0530
TXN007743,2026-08-13 20:25:41,ACC0106,ACC0154,1157.78,INR,RTGS,Kolkata,web,DEV0736
TXN005526,2026-08-13 20:26:58,ACC0003,ACC0487,2680.6,INR,RTGS,Bengaluru,web,DEV0506
TXN002169,2026-08-13 20:28:00,ACC0368,ACC0250,1172.88,INR,NEFT,Delhi,atm,DEV0206
TXN003805,2026-08-13 20:35:05,ACC0296,ACC0228,4711.1,INR,UPI,Kolkata,mobile,DEV0598
TXN008602,2026-08-13 20:35:31,ACC0317,ACC0489,8365.33,INR,UPI,Delhi,web,DEV0199
TXN008701,2026-08-13 20:38:55,ACC0005,ACC0323,28275.07,INR,NEFT,Hyderabad,branch,DEV0617
TXN002523,2026-08-13 20:39:18,ACC0312,ACC0465,1264.5,INR,UPI,Pune,mobile,DEV0230
TXN006377,2026-08-13 20:39:33,ACC0148,ACC0455,4300.25,INR,IMPS,Pune,mobile,DEV0199
TXN000751,2026-08-13 20:39:50,ACC0228,ACC0482,411.21,INR,RTGS,Mumbai,atm,DEV0301
TXN004642,2026-08-13 20:47:01,ACC0117,ACC0496,267.06,INR,NEFT,Delhi,branch,DEV0532
TXN002043,2026-08-13 20:48:54,ACC0424,ACC0476,436.83,INR,NEFT,Bengaluru,atm,DEV0799
TXN006454,2026-08-13 20:51:01,ACC0440,ACC0022,590.22,INR,UPI,Bengaluru,web,DEV0167
TXN002931,2026-08-13 20:51:36,ACC0163,ACC0186,3308.18,INR,IMPS,Mumbai,web,DEV0378
TXN008247,2026-08-13 20:52:02,ACC0159,ACC0461,959.5,INR,IMPS,Kolkata,mobile,DEV0845
TXN000256,2026-08-13 20:53:47,ACC0134,ACC0411,898.62,INR,NEFT,Mumbai,web,DEV0140
TXN005400,2026-08-14 09:01:30,ACC0191,ACC0463,1062.54,INR,NEFT,Bengaluru,branch,DEV0242
TXN005615,2026-08-14 09:01:55,ACC0193,ACC0499,3131.26,INR,RTGS,Chennai,web,DEV0617
TXN006053,2026-08-14 09:03:40,ACC0093,ACC0378,1215.31,INR,UPI,Chennai,branch,DEV0112
TXN008499,2026-08-14 09:06:46,ACC0078,ACC0487,1821.28,INR,NEFT,Pune,mobile,DEV0581
TXN005579,2026-08-14 09:13:54,ACC0232,ACC0157,235.65,INR,NEFT,Hyderabad,web,DEV0551
TXN005183,2026-08-14 09:19:46,ACC0307,ACC0481,948.61,INR,IMPS,Mumbai,branch,DEV0150
TXN002380,2026-08-14 09:22:15,ACC0178,ACC0468,7373.03,INR,UPI,Pune,atm,DEV0877
TXN005197,2026-08-14 09:23:35,ACC0205,ACC0499,1738.04,INR,NEFT,Hyderabad,web,DEV0594
TXN002515,2026-08-14 09:24:05,ACC0391,ACC0487,316.08,INR,UPI,Mumbai,mobile,DEV0835
TXN000642,2026-08-14 09:25:48,ACC0206,ACC0085,347.85,INR,IMPS,Pune,atm,DEV0698
TXN004670,2026-08-14 09:30:15,ACC0091,ACC0497,70.09,INR,IMPS,Bengaluru,web,DEV0437
TXN009987,2026-08-14 09:30:30,ACC0176,ACC0481,356.06,INR,NEFT,Delhi,web,DEV0214
TXN001335,2026-08-14 09:30:50,ACC0073,ACC0462,2780.07,INR,RTGS,Kolkata,branch,DEV0660
TXN002778,2026-08-14 09:33:07,ACC0026,ACC0406,1277.81,INR,UPI,Chennai,branch,DEV0262
TXN002007,2026-08-14 09:37:47,ACC0307,ACC0260,2278.31,INR,IMPS,Chennai,branch,DEV0612
TXN000862,2026-08-14 09:40:49,ACC0105,ACC0452,1960.74,INR,UPI,Pune,mobile,DEV0761
TXN006317,2026-08-14 09:44:19,ACC0434,ACC0465,2744.64,INR,RTGS,Chennai,atm,DEV0444
TXN004267,2026-08-14 09:44:40,ACC0398,ACC0476,1072.52,INR,NEFT,Kolkata,mobile,DEV0734
TXN004146,2026-08-14 09:47:19,ACC0013,ACC0065,1996.44,INR,RTGS,Kochi,web,DEV0360
TXN002787,2026-08-14 09:49:12,ACC0394,ACC0205,767.86,INR,IMPS,Pune,atm,DEV0495
TXN004961,2026-08-14 09:54:18,ACC0127,ACC0326,1164.5,INR,RTGS,Kolkata,web,DEV0083
TXN001246,2026-08-14 09:55:20,ACC0135,ACC0499,969.02,INR,NEFT,Delhi,atm,DEV0630
TXN000661,2026-08-14 09:55:33,ACC0012,ACC0462,1028.72,INR,UPI,Mumbai,web,DEV0293
TXN000737,2026-08-14 09:58:07,ACC0329,ACC0037,991.94,INR,NEFT,Pune,branch,DEV0790
TXN001903,2026-08-14 10:00:41,ACC0445,ACC0403,14096.25,INR,IMPS,Mumbai,atm,DEV0307
TXN004537,2026-08-14 10:01:34,ACC0184,ACC0471,7071.14,INR,NEFT,Delhi,web,DEV0157
TXN000373,2026-08-14 10:04:16,ACC0075,ACC0489,924.52,INR,UPI,Pune,atm,DEV0629
TXN007458,2026-08-14 10:04:22,ACC0190,ACC0498,446.96,INR,IMPS,Kochi,web,DEV0319
TXN001096,2026-08-14 10:07:30,ACC0179,ACC0048,1458.63,INR,RTGS,Delhi,mobile,DEV0319
TXN006789,2026-08-14 10:08:17,ACC0364,ACC0481,825.59,INR,NEFT,Chennai,atm,DEV0159
TXN005188,2026-08-14 10:10:17,ACC0387,ACC0075,7440.51,INR,RTGS,Kochi,branch,DEV0675
TXN002187,2026-08-14 10:15:00,ACC0448,ACC0470,4797.28,INR,NEFT,Chennai,atm,DEV0129
TXN009780,2026-08-14 10:17:07,ACC0078,ACC0474,1854.44,INR,IMPS,Mumbai,mobile,DEV0091
TXN000108,2026-08-14 10:18:43,ACC0387,ACC0473,3152.96,INR,IMPS,Chennai,web,DEV0405
TXN004222,2026-08-14 10:18:45,ACC0001,ACC0457,4643.97,INR,NEFT,Kochi,web,DEV0866
TXN005585,2026-08-14 10:19:51,ACC0276,ACC0095,1722.5,INR,IMPS,Kochi,mobile,DEV0576
TXN008218,2026-08-14 10:20:36,ACC0079,ACC0462,1829.23,INR,UPI,Chennai,branch,DEV0658
TXN003094,2026-08-14 10:21:57,ACC0093,ACC0209,3729.22,INR,NEFT,Hyderabad,web,DEV0474
TXN008999,2026-08-14 10:24:41,ACC0156,ACC0500,955.45,INR,IMPS,Bengaluru,web,DEV0572
TXN003345,2026-08-14 10:25:17,ACC0082,ACC0468,2379.44,INR,NEFT,Pune,branch,DEV0255
TXN004579,2026-08-14 10:26:47,ACC0158,ACC0182,354.86,INR,NEFT,Delhi,atm,DEV0580
TXN004000,2026-08-14 10:31:47,ACC0241,ACC0084,1183.83,INR,IMPS,Kolkata,atm,DEV0725
TXN008918,2026-08-14 10:32:19,ACC0208,ACC0222,8688.27,INR,RTGS,Chennai,atm,DEV0685
TXN005111,2026-08-14 10:37:05,ACC0245,ACC0464,1218.2,INR,NEFT,Delhi,mobile,DEV0719
TXN003148,2026-08-14 10:37:55,ACC0356,ACC0479,1078.39,INR,RTGS,Chennai,mobile,DEV0496
TXN002546,2026-08-14 10:38:08,ACC0186,ACC0372,907.73,INR,RTGS,Hyderabad,mobile,DEV0493
TXN001280,2026-08-14 10:38:18,ACC0198,ACC0447,932.41,INR,RTGS,Chennai,atm,DEV0070
TXN005049,2026-08-14 10:38:18,ACC0032,ACC0494,331.17,INR,IMPS,Mumbai,mobile,DEV0661
TXN002620,2026-08-14 10:42:03,ACC0359,ACC0469,1154.02,INR,UPI,Chennai,mobile,DEV0693
TXN006182,2026-08-14 10:42:28,ACC0055,ACC0468,561.2,INR,NEFT,Chennai,atm,DEV0404
TXN006607,2026-08-14 10:42:39,ACC0047,ACC0457,3623.51,INR,IMPS,Hyderabad,web,DEV0356
TXN005125,2026-08-14 10:44:26,ACC0155,ACC0475,876.63,INR,IMPS,Pune,atm,DEV0420
TXN001020,2026-08-14 10:46:15,ACC0042,ACC0464,376.97,INR,IMPS,Chennai,atm,DEV0164
TXN002284,2026-08-14 10:51:53,ACC0411,ACC0100,652.82,INR,IMPS,Hyderabad,mobile,DEV0773
TXN008480,2026-08-14 10:51:55,ACC0017,ACC0082,718.33,INR,UPI,Delhi,atm,DEV0843
TXN004506,2026-08-14 10:52:06,ACC0347,ACC0177,452.12,INR,RTGS,Bengaluru,branch,DEV0315
TXN006155,2026-08-14 10:52:25,ACC0348,ACC0493,2487.82,INR,IMPS,Bengaluru,branch,DEV0354
TXN008757,2026-08-14 10:58:04,ACC0246,ACC0407,1007.05,INR,NEFT,Bengaluru,branch,DEV0027
TXN002135,2026-08-14 10:59:14,ACC0205,ACC0479,1152.05,INR,IMPS,Chennai,web,DEV0367
TXN006516,2026-08-14 11:00:27,ACC0395,ACC0235,4630.0,INR,UPI,Delhi,mobile,DEV0724
TXN009165,2026-08-14 11:04:13,ACC0097,ACC0114,1593.18,INR,NEFT,Mumbai,mobile,DEV0503
TXN008486,2026-08-14 11:05:09,ACC0207,ACC0473,1239.07,INR,UPI,Pune,branch,DEV0019
TXN007497,2026-08-14 11:06:38,ACC0331,ACC0497,440.25,INR,IMPS,Hyderabad,web,DEV0521
TXN008154,2026-08-14 11:06:54,ACC0298,ACC0480,6746.89,INR,NEFT,Kolkata,mobile,DEV0328
TXN002162,2026-08-14 11:10:17,ACC0226,ACC0488,6660.65,INR,IMPS,Mumbai,mobile,DEV0315
TXN004763,2026-08-14 11:11:01,ACC0366,ACC0496,542.48,INR,RTGS,Kochi,mobile,DEV0266
TXN005882,2026-08-14 11:14:30,ACC0112,ACC0460,988.02,INR,IMPS,Bengaluru,web,DEV0190
TXN009675,2026-08-14 11:15:31,ACC0374,ACC0489,2218.56,INR,NEFT,Chennai,branch,DEV0194
TXN008856,2026-08-14 11:15:51,ACC0301,ACC0383,1948.18,INR,NEFT,Pune,mobile,DEV0351
TXN000831,2026-08-14 11:17:05,ACC0257,ACC0465,10281.72,INR,NEFT,Bengaluru,atm,DEV0634
TXN008197,2026-08-14 11:31:58,ACC0383,ACC0169,1876.9,INR,NEFT,Bengaluru,branch,DEV0150
TXN001172,2026-08-14 11:35:35,ACC0213,ACC0490,3674.15,INR,IMPS,Bengaluru,mobile,DEV0680
TXN003997,2026-08-14 11:37:17,ACC0060,ACC0482,328.58,INR,RTGS,Hyderabad,mobile,DEV0787
TXN006409,2026-08-14 11:38:56,ACC0064,ACC0458,7055.47,INR,UPI,Kochi,branch,DEV0316
TXN007629,2026-08-14 11:42:06,ACC0410,ACC0498,932.88,INR,IMPS,Kolkata,branch,DEV0777
TXN009328,2026-08-14 11:42:21,ACC0185,ACC0377,5492.96,INR,IMPS,Kolkata,atm,DEV0825
TXN002252,2026-08-14 11:43:37,ACC0329,ACC0452,176.87,INR,RTGS,Delhi,atm,DEV0802
TXN002978,2026-08-14 11:49:04,ACC0194,ACC0496,823.28,INR,IMPS,Hyderabad,branch,DEV0285
TXN001959,2026-08-14 11:49:14,ACC0014,ACC0485,1126.39,INR,UPI,Kochi,atm,DEV0330
TXN009991,2026-08-14 11:54:05,ACC0257,ACC0490,6260.4,INR,RTGS,Pune,web,DEV0698
TXN007623,2026-08-14 11:56:05,ACC0389,ACC0452,2004.77,INR,IMPS,Chennai,branch,DEV0585
TXN006476,2026-08-14 11:56:15,ACC0125,ACC0456,3523.99,INR,NEFT,Kochi,branch,DEV0316
TXN000155,2026-08-14 11:56:16,ACC0275,ACC0457,10077.64,INR,IMPS,Chennai,atm,DEV0053
TXN009881,2026-08-14 12:02:19,ACC0370,ACC0013,5435.69,INR,NEFT,Hyderabad,branch,DEV0350
TXN006745,2026-08-14 12:09:35,ACC0198,ACC0005,3379.8,INR,UPI,Kolkata,branch,DEV0730
TXN004275,2026-08-14 12:13:27,ACC0041,ACC0489,7475.24,INR,UPI,Chennai,branch,DEV0686
TXN001258,2026-08-14 12:14:14,ACC0320,ACC0146,2751.67,INR,IMPS,Kolkata,web,DEV0156
TXN003281,2026-08-14 12:16:54,ACC0293,ACC0456,2365.98,INR,UPI,Bengaluru,mobile,DEV0063
TXN002085,2026-08-14 12:17:11,ACC0136,ACC0478,9075.13,INR,IMPS,Bengaluru,atm,DEV0769
TXN003847,2026-08-14 12:19:33,ACC0149,ACC0463,1399.67,INR,NEFT,Pune,mobile,DEV0578
TXN005926,2026-08-14 12:21:38,ACC0278,ACC0500,1042.8,INR,UPI,Kochi,branch,DEV0388
TXN001656,2026-08-14 12:22:20,ACC0440,ACC0452,3324.27,INR,UPI,Pune,branch,DEV0579
TXN000522,2026-08-14 12:24:57,ACC0117,ACC0498,603.99,INR,RTGS,Chennai,atm,DEV0149
TXN009276,2026-08-14 12:37:53,ACC0246,ACC0307,1439.41,INR,RTGS,Delhi,web,DEV0402
TXN000603,2026-08-14 12:38:13,ACC0383,ACC0459,2906.91,INR,RTGS,Delhi,mobile,DEV0298
TXN000796,2026-08-14 12:39:09,ACC0145,ACC0499,2785.06,INR,IMPS,Mumbai,branch,DEV0718
TXN006129,2026-08-14 12:44:45,ACC0448,ACC0065,930.79,INR,NEFT,Chennai,web,DEV0882
TXN000367,2026-08-14 12:51:30,ACC0448,ACC0484,3956.34,INR,UPI,Pune,web,DEV0261
TXN005597,2026-08-14 12:56:05,ACC0426,ACC0488,2976.75,INR,IMPS,Pune,web,DEV0404
TXN002407,2026-08-14 12:57:46,ACC0176,ACC0493,1430.14,INR,IMPS,Mumbai,web,DEV0519
TXN008529,2026-08-14 13:00:44,ACC0169,ACC0458,1050.3,INR,UPI,Hyderabad,atm,DEV0402
TXN005440,2026-08-14 13:01:22,ACC0368,ACC0365,310.8,INR,NEFT,Hyderabad,mobile,DEV0848
TXN002495,2026-08-14 13:01:29,ACC0099,ACC0473,1824.45,INR,UPI,Bengaluru,mobile,DEV0788
TXN009087,2026-08-14 13:02:25,ACC0246,ACC0353,2286.84,INR,IMPS,Kolkata,mobile,DEV0001
TXN000093,2026-08-14 13:02:44,ACC0051,ACC0316,1054.75,INR,NEFT,Kolkata,mobile,DEV0703
TXN001892,2026-08-14 13:03:56,ACC0367,ACC0469,1812.79,INR,IMPS,Bengaluru,web,DEV0794
TXN008106,2026-08-14 13:08:25,ACC0052,ACC0410,1010.91,INR,RTGS,Hyderabad,branch,DEV0614
TXN008004,2026-08-14 13:08:39,ACC0056,ACC0486,15368.27,INR,NEFT,Delhi,mobile,DEV0845
TXN007699,2026-08-14 13:09:16,ACC0147,ACC0462,12977.79,INR,IMPS,Delhi,branch,DEV0632
TXN005538,2026-08-14 13:09:36,ACC0159,ACC0494,6488.0,INR,IMPS,Kolkata,branch,DEV0041
TXN002569,2026-08-14 13:09:37,ACC0374,ACC0482,1106.56,INR,UPI,Pune,atm,DEV0102
TXN000929,2026-08-14 13:12:21,ACC0335,ACC0472,434.81,INR,UPI,Bengaluru,atm,DEV0075
TXN007893,2026-08-14 13:13:03,ACC0211,ACC0491,301.94,INR,RTGS,Pune,atm,DEV0468
TXN004759,2026-08-14 13:13:17,ACC0145,ACC0479,1461.91,INR,UPI,Pune,branch,DEV0187
TXN001088,2026-08-14 13:14:59,ACC0107,ACC0461,1415.57,INR,RTGS,Mumbai,mobile,DEV0180
TXN008279,2026-08-14 13:15:27,ACC0113,ACC0472,2324.73,INR,UPI,Kochi,branch,DEV0289
TXN006428,2026-08-14 13:16:06,ACC0197,ACC0472,932.23,INR,UPI,Mumbai,branch,DEV0632
TXN004248,2026-08-14 13:17:42,ACC0163,ACC0473,2349.37,INR,IMPS,Kochi,web,DEV0536
TXN003875,2026-08-14 13:19:43,ACC0211,ACC0462,3475.62,INR,UPI,Hyderabad,web,DEV0848
TXN005414,2026-08-14 13:20:58,ACC0324,ACC0492,140.95,INR,NEFT,Kochi,atm,DEV0128
TXN008164,2026-08-14 13:22:14,ACC0121,ACC0456,1477.99,INR,IMPS,Mumbai,mobile,DEV0091
TXN004691,2026-08-14 13:24:34,ACC0393,ACC0471,1213.89,INR,IMPS,Pune,mobile,DEV0285
TXN001605,2026-08-14 13:25:12,ACC0048,ACC0454,25595.55,INR,RTGS,Kochi,atm,DEV0365
TXN006389,2026-08-14 13:27:11,ACC0328,ACC0111,2565.58,INR,UPI,Kolkata,branch,DEV0736
TXN002694,2026-08-14 13:33:27,ACC0187,ACC0477,789.87,INR,RTGS,Mumbai,web,DEV0040
TXN000064,2026-08-14 13:36:39,ACC0227,ACC0488,2257.69,INR,UPI,Delhi,web,DEV0178
TXN003817,2026-08-14 13:37:11,ACC0042,ACC0482,2779.37,INR,RTGS,Mumbai,web,DEV0899
TXN001825,2026-08-14 13:38:47,ACC0045,ACC0491,2883.61,INR,IMPS,Delhi,mobile,DEV0410
TXN001682,2026-08-14 13:42:56,ACC0192,ACC0497,2262.73,INR,UPI,Kochi,atm,DEV0329
TXN009575,2026-08-14 13:45:10,ACC0378,ACC0460,1172.51,INR,NEFT,Pune,atm,DEV0306
TXN000404,2026-08-14 13:50:51,ACC0008,ACC0472,1628.12,INR,UPI,Kolkata,mobile,DEV0864
TXN001843,2026-08-14 13:52:09,ACC0029,ACC0430,4590.12,INR,IMPS,Chennai,branch,DEV0801
TXN006418,2026-08-14 13:53:02,ACC0333,ACC0455,6614.81,INR,NEFT,Mumbai,mobile,DEV0541
TXN001528,2026-08-14 13:54:10,ACC0140,ACC0496,2578.18,INR,NEFT,Mumbai,web,DEV0055
TXN005136,2026-08-14 13:54:38,ACC0367,ACC0465,7344.38,INR,RTGS,Delhi,atm,DEV0380
TXN006558,2026-08-14 13:59:08,ACC0225,ACC0479,492.86,INR,IMPS,Chennai,atm,DEV0577
TXN009008,2026-08-14 14:02:02,ACC0329,ACC0452,2566.0,INR,NEFT,Pune,atm,DEV0709
TXN006114,2026-08-14 14:02:52,ACC0097,ACC0493,2085.01,INR,UPI,Hyderabad,web,DEV0652
TXN002151,2026-08-14 14:03:22,ACC0220,ACC0365,516.56,INR,RTGS,Mumbai,web,DEV0028
TXN005835,2026-08-14 14:04:29,ACC0036,ACC0485,1062.15,INR,NEFT,Kochi,web,DEV0817
TXN002991,2026-08-14 14:04:55,ACC0157,ACC0453,779.58,INR,IMPS,Kolkata,atm,DEV0585
TXN009803,2026-08-14 14:06:06,ACC0212,ACC0337,3141.41,INR,UPI,Mumbai,mobile,DEV0177
TXN004191,2026-08-14 14:15:03,ACC0012,ACC0474,650.26,INR,IMPS,Kochi,mobile,DEV0634
TXN003555,2026-08-14 14:19:33,ACC0131,ACC0140,476.03,INR,RTGS,Hyderabad,branch,DEV0258
TXN000300,2026-08-14 14:23:16,ACC0182,ACC0470,2210.85,INR,UPI,Kochi,mobile,DEV0888
TXN005324,2026-08-14 14:24:14,ACC0119,ACC0473,7174.12,INR,IMPS,Bengaluru,branch,DEV0560
TXN008150,2026-08-14 14:25:52,ACC0322,ACC0474,846.78,INR,IMPS,Pune,mobile,DEV0559
TXN002909,2026-08-14 14:25:54,ACC0045,ACC0478,235.38,INR,IMPS,Kolkata,mobile,DEV0429
TXN002612,2026-08-14 14:30:29,ACC0357,ACC0468,901.28,INR,RTGS,Mumbai,web,DEV0630
TXN008669,2026-08-14 14:31:00,ACC0352,ACC0328,21852.11,INR,IMPS,Kolkata,branch,DEV0158
TXN005431,2026-08-14 14:34:20,ACC0035,ACC0486,485.45,INR,RTGS,Pune,mobile,DEV0457
TXN003228,2026-08-14 14:37:32,ACC0038,ACC0461,274.65,INR,UPI,Delhi,branch,DEV0032
TXN007967,2026-08-14 14:41:55,ACC0086,ACC0459,1600.33,INR,IMPS,Hyderabad,branch,DEV0697
TXN003267,2026-08-14 14:44:03,ACC0441,ACC0467,501.95,INR,RTGS,Chennai,web,DEV0641
TXN002646,2026-08-14 14:45:53,ACC0206,ACC0473,731.38,INR,UPI,Delhi,web,DEV0347
TXN002500,2026-08-14 14:48:50,ACC0179,ACC0473,155.62,INR,RTGS,Kochi,web,DEV0019
TXN004532,2026-08-14 14:49:29,ACC0097,ACC0477,2249.84,INR,RTGS,Kolkata,web,DEV0657
TXN001732,2026-08-14 14:56:44,ACC0058,ACC0464,648.49,INR,IMPS,Hyderabad,branch,DEV0135
TXN009068,2026-08-14 14:57:06,ACC0364,ACC0463,2708.4,INR,RTGS,Chennai,atm,DEV0685
TXN009473,2026-08-14 14:57:47,ACC0098,ACC0129,7174.9,INR,NEFT,Bengaluru,mobile,DEV0186
TXN005765,2026-08-14 14:59:59,ACC0448,ACC0490,2461.35,INR,RTGS,Chennai,mobile,DEV0540
TXN005804,2026-08-14 15:01:14,ACC0325,ACC0020,1316.96,INR,UPI,Pune,mobile,DEV0427
TXN001810,2026-08-14 15:01:28,ACC0166,ACC0143,2142.84,INR,IMPS,Pune,atm,DEV0453
TXN001440,2026-08-14 15:03:20,ACC0170,ACC0500,8515.43,INR,RTGS,Kochi,atm,DEV0287
TXN001492,2026-08-14 15:06:09,ACC0285,ACC0053,772.37,INR,UPI,Kochi,atm,DEV0585
TXN003239,2026-08-14 15:06:35,ACC0079,ACC0452,7935.14,INR,RTGS,Chennai,atm,DEV0548
TXN002874,2026-08-14 15:08:12,ACC0369,ACC0055,2721.44,INR,RTGS,Kochi,mobile,DEV0158
TXN003076,2026-08-14 15:12:37,ACC0410,ACC0470,4151.94,INR,UPI,Bengaluru,mobile,DEV0558
TXN000400,2026-08-14 15:15:10,ACC0192,ACC0486,5144.83,INR,RTGS,Bengaluru,branch,DEV0082
TXN008538,2026-08-14 15:15:43,ACC0096,ACC0363,294.29,INR,NEFT,Chennai,mobile,DEV0332
TXN009763,2026-08-14 15:18:19,ACC0304,ACC0146,1102.46,INR,RTGS,Chennai,atm,DEV0378
TXN007053,2026-08-14 15:19:05,ACC0389,ACC0489,1409.94,INR,IMPS,Kolkata,mobile,DEV0547
TXN003511,2026-08-14 15:20:09,ACC0077,ACC0495,951.44,INR,NEFT,Bengaluru,mobile,DEV0444
TXN009720,2026-08-14 15:21:35,ACC0137,ACC0494,1955.41,INR,RTGS,Mumbai,atm,DEV0192
TXN008867,2026-08-14 15:21:54,ACC0276,ACC0465,1109.65,INR,NEFT,Bengaluru,mobile,DEV0651
TXN002958,2026-08-14 15:23:46,ACC0099,ACC0463,3186.24,INR,IMPS,Mumbai,branch,DEV0442
TXN008227,2026-08-14 15:24:54,ACC0291,ACC0094,741.13,INR,NEFT,Pune,mobile,DEV0319
TXN002215,2026-08-14 15:28:32,ACC0304,ACC0478,5924.16,INR,NEFT,Kochi,atm,DEV0088
TXN005581,2026-08-14 15:29:14,ACC0199,ACC0173,304.43,INR,NEFT,Kochi,atm,DEV0776
TXN001164,2026-08-14 15:29:46,ACC0321,ACC0476,247.26,INR,RTGS,Kolkata,branch,DEV0334
TXN006222,2026-08-14 15:30:33,ACC0373,ACC0250,1029.01,INR,NEFT,Hyderabad,web,DEV0747
TXN005226,2026-08-14 15:33:30,ACC0015,ACC0497,2155.09,INR,UPI,Kochi,atm,DEV0146
TXN006184,2026-08-14 15:37:38,ACC0410,ACC0492,4269.34,INR,IMPS,Pune,mobile,DEV0455
TXN004597,2026-08-14 15:52:32,ACC0404,ACC0366,723.55,INR,NEFT,Delhi,mobile,DEV0812
TXN000146,2026-08-14 15:52:36,ACC0368,ACC0270,2666.04,INR,IMPS,Delhi,web,DEV0787
TXN007319,2026-08-14 15:52:55,ACC0210,ACC0467,29794.66,INR,RTGS,Pune,web,DEV0541
TXN001194,2026-08-14 15:54:10,ACC0250,ACC0482,1523.14,INR,IMPS,Mumbai,mobile,DEV0332
TXN000629,2026-08-14 15:54:31,ACC0053,ACC0496,4949.05,INR,IMPS,Chennai,atm,DEV0410
TXN001550,2026-08-14 15:57:42,ACC0011,ACC0024,1231.5,INR,UPI,Chennai,atm,DEV0380
TXN004469,2026-08-14 15:57:43,ACC0319,ACC0262,10858.57,INR,IMPS,Kolkata,mobile,DEV0335
TXN005828,2026-08-14 15:58:57,ACC0426,ACC0452,1212.68,INR,IMPS,Pune,branch,DEV0380
TXN006711,2026-08-14 15:59:58,ACC0430,ACC0120,608.53,INR,IMPS,Delhi,web,DEV0033
TXN003718,2026-08-14 16:03:21,ACC0204,ACC0465,1991.64,INR,UPI,Kochi,atm,DEV0454
TXN005347,2026-08-14 16:04:27,ACC0300,ACC0062,5826.22,INR,UPI,Pune,atm,DEV0505
TXN004341,2026-08-14 16:04:41,ACC0439,ACC0469,4117.36,INR,NEFT,Kochi,branch,DEV0176
TXN000455,2026-08-14 16:05:38,ACC0302,ACC0480,2100.87,INR,IMPS,Bengaluru,mobile,DEV0190
TXN006679,2026-08-14 16:06:36,ACC0384,ACC0389,1353.84,INR,RTGS,Bengaluru,mobile,DEV0170
TXN004219,2026-08-14 16:09:54,ACC0395,ACC0489,1163.23,INR,UPI,Mumbai,atm,DEV0455
TXN001334,2026-08-14 16:10:03,ACC0224,ACC0451,4381.1,INR,NEFT,Pune,mobile,DEV0295
TXN009767,2026-08-14 16:11:31,ACC0249,ACC0326,374.89,INR,NEFT,Mumbai,atm,DEV0697
TXN008656,2026-08-14 16:12:34,ACC0024,ACC0456,4404.38,INR,RTGS,Pune,atm,DEV0862
TXN007378,2026-08-14 16:12:35,ACC0390,ACC0474,4124.44,INR,UPI,Chennai,mobile,DEV0684
TXN006003,2026-08-14 16:16:23,ACC0423,ACC0499,318.41,INR,IMPS,Delhi,atm,DEV0693
TXN007218,2026-08-14 16:18:26,ACC0415,ACC0476,7503.16,INR,NEFT,Delhi,branch,DEV0112
TXN002045,2026-08-14 16:20:29,ACC0125,ACC0023,1695.13,INR,NEFT,Bengaluru,branch,DEV0363
TXN002327,2026-08-14 16:22:05,ACC0447,ACC0481,851.86,INR,NEFT,Hyderabad,mobile,DEV0078
TXN003254,2026-08-14 16:24:54,ACC0278,ACC0348,1267.84,INR,IMPS,Mumbai,web,DEV0800
TXN009967,2026-08-14 16:26:31,ACC0412,ACC0493,5259.25,INR,UPI,Pune,mobile,DEV0142
TXN005016,2026-08-14 16:26:47,ACC0206,ACC0487,10143.6,INR,RTGS,Mumbai,web,DEV0280
TXN003140,2026-08-14 16:28:03,ACC0164,ACC0469,600.63,INR,IMPS,Pune,atm,DEV0625
TXN008830,2026-08-14 16:28:14,ACC0411,ACC0425,2048.91,INR,NEFT,Delhi,branch,DEV0121
TXN004904,2026-08-14 16:28:48,ACC0443,ACC0461,890.02,INR,NEFT,Kochi,atm,DEV0478
TXN007156,2026-08-14 16:29:07,ACC0321,ACC0476,13606.81,INR,NEFT,Bengaluru,web,DEV0868
TXN001108,2026-08-14 16:29:20,ACC0206,ACC0484,1906.16,INR,UPI,Chennai,atm,DEV0144
TXN008415,2026-08-14 16:29:20,ACC0210,ACC0490,3812.46,INR,NEFT,Delhi,branch,DEV0378
TXN003002,2026-08-14 16:29:44,ACC0265,ACC0347,2353.17,INR,NEFT,Delhi,mobile,DEV0781
TXN009825,2026-08-14 16:30:23,ACC0385,ACC0095,830.14,INR,NEFT,Chennai,mobile,DEV0219
TXN007980,2026-08-14 16:31:50,ACC0061,ACC0492,1530.83,INR,NEFT,Hyderabad,mobile,DEV0106
TXN009192,2026-08-14 16:33:17,ACC0416,ACC0467,1288.78,INR,NEFT,Kolkata,mobile,DEV0474
TXN006568,2026-08-14 16:33:40,ACC0057,ACC0496,1181.94,INR,IMPS,Kolkata,atm,DEV0477
TXN009264,2026-08-14 16:35:55,ACC0206,ACC0173,2608.81,INR,IMPS,Pune,branch,DEV0012
TXN008191,2026-08-14 16:38:48,ACC0354,ACC0012,602.18,INR,IMPS,Bengaluru,branch,DEV0745
TXN009322,2026-08-14 16:39:04,ACC0394,ACC0275,2180.14,INR,RTGS,Bengaluru,branch,DEV0859
TXN006147,2026-08-14 16:41:27,ACC0382,ACC0463,11052.15,INR,RTGS,Delhi,branch,DEV0841
TXN000065,2026-08-14 16:44:38,ACC0283,ACC0451,1542.73,INR,IMPS,Hyderabad,atm,DEV0073
TXN002724,2026-08-14 16:46:19,ACC0080,ACC0495,2897.63,INR,NEFT,Pune,branch,DEV0061
TXN005659,2026-08-14 16:48:22,ACC0283,ACC0487,6985.66,INR,UPI,Chennai,branch,DEV0854
TXN003496,2026-08-14 16:51:51,ACC0425,ACC0171,745.69,INR,RTGS,Bengaluru,branch,DEV0613
TXN009428,2026-08-14 16:53:15,ACC0398,ACC0472,1098.01,INR,NEFT,Pune,atm,DEV0509
TXN009235,2026-08-14 16:53:37,ACC0400,ACC0487,62.71,INR,UPI,Kolkata,mobile,DEV0045
TXN007383,2026-08-14 16:55:19,ACC0266,ACC0473,27990.23,INR,IMPS,Bengaluru,atm,DEV0214
TXN001446,2026-08-14 16:57:40,ACC0354,ACC0114,11408.81,INR,IMPS,Pune,web,DEV0765
TXN002895,2026-08-14 16:58:19,ACC0365,ACC0483,9276.69,INR,NEFT,Chennai,branch,DEV0807
TXN005800,2026-08-14 17:02:15,ACC0241,ACC0476,2636.09,INR,RTGS,Chennai,branch,DEV0394
TXN005497,2026-08-14 17:02:29,ACC0338,ACC0304,1159.47,INR,UPI,Delhi,branch,DEV0291
TXN003481,2026-08-14 17:05:48,ACC0026,ACC0110,87.44,INR,NEFT,Mumbai,branch,DEV0043
TXN004459,2026-08-14 17:06:58,ACC0108,ACC0497,3012.21,INR,UPI,Kochi,web,DEV0492
TXN006837,2026-08-14 17:19:37,ACC0127,ACC0486,1214.81,INR,RTGS,Kochi,web,DEV0283
TXN008423,2026-08-14 17:20:57,ACC0419,ACC0227,583.73,INR,NEFT,Pune,web,DEV0191
TXN004105,2026-08-14 17:27:15,ACC0262,ACC0465,586.22,INR,IMPS,Hyderabad,branch,DEV0594
TXN002390,2026-08-14 17:30:42,ACC0428,ACC0500,1602.06,INR,RTGS,Delhi,web,DEV0744
TXN002739,2026-08-14 17:33:23,ACC0332,ACC0309,2206.01,INR,NEFT,Bengaluru,mobile,DEV0227
TXN009964,2026-08-14 17:34:23,ACC0064,ACC0479,1848.58,INR,NEFT,Kolkata,web,DEV0291
TXN006974,2026-08-14 17:36:52,ACC0433,ACC0458,673.35,INR,UPI,Kochi,mobile,DEV0087
TXN007902,2026-08-14 17:42:24,ACC0343,ACC0156,2814.35,INR,UPI,Kolkata,branch,DEV0216
TXN009533,2026-08-14 17:48:07,ACC0385,ACC0456,492.75,INR,RTGS,Kolkata,branch,DEV0779
TXN007223,2026-08-14 17:49:54,ACC0256,ACC0462,1609.93,INR,NEFT,Hyderabad,branch,DEV0113
TXN007452,2026-08-14 17:49:55,ACC0379,ACC0074,1090.0,INR,UPI,Mumbai,atm,DEV0529
TXN003986,2026-08-14 17:50:57,ACC0252,ACC0474,708.7,INR,IMPS,Pune,web,DEV0522
TXN006925,2026-08-14 17:52:46,ACC0128,ACC0354,927.28,INR,RTGS,Chennai,mobile,DEV0246
TXN005413,2026-08-14 17:57:52,ACC0326,ACC0278,975.19,INR,RTGS,Hyderabad,mobile,DEV0840
TXN004613,2026-08-14 17:58:24,ACC0225,ACC0475,689.88,INR,UPI,Kolkata,web,DEV0863
TXN008217,2026-08-14 18:03:38,ACC0419,ACC0467,1107.31,INR,RTGS,Bengaluru,web,DEV0328
TXN004319,2026-08-14 18:04:03,ACC0416,ACC0488,2125.32,INR,NEFT,Kochi,web,DEV0288
TXN004328,2026-08-14 18:05:19,ACC0193,ACC0455,144.45,INR,UPI,Bengaluru,atm,DEV0347
TXN002408,2026-08-14 18:06:05,ACC0443,ACC0200,9760.91,INR,NEFT,Delhi,mobile,DEV0271
TXN001196,2026-08-14 18:07:38,ACC0323,ACC0490,617.81,INR,IMPS,Delhi,branch,DEV0579
TXN009943,2026-08-14 18:10:08,ACC0049,ACC0485,637.1,INR,IMPS,Kochi,atm,DEV0568
TXN009069,2026-08-14 18:10:10,ACC0401,ACC0464,2569.88,INR,IMPS,Kochi,web,DEV0554
TXN008822,2026-08-14 18:10:40,ACC0123,ACC0488,1599.73,INR,RTGS,Bengaluru,branch,DEV0223
TXN009187,2026-08-14 18:14:37,ACC0273,ACC0230,7108.27,INR,RTGS,Delhi,mobile,DEV0220
TXN006981,2026-08-14 18:14:59,ACC0345,ACC0391,8170.56,INR,RTGS,Mumbai,atm,DEV0899
TXN009319,2026-08-14 18:16:26,ACC0363,ACC0470,1830.38,INR,RTGS,Mumbai,web,DEV0105
TXN005401,2026-08-14 18:17:04,ACC0109,ACC0126,4804.96,INR,UPI,Chennai,atm,DEV0680
TXN003974,2026-08-14 18:20:23,ACC0189,ACC0479,3532.64,INR,NEFT,Pune,mobile,DEV0233
TXN004479,2026-08-14 18:20:37,ACC0123,ACC0471,7335.12,INR,IMPS,Pune,branch,DEV0726
TXN009505,2026-08-14 18:22:10,ACC0021,ACC0498,425.67,INR,UPI,Kolkata,atm,DEV0593
TXN001073,2026-08-14 18:25:48,ACC0382,ACC0470,847.48,INR,RTGS,Chennai,atm,DEV0363
TXN006588,2026-08-14 18:29:47,ACC0043,ACC0493,943.01,INR,RTGS,Mumbai,atm,DEV0672
TXN008804,2026-08-14 18:33:17,ACC0039,ACC0469,1754.82,INR,UPI,Kochi,branch,DEV0653
TXN003824,2026-08-14 18:33:46,ACC0304,ACC0500,666.94,INR,RTGS,Mumbai,mobile,DEV0349
TXN009850,2026-08-14 18:36:09,ACC0087,ACC0497,1992.07,INR,NEFT,Delhi,mobile,DEV0787
TXN002591,2026-08-14 18:37:38,ACC0007,ACC0463,426.02,INR,NEFT,Bengaluru,mobile,DEV0784
TXN001231,2026-08-14 18:37:58,ACC0199,ACC0470,1472.0,INR,UPI,Kochi,mobile,DEV0512
TXN009035,2026-08-14 18:38:05,ACC0134,ACC0485,7021.87,INR,RTGS,Kolkata,branch,DEV0818
TXN002301,2026-08-14 18:42:59,ACC0246,ACC0475,5475.5,INR,NEFT,Bengaluru,atm,DEV0096
TXN002232,2026-08-14 18:44:21,ACC0125,ACC0374,262.02,INR,IMPS,Chennai,web,DEV0545
TXN002423,2026-08-14 18:47:59,ACC0002,ACC0458,4805.76,INR,RTGS,Kolkata,branch,DEV0527
TXN008482,2026-08-14 18:48:23,ACC0163,ACC0029,870.21,INR,NEFT,Bengaluru,mobile,DEV0693
TXN005207,2026-08-14 18:50:55,ACC0058,ACC0315,2130.8,INR,IMPS,Delhi,mobile,DEV0487
TXN007448,2026-08-14 18:51:05,ACC0392,ACC0483,6572.01,INR,UPI,Hyderabad,atm,DEV0752
TXN005852,2026-08-14 18:55:38,ACC0319,ACC0499,777.07,INR,RTGS,Kochi,atm,DEV0425
TXN003836,2026-08-14 18:57:52,ACC0131,ACC0461,1795.82,INR,RTGS,Kolkata,branch,DEV0880
TXN000842,2026-08-14 18:58:43,ACC0187,ACC0206,541.53,INR,IMPS,Kolkata,mobile,DEV0699
TXN003214,2026-08-14 19:00:21,ACC0383,ACC0467,2009.95,INR,UPI,Pune,mobile,DEV0885
TXN006633,2026-08-14 19:05:13,ACC0074,ACC0464,2562.75,INR,NEFT,Bengaluru,web,DEV0222
TXN005276,2026-08-14 19:07:26,ACC0085,ACC0485,2636.78,INR,RTGS,Mumbai,mobile,DEV0873
TXN000665,2026-08-14 19:14:58,ACC0209,ACC0452,4434.11,INR,UPI,Bengaluru,web,DEV0312
TXN008699,2026-08-14 19:17:04,ACC0398,ACC0220,16058.12,INR,IMPS,Delhi,branch,DEV0730
TXN001950,2026-08-14 19:20:53,ACC0017,ACC0485,2591.7,INR,NEFT,Hyderabad,mobile,DEV0338
TXN005470,2026-08-14 19:25:01,ACC0068,ACC0021,792.64,INR,UPI,Kolkata,atm,DEV0608
TXN003895,2026-08-14 19:26:17,ACC0327,ACC0201,50.32,INR,RTGS,Bengaluru,branch,DEV0188
TXN000997,2026-08-14 19:30:20,ACC0027,ACC0479,346.37,INR,NEFT,Pune,atm,DEV0793
TXN004417,2026-08-14 19:32:28,ACC0243,ACC0488,1021.74,INR,IMPS,Pune,branch,DEV0312
TXN007914,2026-08-14 19:33:34,ACC0043,ACC0474,881.86,INR,RTGS,Bengaluru,web,DEV0172
TXN002077,2026-08-14 19:35:41,ACC0390,ACC0454,3441.81,INR,RTGS,Bengaluru,web,DEV0829
TXN002378,2026-08-14 19:44:03,ACC0322,ACC0467,208.27,INR,NEFT,Hyderabad,mobile,DEV0074
TXN005668,2026-08-14 19:50:10,ACC0390,ACC0472,1519.57,INR,RTGS,Mumbai,mobile,DEV0673
TXN009140,2026-08-14 19:51:10,ACC0273,ACC0476,783.72,INR,IMPS,Delhi,mobile,DEV0818
TXN006002,2026-08-14 19:51:49,ACC0198,ACC0454,6976.01,INR,IMPS,Hyderabad,atm,DEV0013
TXN003194,2026-08-14 19:51:55,ACC0271,ACC0466,1102.21,INR,UPI,Bengaluru,mobile,DEV0228
TXN008213,2026-08-14 19:52:41,ACC0396,ACC0483,1255.67,INR,NEFT,Mumbai,web,DEV0433
TXN008464,2026-08-14 19:54:30,ACC0049,ACC0454,2344.46,INR,NEFT,Chennai,atm,DEV0084
TXN009718,2026-08-14 19:57:18,ACC0309,ACC0477,5353.83,INR,IMPS,Bengaluru,atm,DEV0651
TXN003403,2026-08-14 19:58:23,ACC0212,ACC0243,754.62,INR,NEFT,Bengaluru,branch,DEV0371
TXN008078,2026-08-14 19:59:32,ACC0198,ACC0461,1184.97,INR,UPI,Chennai,mobile,DEV0185
TXN001151,2026-08-14 20:00:26,ACC0335,ACC0140,4360.15,INR,NEFT,Kochi,branch,DEV0615
TXN007653,2026-08-14 20:00:26,ACC0056,ACC0375,832.83,INR,RTGS,Mumbai,web,DEV0352
TXN006792,2026-08-14 20:02:01,ACC0260,ACC0474,651.4,INR,RTGS,Chennai,web,DEV0306
TXN005576,2026-08-14 20:03:07,ACC0111,ACC0466,333.59,INR,RTGS,Kochi,atm,DEV0792
TXN000103,2026-08-14 20:03:18,ACC0182,ACC0385,2191.3,INR,NEFT,Delhi,atm,DEV0230
TXN005168,2026-08-14 20:04:01,ACC0075,ACC0499,2351.5,INR,UPI,Chennai,atm,DEV0105
TXN007111,2026-08-14 20:04:54,ACC0093,ACC0464,516.59,INR,IMPS,Kochi,atm,DEV0512
TXN003543,2026-08-14 20:05:06,ACC0404,ACC0368,1102.61,INR,NEFT,Kochi,web,DEV0744
TXN007102,2026-08-14 20:06:48,ACC0401,ACC0483,3317.89,INR,IMPS,Kolkata,atm,DEV0056
TXN005399,2026-08-14 20:07:44,ACC0040,ACC0150,566.88,INR,IMPS,Hyderabad,branch,DEV0463
TXN009683,2026-08-14 20:10:14,ACC0068,ACC0211,1591.7,INR,UPI,Pune,branch,DEV0332
TXN005689,2026-08-14 20:11:19,ACC0082,ACC0465,7457.49,INR,UPI,Kolkata,web,DEV0784
TXN005385,2026-08-14 20:16:47,ACC0399,ACC0458,646.02,INR,IMPS,Hyderabad,web,DEV0123
TXN002312,2026-08-14 20:20:00,ACC0246,ACC0215,2234.76,INR,RTGS,Chennai,mobile,DEV0394
TXN006061,2026-08-14 20:20:28,ACC0133,ACC0466,299.9,INR,RTGS,Delhi,web,DEV0074
TXN007337,2026-08-14 20:20:49,ACC0063,ACC0108,6197.01,INR,UPI,Pune,mobile,DEV0539
TXN005789,2026-08-14 20:23:14,ACC0386,ACC0469,5706.56,INR,UPI,Kochi,mobile,DEV0346
TXN006255,2026-08-14 20:23:37,ACC0166,ACC0480,1150.11,INR,RTGS,Kolkata,branch,DEV0604
TXN005610,2026-08-14 20:25:33,ACC0194,ACC0248,675.61,INR,UPI,Kochi,web,DEV0484
TXN000704,2026-08-14 20:26:13,ACC0406,ACC0463,744.81,INR,UPI,Kolkata,web,DEV0592
TXN003351,2026-08-14 20:26:36,ACC0121,ACC0050,248.81,INR,NEFT,Hyderabad,atm,DEV0459
TXN000966,2026-08-14 20:28:33,ACC0105,ACC0487,449.6,INR,UPI,Mumbai,atm,DEV0443
TXN000782,2026-08-14 20:29:11,ACC0399,ACC0489,1368.8,INR,RTGS,Hyderabad,branch,DEV0439
TXN007374,2026-08-14 20:30:01,ACC0197,ACC0473,272.08,INR,NEFT,Hyderabad,web,DEV0322
TXN007536,2026-08-14 20:30:14,ACC0252,ACC0483,380.63,INR,RTGS,Delhi,atm,DEV0184
TXN002982,2026-08-14 20:31:53,ACC0073,ACC0459,1674.22,INR,UPI,Bengaluru,web,DEV0222
TXN001858,2026-08-14 20:32:53,ACC0310,ACC0484,1557.12,INR,UPI,Hyderabad,atm,DEV0606
TXN007019,2026-08-14 20:37:16,ACC0109,ACC0005,716.08,INR,NEFT,Pune,web,DEV0162
TXN009019,2026-08-14 20:38:40,ACC0439,ACC0477,586.39,INR,RTGS,Mumbai,web,DEV0222
TXN002742,2026-08-14 20:41:33,ACC0170,ACC0478,947.39,INR,UPI,Pune,atm,DEV0229
TXN006934,2026-08-14 20:42:16,ACC0398,ACC0456,1159.37,INR,NEFT,Delhi,atm,DEV0441
TXN005604,2026-08-14 20:43:07,ACC0336,ACC0037,6024.04,INR,RTGS,Bengaluru,web,DEV0399
TXN001910,2026-08-14 20:45:17,ACC0240,ACC0484,2311.35,INR,IMPS,Delhi,mobile,DEV0401
TXN008932,2026-08-14 20:45:51,ACC0416,ACC0174,661.51,INR,NEFT,Bengaluru,branch,DEV0079
TXN005486,2026-08-14 20:47:44,ACC0381,ACC0189,2157.43,INR,IMPS,Kolkata,web,DEV0033
TXN001556,2026-08-14 20:48:22,ACC0012,ACC0068,157.15,INR,NEFT,Pune,mobile,DEV0310
TXN003052,2026-08-14 20:48:56,ACC0294,ACC0055,1199.34,INR,UPI,Kochi,atm,DEV0578
TXN002640,2026-08-14 20:50:42,ACC0151,ACC0466,1185.16,INR,UPI,Kolkata,atm,DEV0568
TXN004360,2026-08-14 20:50:52,ACC0399,ACC0479,1476.07,INR,NEFT,Delhi,atm,DEV0568
TXN002350,2026-08-14 20:53:45,ACC0394,ACC0480,981.73,INR,IMPS,Kolkata,branch,DEV0123
TXN004378,2026-08-14 20:57:18,ACC0056,ACC0462,674.35,INR,RTGS,Hyderabad,atm,DEV0115
TXN007426,2026-08-14 20:59:37,ACC0404,ACC0348,1623.38,INR,UPI,Chennai,web,DEV0678
TXN002568,2026-08-15 09:01:43,ACC0224,ACC0488,1851.72,INR,IMPS,Chennai,mobile,DEV0338
TXN004702,2026-08-15 09:04:30,ACC0207,ACC0166,5220.09,INR,RTGS,Chennai,mobile,DEV0049
TXN000520,2026-08-15 09:06:47,ACC0316,ACC0389,263.62,INR,NEFT,Chennai,atm,DEV0528
TXN009169,2026-08-15 09:07:59,ACC0359,ACC0488,1698.92,INR,UPI,Bengaluru,atm,DEV0201
TXN001067,2026-08-15 09:16:48,ACC0413,ACC0499,1286.63,INR,NEFT,Kolkata,atm,DEV0527
TXN006164,2026-08-15 09:23:39,ACC0056,ACC0470,4528.4,INR,RTGS,Kolkata,web,DEV0719
TXN000945,2026-08-15 09:28:00,ACC0136,ACC0228,255.59,INR,RTGS,Bengaluru,atm,DEV0060
TXN008524,2026-08-15 09:28:42,ACC0015,ACC0485,1820.14,INR,NEFT,Mumbai,mobile,DEV0386
TXN002422,2026-08-15 09:29:17,ACC0279,ACC0476,11727.03,INR,IMPS,Delhi,atm,DEV0815
TXN007681,2026-08-15 09:33:40,ACC0133,ACC0491,771.36,INR,NEFT,Chennai,atm,DEV0106
TXN000187,2026-08-15 09:35:26,ACC0440,ACC0413,657.22,INR,NEFT,Kolkata,mobile,DEV0461
TXN007180,2026-08-15 09:38:59,ACC0332,ACC0093,442.99,INR,NEFT,Hyderabad,mobile,DEV0135
TXN003490,2026-08-15 09:39:37,ACC0448,ACC0383,1445.18,INR,UPI,Bengaluru,branch,DEV0602
TXN006848,2026-08-15 09:39:37,ACC0052,ACC0046,2802.53,INR,IMPS,Kochi,mobile,DEV0552
TXN001349,2026-08-15 09:42:28,ACC0108,ACC0469,899.43,INR,UPI,Bengaluru,branch,DEV0643
TXN001424,2026-08-15 09:44:41,ACC0232,ACC0483,1377.54,INR,NEFT,Bengaluru,atm,DEV0459
TXN005598,2026-08-15 09:46:46,ACC0293,ACC0171,2135.44,INR,UPI,Kolkata,mobile,DEV0862
TXN001861,2026-08-15 09:47:30,ACC0336,ACC0211,1641.0,INR,RTGS,Kolkata,branch,DEV0261
TXN005012,2026-08-15 09:48:22,ACC0089,ACC0480,2570.29,INR,UPI,Mumbai,branch,DEV0033
TXN010051,2026-08-15 09:49:28,ACC0540,ACC0559,688093.17,INR,IMPS,Bengaluru,branch,DEV0682
TXN004742,2026-08-15 09:51:25,ACC0188,ACC0467,3423.16,INR,RTGS,Kochi,mobile,DEV0842
TXN010052,2026-08-15 09:53:04,ACC0559,ACC0531,662212.31,INR,IMPS,Pune,web,DEV0457
TXN002461,2026-08-15 09:53:17,ACC0361,ACC0487,4248.29,INR,RTGS,Kolkata,web,DEV0608
TXN010053,2026-08-15 09:55:57,ACC0531,ACC0509,653218.02,INR,IMPS,Kolkata,branch,DEV0354
TXN010054,2026-08-15 09:59:55,ACC0509,ACC0540,623160.67,INR,IMPS,Bengaluru,mobile,DEV0468
TXN002392,2026-08-15 10:03:42,ACC0108,ACC0480,1073.42,INR,RTGS,Bengaluru,branch,DEV0630
TXN004158,2026-08-15 10:07:34,ACC0387,ACC0498,1766.0,INR,NEFT,Kochi,atm,DEV0661
TXN001657,2026-08-15 10:07:56,ACC0219,ACC0480,3387.92,INR,NEFT,Pune,web,DEV0329
TXN003659,2026-08-15 10:08:26,ACC0398,ACC0466,1725.25,INR,UPI,Kolkata,branch,DEV0499
TXN008322,2026-08-15 10:09:02,ACC0163,ACC0496,1199.98,INR,NEFT,Bengaluru,web,DEV0495
TXN002190,2026-08-15 10:09:04,ACC0400,ACC0451,3587.84,INR,IMPS,Hyderabad,atm,DEV0222
TXN003642,2026-08-15 10:09:19,ACC0212,ACC0453,809.36,INR,IMPS,Mumbai,web,DEV0661
TXN003329,2026-08-15 10:09:56,ACC0076,ACC0451,3769.26,INR,RTGS,Pune,web,DEV0760
TXN009904,2026-08-15 10:13:46,ACC0009,ACC0492,9315.32,INR,IMPS,Mumbai,web,DEV0709
TXN003758,2026-08-15 10:18:38,ACC0036,ACC0451,645.3,INR,NEFT,Pune,mobile,DEV0520
TXN002520,2026-08-15 10:18:42,ACC0025,ACC0198,4949.85,INR,NEFT,Mumbai,mobile,DEV0203
TXN005810,2026-08-15 10:19:30,ACC0282,ACC0495,389.9,INR,IMPS,Pune,branch,DEV0034
TXN001436,2026-08-15 10:20:52,ACC0158,ACC0469,1136.77,INR,NEFT,Kolkata,web,DEV0838
TXN007489,2026-08-15 10:22:41,ACC0089,ACC0469,976.28,INR,NEFT,Kolkata,branch,DEV0572
TXN009496,2026-08-15 10:23:10,ACC0355,ACC0470,1562.67,INR,NEFT,Pune,atm,DEV0885
TXN003270,2026-08-15 10:24:07,ACC0347,ACC0075,5616.96,INR,RTGS,Delhi,atm,DEV0594
TXN006186,2026-08-15 10:34:03,ACC0095,ACC0499,321.9,INR,UPI,Hyderabad,web,DEV0468
TXN000141,2026-08-15 10:36:08,ACC0231,ACC0191,1794.27,INR,IMPS,Bengaluru,mobile,DEV0027
TXN000916,2026-08-15 10:36:24,ACC0218,ACC0469,21257.75,INR,RTGS,Chennai,branch,DEV0143
TXN008621,2026-08-15 10:38:58,ACC0361,ACC0475,8031.95,INR,UPI,Bengaluru,web,DEV0013
TXN007541,2026-08-15 10:40:29,ACC0144,ACC0169,3593.57,INR,IMPS,Kochi,atm,DEV0183
TXN001453,2026-08-15 10:41:30,ACC0282,ACC0368,529.58,INR,NEFT,Bengaluru,atm,DEV0807
TXN000074,2026-08-15 10:41:53,ACC0116,ACC0059,431.26,INR,RTGS,Kochi,atm,DEV0250
TXN007461,2026-08-15 10:42:15,ACC0129,ACC0494,3079.77,INR,RTGS,Delhi,branch,DEV0642
TXN001142,2026-08-15 10:42:35,ACC0281,ACC0402,551.22,INR,NEFT,Bengaluru,atm,DEV0193
TXN002405,2026-08-15 10:44:17,ACC0396,ACC0212,1700.9,INR,UPI,Chennai,atm,DEV0690
TXN000228,2026-08-15 10:49:51,ACC0179,ACC0045,118.82,INR,IMPS,Pune,web,DEV0631
TXN000711,2026-08-15 10:52:25,ACC0104,ACC0460,2127.5,INR,IMPS,Kochi,atm,DEV0474
TXN004615,2026-08-15 10:52:57,ACC0443,ACC0356,156.36,INR,IMPS,Mumbai,atm,DEV0324
TXN007697,2026-08-15 10:53:03,ACC0341,ACC0480,8186.86,INR,UPI,Bengaluru,web,DEV0363
TXN000111,2026-08-15 10:55:20,ACC0380,ACC0452,2287.29,INR,RTGS,Hyderabad,mobile,DEV0415
TXN009429,2026-08-15 10:55:48,ACC0146,ACC0339,1557.84,INR,IMPS,Delhi,branch,DEV0814
TXN003458,2026-08-15 10:57:26,ACC0428,ACC0130,205.22,INR,IMPS,Mumbai,branch,DEV0190
TXN001625,2026-08-15 10:58:59,ACC0041,ACC0486,1915.52,INR,NEFT,Kolkata,branch,DEV0757
TXN002260,2026-08-15 11:04:03,ACC0426,ACC0459,4540.91,INR,NEFT,Bengaluru,branch,DEV0385
TXN003039,2026-08-15 11:04:16,ACC0071,ACC0482,345.89,INR,IMPS,Pune,atm,DEV0810
TXN003666,2026-08-15 11:08:45,ACC0092,ACC0454,1104.43,INR,UPI,Pune,mobile,DEV0102
TXN007048,2026-08-15 11:08:54,ACC0351,ACC0488,7794.2,INR,UPI,Hyderabad,branch,DEV0164
TXN004472,2026-08-15 11:09:10,ACC0294,ACC0479,499.82,INR,RTGS,Mumbai,branch,DEV0248
TXN005298,2026-08-15 11:13:02,ACC0057,ACC0466,3483.72,INR,IMPS,Kochi,mobile,DEV0653
TXN000360,2026-08-15 11:14:04,ACC0004,ACC0459,1699.61,INR,NEFT,Delhi,web,DEV0371
TXN007148,2026-08-15 11:19:09,ACC0066,ACC0156,3509.41,INR,IMPS,Pune,atm,DEV0703
TXN004279,2026-08-15 11:20:21,ACC0019,ACC0281,403.18,INR,UPI,Kolkata,mobile,DEV0621
TXN007154,2026-08-15 11:20:51,ACC0334,ACC0462,2381.47,INR,RTGS,Kolkata,mobile,DEV0786
TXN009203,2026-08-15 11:25:07,ACC0369,ACC0462,1844.87,INR,IMPS,Bengaluru,branch,DEV0580
TXN002829,2026-08-15 11:27:19,ACC0411,ACC0463,870.64,INR,IMPS,Pune,atm,DEV0163
TXN006191,2026-08-15 11:29:09,ACC0387,ACC0187,2833.36,INR,UPI,Hyderabad,mobile,DEV0742
TXN009315,2026-08-15 11:33:06,ACC0450,ACC0329,580.06,INR,RTGS,Kochi,branch,DEV0882
TXN005252,2026-08-15 11:36:34,ACC0119,ACC0488,1998.76,INR,RTGS,Kochi,mobile,DEV0216
TXN002610,2026-08-15 11:44:40,ACC0219,ACC0136,134.4,INR,IMPS,Delhi,branch,DEV0473
TXN002964,2026-08-15 11:51:38,ACC0038,ACC0460,201.1,INR,RTGS,Kolkata,mobile,DEV0427
TXN003901,2026-08-15 11:51:38,ACC0279,ACC0454,1225.73,INR,UPI,Mumbai,mobile,DEV0468
TXN006815,2026-08-15 11:52:51,ACC0174,ACC0500,13130.0,INR,RTGS,Delhi,atm,DEV0086
TXN000143,2026-08-15 11:57:45,ACC0063,ACC0455,1460.38,INR,IMPS,Kolkata,mobile,DEV0564
TXN006685,2026-08-15 11:59:56,ACC0142,ACC0072,457.42,INR,IMPS,Chennai,mobile,DEV0673
TXN007402,2026-08-15 12:01:27,ACC0164,ACC0231,731.06,INR,RTGS,Mumbai,mobile,DEV0553
TXN003202,2026-08-15 12:03:11,ACC0070,ACC0488,1930.97,INR,IMPS,Kochi,web,DEV0354
TXN005732,2026-08-15 12:05:24,ACC0060,ACC0453,2051.66,INR,RTGS,Delhi,branch,DEV0145
TXN000982,2026-08-15 12:06:16,ACC0381,ACC0468,1087.6,INR,NEFT,Pune,branch,DEV0495
TXN003975,2026-08-15 12:06:50,ACC0018,ACC0466,1850.07,INR,IMPS,Hyderabad,mobile,DEV0176
TXN005767,2026-08-15 12:07:56,ACC0356,ACC0318,914.79,INR,NEFT,Mumbai,web,DEV0639
TXN009399,2026-08-15 12:16:10,ACC0046,ACC0495,568.08,INR,UPI,Bengaluru,web,DEV0588
TXN003344,2026-08-15 12:17:48,ACC0035,ACC0089,675.47,INR,UPI,Kochi,atm,DEV0705
TXN004524,2026-08-15 12:22:13,ACC0170,ACC0467,1119.72,INR,RTGS,Kolkata,branch,DEV0604
TXN008070,2026-08-15 12:22:13,ACC0224,ACC0480,23311.22,INR,RTGS,Pune,atm,DEV0827
TXN008331,2026-08-15 12:30:28,ACC0008,ACC0484,3151.34,INR,IMPS,Hyderabad,web,DEV0831
TXN003379,2026-08-15 12:31:31,ACC0027,ACC0468,1910.75,INR,NEFT,Pune,branch,DEV0300
TXN002188,2026-08-15 12:35:55,ACC0370,ACC0328,2662.63,INR,RTGS,Kochi,atm,DEV0467
TXN002534,2026-08-15 12:36:55,ACC0426,ACC0457,855.78,INR,NEFT,Hyderabad,atm,DEV0735
TXN009897,2026-08-15 12:40:40,ACC0288,ACC0110,2765.89,INR,IMPS,Pune,mobile,DEV0585
TXN008360,2026-08-15 12:41:59,ACC0163,ACC0455,6299.13,INR,UPI,Pune,mobile,DEV0585
TXN002954,2026-08-15 12:42:18,ACC0429,ACC0385,712.51,INR,UPI,Kolkata,branch,DEV0484
TXN001413,2026-08-15 12:43:16,ACC0146,ACC0122,4634.76,INR,UPI,Delhi,atm,DEV0759
TXN008253,2026-08-15 12:44:45,ACC0337,ACC0305,492.95,INR,IMPS,Delhi,branch,DEV0091
TXN002046,2026-08-15 12:47:06,ACC0354,ACC0482,19628.71,INR,UPI,Kolkata,branch,DEV0349
TXN001813,2026-08-15 12:50:58,ACC0135,ACC0459,1341.35,INR,NEFT,Kolkata,atm,DEV0018
TXN006121,2026-08-15 12:58:22,ACC0211,ACC0452,3329.69,INR,RTGS,Kolkata,atm,DEV0362
TXN006099,2026-08-15 12:58:42,ACC0193,ACC0372,4248.32,INR,RTGS,Chennai,atm,DEV0728
TXN005148,2026-08-15 13:03:14,ACC0357,ACC0059,528.17,INR,UPI,Chennai,branch,DEV0393
TXN007610,2026-08-15 13:06:57,ACC0198,ACC0465,4864.02,INR,NEFT,Mumbai,web,DEV0581
TXN008596,2026-08-15 13:09:33,ACC0124,ACC0478,867.67,INR,RTGS,Mumbai,branch,DEV0033
TXN002473,2026-08-15 13:10:10,ACC0271,ACC0140,2419.65,INR,IMPS,Pune,atm,DEV0711
TXN002404,2026-08-15 13:10:31,ACC0140,ACC0489,687.44,INR,NEFT,Kolkata,atm,DEV0730
TXN008754,2026-08-15 13:11:08,ACC0194,ACC0095,1003.25,INR,RTGS,Bengaluru,branch,DEV0027
TXN009226,2026-08-15 13:13:23,ACC0018,ACC0459,12345.77,INR,NEFT,Chennai,mobile,DEV0786
TXN004108,2026-08-15 13:13:41,ACC0315,ACC0137,6215.17,INR,UPI,Pune,atm,DEV0555
TXN007968,2026-08-15 13:16:11,ACC0098,ACC0479,232.31,INR,UPI,Hyderabad,atm,DEV0620
TXN000059,2026-08-15 13:19:16,ACC0282,ACC0495,263.9,INR,IMPS,Mumbai,web,DEV0197
TXN003079,2026-08-15 13:22:29,ACC0142,ACC0489,3719.82,INR,IMPS,Mumbai,atm,DEV0586
TXN000889,2026-08-15 13:23:06,ACC0221,ACC0454,412.45,INR,RTGS,Bengaluru,branch,DEV0194
TXN000398,2026-08-15 13:23:26,ACC0277,ACC0456,853.34,INR,UPI,Delhi,branch,DEV0294
TXN005103,2026-08-15 13:23:26,ACC0230,ACC0493,123.19,INR,NEFT,Kolkata,mobile,DEV0500
TXN009449,2026-08-15 13:24:18,ACC0450,ACC0029,2993.48,INR,NEFT,Chennai,atm,DEV0125
TXN002333,2026-08-15 13:25:27,ACC0163,ACC0498,1484.44,INR,UPI,Pune,atm,DEV0685
TXN004159,2026-08-15 13:37:26,ACC0113,ACC0479,1284.25,INR,IMPS,Kolkata,web,DEV0474
TXN004175,2026-08-15 13:39:59,ACC0087,ACC0486,9852.19,INR,RTGS,Kochi,branch,DEV0169
TXN006686,2026-08-15 13:42:34,ACC0054,ACC0455,1345.83,INR,RTGS,Pune,atm,DEV0251
TXN000295,2026-08-15 13:43:33,ACC0179,ACC0464,4515.1,INR,UPI,Chennai,branch,DEV0575
TXN001722,2026-08-15 13:43:43,ACC0288,ACC0489,1622.25,INR,IMPS,Pune,branch,DEV0078
TXN006247,2026-08-15 13:44:35,ACC0044,ACC0068,3118.26,INR,IMPS,Hyderabad,branch,DEV0387
TXN008393,2026-08-15 13:45:14,ACC0138,ACC0463,3991.76,INR,NEFT,Delhi,web,DEV0601
TXN009411,2026-08-15 13:49:29,ACC0285,ACC0497,577.62,INR,RTGS,Kochi,mobile,DEV0657
TXN007216,2026-08-15 13:54:45,ACC0141,ACC0257,3236.65,INR,UPI,Mumbai,mobile,DEV0850
TXN009638,2026-08-15 13:55:54,ACC0269,ACC0459,491.45,INR,RTGS,Mumbai,web,DEV0083
TXN002132,2026-08-15 13:59:58,ACC0339,ACC0496,1060.34,INR,IMPS,Kolkata,branch,DEV0353
TXN000678,2026-08-15 14:00:25,ACC0143,ACC0273,873.37,INR,UPI,Bengaluru,atm,DEV0077
TXN001030,2026-08-15 14:03:56,ACC0145,ACC0482,2202.16,INR,RTGS,Kolkata,branch,DEV0786
TXN001204,2026-08-15 14:06:59,ACC0196,ACC0489,906.7,INR,RTGS,Hyderabad,web,DEV0601
TXN008203,2026-08-15 14:10:00,ACC0031,ACC0353,1472.01,INR,IMPS,Pune,web,DEV0110
TXN007469,2026-08-15 14:13:58,ACC0144,ACC0497,7438.77,INR,RTGS,Kochi,atm,DEV0371
TXN000953,2026-08-15 14:17:12,ACC0242,ACC0484,4011.57,INR,NEFT,Kolkata,web,DEV0819
TXN009196,2026-08-15 14:20:37,ACC0163,ACC0490,790.26,INR,NEFT,Mumbai,web,DEV0513
TXN001595,2026-08-15 14:22:33,ACC0005,ACC0073,738.86,INR,RTGS,Chennai,web,DEV0002
TXN005173,2026-08-15 14:24:18,ACC0447,ACC0480,1005.08,INR,NEFT,Pune,web,DEV0212
TXN009992,2026-08-15 14:28:47,ACC0343,ACC0435,1320.64,INR,NEFT,Mumbai,mobile,DEV0683
TXN007530,2026-08-15 14:29:46,ACC0342,ACC0467,241.95,INR,RTGS,Hyderabad,mobile,DEV0269
TXN003093,2026-08-15 14:30:14,ACC0204,ACC0459,1049.15,INR,UPI,Hyderabad,atm,DEV0100
TXN001001,2026-08-15 14:33:12,ACC0383,ACC0101,486.09,INR,IMPS,Chennai,branch,DEV0035
TXN004571,2026-08-15 14:35:15,ACC0435,ACC0479,258.35,INR,RTGS,Chennai,atm,DEV0302
TXN000084,2026-08-15 14:37:19,ACC0347,ACC0455,2579.71,INR,IMPS,Kochi,branch,DEV0204
TXN001282,2026-08-15 14:39:20,ACC0230,ACC0490,1066.74,INR,UPI,Kochi,atm,DEV0444
TXN004256,2026-08-15 14:39:39,ACC0053,ACC0232,454.01,INR,IMPS,Bengaluru,mobile,DEV0027
TXN004357,2026-08-15 14:39:53,ACC0269,ACC0495,4521.7,INR,IMPS,Delhi,atm,DEV0221
TXN006167,2026-08-15 14:40:40,ACC0132,ACC0481,10193.95,INR,NEFT,Pune,atm,DEV0798
TXN006639,2026-08-15 14:42:04,ACC0167,ACC0474,1937.43,INR,NEFT,Kolkata,branch,DEV0514
TXN009537,2026-08-15 14:44:00,ACC0279,ACC0077,4417.74,INR,RTGS,Chennai,branch,DEV0293
TXN001650,2026-08-15 14:44:36,ACC0200,ACC0452,10736.47,INR,RTGS,Pune,branch,DEV0243
TXN000954,2026-08-15 14:47:07,ACC0394,ACC0119,3154.19,INR,RTGS,Kolkata,mobile,DEV0361
TXN004220,2026-08-15 14:47:44,ACC0283,ACC0324,6236.19,INR,IMPS,Kochi,branch,DEV0015
TXN000205,2026-08-15 14:48:17,ACC0047,ACC0470,1219.26,INR,RTGS,Mumbai,mobile,DEV0092
TXN001223,2026-08-15 14:49:18,ACC0090,ACC0474,214.57,INR,RTGS,Pune,branch,DEV0443
TXN010055,2026-08-15 14:49:28,ACC0540,ACC0559,667450.37,INR,IMPS,Kolkata,mobile,DEV0875
TXN006188,2026-08-15 14:49:55,ACC0236,ACC0487,321.0,INR,RTGS,Pune,atm,DEV0455
TXN001579,2026-08-15 14:50:50,ACC0043,ACC0462,5296.7,INR,UPI,Chennai,web,DEV0881
TXN010056,2026-08-15 14:51:15,ACC0559,ACC0531,652466.39,INR,IMPS,Hyderabad,branch,DEV0760
TXN010057,2026-08-15 14:53:33,ACC0531,ACC0509,627444.06,INR,IMPS,Delhi,branch,DEV0364
TXN010058,2026-08-15 14:56:23,ACC0509,ACC0540,616673.64,INR,IMPS,Bengaluru,branch,DEV0445
TXN005844,2026-08-15 14:57:14,ACC0428,ACC0474,2368.12,INR,NEFT,Kochi,branch,DEV0456
TXN003828,2026-08-15 15:01:45,ACC0411,ACC0479,849.7,INR,IMPS,Mumbai,web,DEV0418
TXN004915,2026-08-15 15:05:52,ACC0273,ACC0098,1935.31,INR,NEFT,Chennai,atm,DEV0531
TXN006018,2026-08-15 15:13:12,ACC0150,ACC0139,2616.69,INR,NEFT,Chennai,branch,DEV0799
TXN003149,2026-08-15 15:19:21,ACC0020,ACC0457,6058.71,INR,UPI,Delhi,web,DEV0682
TXN009525,2026-08-15 15:19:29,ACC0297,ACC0497,98.56,INR,RTGS,Delhi,web,DEV0313
TXN006811,2026-08-15 15:25:02,ACC0175,ACC0464,4595.36,INR,NEFT,Hyderabad,atm,DEV0797
TXN001856,2026-08-15 15:27:16,ACC0265,ACC0024,474.37,INR,RTGS,Bengaluru,web,DEV0490
TXN001467,2026-08-15 15:29:48,ACC0444,ACC0495,2251.53,INR,UPI,Mumbai,mobile,DEV0392
TXN009721,2026-08-15 15:30:48,ACC0233,ACC0489,1725.41,INR,UPI,Delhi,web,DEV0116
TXN000726,2026-08-15 15:32:40,ACC0010,ACC0488,4100.77,INR,UPI,Bengaluru,mobile,DEV0632
TXN005509,2026-08-15 15:33:08,ACC0166,ACC0471,1390.57,INR,RTGS,Chennai,mobile,DEV0520
TXN006380,2026-08-15 15:35:50,ACC0410,ACC0456,2689.72,INR,IMPS,Hyderabad,mobile,DEV0536
TXN008453,2026-08-15 15:39:32,ACC0240,ACC0476,7827.92,INR,IMPS,Pune,branch,DEV0406
TXN003362,2026-08-15 15:44:10,ACC0307,ACC0460,511.01,INR,NEFT,Mumbai,web,DEV0482
TXN003712,2026-08-15 15:44:19,ACC0201,ACC0472,1443.31,INR,RTGS,Kolkata,atm,DEV0198
TXN007930,2026-08-15 15:45:23,ACC0375,ACC0004,1735.92,INR,RTGS,Chennai,atm,DEV0485
TXN001234,2026-08-15 15:47:21,ACC0426,ACC0049,457.98,INR,RTGS,Bengaluru,atm,DEV0098
TXN008425,2026-08-15 15:47:39,ACC0209,ACC0464,1310.84,INR,NEFT,Delhi,branch,DEV0403
TXN003626,2026-08-15 15:48:04,ACC0055,ACC0476,1329.85,INR,RTGS,Kolkata,atm,DEV0895
TXN005355,2026-08-15 15:52:03,ACC0060,ACC0375,603.99,INR,NEFT,Pune,web,DEV0577
TXN009128,2026-08-15 15:55:02,ACC0355,ACC0185,3142.37,INR,RTGS,Kochi,web,DEV0695
TXN006850,2026-08-15 15:55:37,ACC0030,ACC0452,215.01,INR,UPI,Delhi,atm,DEV0826
TXN006566,2026-08-15 15:56:14,ACC0311,ACC0488,2017.63,INR,UPI,Kochi,atm,DEV0583
TXN001525,2026-08-15 15:56:30,ACC0093,ACC0409,3280.49,INR,RTGS,Delhi,branch,DEV0628
TXN001549,2026-08-15 15:58:11,ACC0102,ACC0009,878.25,INR,RTGS,Kochi,mobile,DEV0340
TXN003071,2026-08-15 15:59:23,ACC0206,ACC0493,13757.33,INR,RTGS,Pune,branch,DEV0493
TXN000476,2026-08-15 16:01:04,ACC0341,ACC0471,1522.69,INR,RTGS,Delhi,branch,DEV0787
TXN009774,2026-08-15 16:04:09,ACC0088,ACC0495,7394.69,INR,NEFT,Bengaluru,web,DEV0234
TXN004445,2026-08-15 16:06:43,ACC0262,ACC0499,6314.47,INR,NEFT,Mumbai,web,DEV0875
TXN001781,2026-08-15 16:08:00,ACC0018,ACC0183,892.26,INR,UPI,Chennai,atm,DEV0707
TXN006381,2026-08-15 16:09:30,ACC0377,ACC0380,2428.43,INR,UPI,Delhi,atm,DEV0469
TXN005701,2026-08-15 16:09:52,ACC0295,ACC0500,1006.64,INR,UPI,Chennai,atm,DEV0192
TXN005454,2026-08-15 16:10:10,ACC0404,ACC0466,626.23,INR,RTGS,Bengaluru,mobile,DEV0861
TXN007146,2026-08-15 16:11:03,ACC0234,ACC0457,2100.04,INR,NEFT,Mumbai,web,DEV0619
TXN000280,2026-08-15 16:16:14,ACC0096,ACC0467,7042.78,INR,NEFT,Mumbai,mobile,DEV0685
TXN005611,2026-08-15 16:18:54,ACC0008,ACC0483,364.1,INR,UPI,Delhi,branch,DEV0689
TXN000699,2026-08-15 16:27:26,ACC0263,ACC0478,994.67,INR,IMPS,Pune,mobile,DEV0184
TXN000717,2026-08-15 16:29:04,ACC0070,ACC0498,3350.32,INR,RTGS,Hyderabad,web,DEV0175
TXN009927,2026-08-15 16:29:50,ACC0025,ACC0482,997.33,INR,IMPS,Delhi,web,DEV0486
TXN007134,2026-08-15 16:31:32,ACC0162,ACC0493,2474.4,INR,IMPS,Kochi,atm,DEV0079
TXN001222,2026-08-15 16:34:10,ACC0187,ACC0474,143.18,INR,NEFT,Kolkata,branch,DEV0417
TXN000999,2026-08-15 16:44:50,ACC0074,ACC0287,958.06,INR,RTGS,Kolkata,web,DEV0026
TXN003968,2026-08-15 16:46:05,ACC0040,ACC0490,981.75,INR,IMPS,Bengaluru,atm,DEV0053
TXN007257,2026-08-15 16:49:08,ACC0023,ACC0394,3264.2,INR,RTGS,Mumbai,atm,DEV0679
TXN005424,2026-08-15 16:50:02,ACC0087,ACC0490,322.24,INR,IMPS,Kolkata,branch,DEV0322
TXN009792,2026-08-15 16:51:54,ACC0142,ACC0171,1489.72,INR,UPI,Kolkata,branch,DEV0320
TXN001867,2026-08-15 16:56:56,ACC0280,ACC0455,3066.77,INR,NEFT,Kochi,mobile,DEV0351
TXN003567,2026-08-15 17:02:20,ACC0293,ACC0464,858.38,INR,RTGS,Mumbai,atm,DEV0130
TXN004332,2026-08-15 17:03:24,ACC0076,ACC0489,712.13,INR,RTGS,Chennai,web,DEV0298
TXN006511,2026-08-15 17:08:56,ACC0431,ACC0485,2268.57,INR,NEFT,Delhi,branch,DEV0200
TXN008428,2026-08-15 17:09:56,ACC0264,ACC0441,1749.93,INR,RTGS,Bengaluru,mobile,DEV0795
TXN004078,2026-08-15 17:10:44,ACC0155,ACC0455,1409.52,INR,RTGS,Kochi,web,DEV0062
TXN004664,2026-08-15 17:12:03,ACC0417,ACC0470,3294.31,INR,RTGS,Hyderabad,atm,DEV0738
TXN007742,2026-08-15 17:14:44,ACC0245,ACC0454,1710.64,INR,IMPS,Kolkata,mobile,DEV0645
TXN002652,2026-08-15 17:14:53,ACC0004,ACC0481,447.67,INR,NEFT,Hyderabad,branch,DEV0833
TXN006916,2026-08-15 17:18:29,ACC0432,ACC0489,1092.01,INR,UPI,Kolkata,branch,DEV0080
TXN006223,2026-08-15 17:19:14,ACC0125,ACC0500,1115.67,INR,UPI,Chennai,web,DEV0203
TXN006326,2026-08-15 17:20:52,ACC0058,ACC0487,855.41,INR,UPI,Pune,web,DEV0008
TXN001834,2026-08-15 17:21:55,ACC0332,ACC0491,663.79,INR,RTGS,Kolkata,web,DEV0346
TXN007686,2026-08-15 17:23:03,ACC0116,ACC0440,700.9,INR,IMPS,Delhi,web,DEV0250
TXN006094,2026-08-15 17:24:39,ACC0279,ACC0462,6785.84,INR,RTGS,Kochi,atm,DEV0711
TXN009609,2026-08-15 17:24:42,ACC0355,ACC0403,982.51,INR,RTGS,Bengaluru,atm,DEV0683
TXN007775,2026-08-15 17:27:13,ACC0395,ACC0463,331.7,INR,UPI,Bengaluru,mobile,DEV0691
TXN010099,2026-08-15 17:28:00,ACC0146,ACC0568,230284.17,INR,UPI,Kolkata,branch,DEV0633
TXN001966,2026-08-15 17:34:00,ACC0356,ACC0338,620.54,INR,IMPS,Mumbai,atm,DEV0290
TXN010100,2026-08-15 17:35:00,ACC0135,ACC0568,213747.3,INR,UPI,Pune,web,DEV0254
TXN007244,2026-08-15 17:36:06,ACC0441,ACC0495,6360.05,INR,UPI,Delhi,mobile,DEV0212
TXN009710,2026-08-15 17:37:19,ACC0013,ACC0145,2919.8,INR,NEFT,Delhi,branch,DEV0853
TXN008193,2026-08-15 17:37:21,ACC0076,ACC0464,2688.46,INR,IMPS,Kochi,atm,DEV0493
TXN004581,2026-08-15 17:38:02,ACC0098,ACC0472,7833.95,INR,UPI,Pune,mobile,DEV0196
TXN007810,2026-08-15 17:39:06,ACC0398,ACC0460,111.17,INR,UPI,Kolkata,mobile,DEV0169
TXN010101,2026-08-15 17:42:00,ACC0367,ACC0568,180337.8,INR,UPI,Kochi,branch,DEV0443
TXN002819,2026-08-15 17:43:05,ACC0447,ACC0466,1381.9,INR,IMPS,Bengaluru,atm,DEV0259
TXN004365,2026-08-15 17:47:37,ACC0177,ACC0461,2129.92,INR,NEFT,Delhi,web,DEV0826
TXN005203,2026-08-15 17:47:49,ACC0151,ACC0478,842.34,INR,RTGS,Pune,mobile,DEV0112
TXN010102,2026-08-15 17:48:00,ACC0568,ACC0563,600000.0,INR,IMPS,Mumbai,web,DEV0032
TXN002149,2026-08-15 17:49:04,ACC0198,ACC0480,852.79,INR,RTGS,Hyderabad,web,DEV0455
TXN006671,2026-08-15 17:49:24,ACC0407,ACC0489,2222.72,INR,RTGS,Mumbai,branch,DEV0246
TXN010103,2026-08-15 17:51:49,ACC0563,ACC0560,560754.65,INR,IMPS,Hyderabad,web,DEV0349
TXN004586,2026-08-15 17:52:10,ACC0283,ACC0200,1876.37,INR,NEFT,Pune,atm,DEV0337
TXN006028,2026-08-15 17:53:01,ACC0294,ACC0456,30467.77,INR,RTGS,Mumbai,branch,DEV0191
TXN007860,2026-08-15 17:54:08,ACC0022,ACC0419,1010.81,INR,NEFT,Mumbai,web,DEV0175
TXN002166,2026-08-15 17:54:44,ACC0404,ACC0482,3585.75,INR,NEFT,Kolkata,mobile,DEV0885
TXN010104,2026-08-15 17:57:19,ACC0560,ACC0528,523336.56,INR,IMPS,Hyderabad,web,DEV0782
TXN009097,2026-08-15 18:00:34,ACC0078,ACC0478,1245.05,INR,IMPS,Mumbai,branch,DEV0392
TXN001421,2026-08-15 18:02:35,ACC0072,ACC0476,3470.38,INR,IMPS,Bengaluru,atm,DEV0639
TXN006542,2026-08-15 18:05:43,ACC0198,ACC0462,500.92,INR,IMPS,Hyderabad,mobile,DEV0635
TXN009603,2026-08-15 18:07:02,ACC0302,ACC0499,3492.87,INR,RTGS,Hyderabad,atm,DEV0860
TXN002458,2026-08-15 18:09:14,ACC0046,ACC0172,428.34,INR,IMPS,Kolkata,mobile,DEV0636
TXN007707,2026-08-15 18:10:52,ACC0286,ACC0454,4516.47,INR,RTGS,Delhi,web,DEV0169
TXN004039,2026-08-15 18:11:03,ACC0391,ACC0473,2335.78,INR,RTGS,Pune,mobile,DEV0849
TXN003025,2026-08-15 18:14:50,ACC0187,ACC0255,732.47,INR,IMPS,Pune,mobile,DEV0597
TXN001406,2026-08-15 18:18:25,ACC0009,ACC0226,175.81,INR,RTGS,Delhi,atm,DEV0782
TXN001575,2026-08-15 18:21:22,ACC0361,ACC0474,373.95,INR,UPI,Chennai,branch,DEV0785
TXN003530,2026-08-15 18:22:29,ACC0402,ACC0464,410.87,INR,UPI,Pune,mobile,DEV0131
TXN001367,2026-08-15 18:22:50,ACC0309,ACC0286,6750.63,INR,NEFT,Mumbai,mobile,DEV0275
TXN005574,2026-08-15 18:24:38,ACC0217,ACC0477,796.36,INR,RTGS,Delhi,branch,DEV0086
TXN001953,2026-08-15 18:26:26,ACC0187,ACC0451,333.25,INR,IMPS,Kochi,web,DEV0776
TXN005254,2026-08-15 18:27:18,ACC0248,ACC0379,493.27,INR,RTGS,Chennai,atm,DEV0543
TXN008554,2026-08-15 18:30:48,ACC0029,ACC0485,3564.67,INR,IMPS,Bengaluru,web,DEV0118
TXN003484,2026-08-15 18:33:45,ACC0423,ACC0492,1877.05,INR,NEFT,Mumbai,web,DEV0173
TXN006033,2026-08-15 18:36:31,ACC0152,ACC0472,2171.12,INR,UPI,Kolkata,web,DEV0167
TXN006041,2026-08-15 18:36:31,ACC0267,ACC0089,2191.31,INR,NEFT,Delhi,branch,DEV0533
TXN003748,2026-08-15 18:37:34,ACC0377,ACC0466,1466.89,INR,IMPS,Bengaluru,web,DEV0553
TXN009426,2026-08-15 18:38:55,ACC0217,ACC0151,373.08,INR,RTGS,Chennai,web,DEV0798
TXN010121,2026-08-15 18:39:41,ACC0446,ACC0526,48814.17,INR,UPI,Bengaluru,web,DEV0021
TXN002738,2026-08-15 18:42:10,ACC0341,ACC0465,1441.85,INR,NEFT,Delhi,atm,DEV0203
TXN005551,2026-08-15 18:45:06,ACC0180,ACC0497,5708.2,INR,UPI,Delhi,atm,DEV0838
TXN007584,2026-08-15 18:45:33,ACC0447,ACC0035,4997.91,INR,NEFT,Hyderabad,atm,DEV0205
TXN006267,2026-08-15 18:45:49,ACC0036,ACC0335,197.19,INR,UPI,Mumbai,atm,DEV0061
TXN006135,2026-08-15 18:46:48,ACC0160,ACC0456,5645.15,INR,IMPS,Kochi,mobile,DEV0697
TXN007798,2026-08-15 18:49:45,ACC0204,ACC0411,1202.8,INR,NEFT,Bengaluru,branch,DEV0246
TXN002889,2026-08-15 18:50:41,ACC0421,ACC0466,1142.11,INR,RTGS,Kochi,branch,DEV0280
TXN004070,2026-08-15 18:51:06,ACC0104,ACC0452,4870.13,INR,RTGS,Pune,mobile,DEV0078
TXN010122,2026-08-15 18:51:41,ACC0426,ACC0526,40084.16,INR,UPI,Kolkata,web,DEV0177
TXN008333,2026-08-15 18:51:48,ACC0113,ACC0472,4724.61,INR,RTGS,Bengaluru,web,DEV0292
TXN004157,2026-08-15 18:52:13,ACC0142,ACC0465,1199.98,INR,UPI,Hyderabad,branch,DEV0552
TXN008040,2026-08-15 18:56:30,ACC0223,ACC0297,11904.31,INR,IMPS,Kolkata,web,DEV0848
TXN006052,2026-08-15 19:00:42,ACC0074,ACC0498,405.04,INR,NEFT,Kochi,mobile,DEV0695
TXN008071,2026-08-15 19:02:11,ACC0372,ACC0455,942.85,INR,UPI,Mumbai,mobile,DEV0463
TXN010123,2026-08-15 19:03:41,ACC0117,ACC0526,45006.55,INR,UPI,Mumbai,mobile,DEV0582
TXN008392,2026-08-15 19:03:44,ACC0106,ACC0491,636.88,INR,NEFT,Mumbai,web,DEV0206
TXN005022,2026-08-15 19:03:45,ACC0043,ACC0499,636.43,INR,RTGS,Hyderabad,mobile,DEV0360
TXN001178,2026-08-15 19:05:21,ACC0384,ACC0337,1828.59,INR,UPI,Chennai,branch,DEV0390
TXN004714,2026-08-15 19:06:07,ACC0243,ACC0482,1602.5,INR,UPI,Kochi,branch,DEV0328
TXN010124,2026-08-15 19:07:41,ACC0342,ACC0526,44886.38,INR,UPI,Kochi,branch,DEV0686
TXN007618,2026-08-15 19:08:13,ACC0037,ACC0046,9011.22,INR,RTGS,Chennai,web,DEV0534
TXN006496,2026-08-15 19:08:30,ACC0396,ACC0491,1205.97,INR,UPI,Kolkata,atm,DEV0147
TXN003407,2026-08-15 19:09:57,ACC0347,ACC0453,1705.98,INR,UPI,Mumbai,branch,DEV0744
TXN006148,2026-08-15 19:11:50,ACC0363,ACC0468,1629.93,INR,IMPS,Kochi,atm,DEV0614
TXN001917,2026-08-15 19:13:01,ACC0014,ACC0492,5076.3,INR,UPI,Delhi,web,DEV0753
TXN010125,2026-08-15 19:13:41,ACC0290,ACC0526,40281.39,INR,UPI,Kochi,web,DEV0716
TXN003075,2026-08-15 19:14:41,ACC0088,ACC0485,2058.99,INR,IMPS,Chennai,mobile,DEV0390
TXN006237,2026-08-15 19:15:38,ACC0325,ACC0459,1360.16,INR,IMPS,Mumbai,web,DEV0593
TXN008638,2026-08-15 19:15:56,ACC0245,ACC0463,261.27,INR,RTGS,Pune,mobile,DEV0291
TXN009292,2026-08-15 19:17:56,ACC0197,ACC0490,210.61,INR,IMPS,Bengaluru,branch,DEV0408
TXN009574,2026-08-15 19:19:48,ACC0260,ACC0173,705.31,INR,UPI,Kolkata,web,DEV0530
TXN010126,2026-08-15 19:24:41,ACC0392,ACC0526,45865.85,INR,UPI,Bengaluru,mobile,DEV0666
TXN008983,2026-08-15 19:29:23,ACC0257,ACC0496,2278.41,INR,NEFT,Hyderabad,atm,DEV0573
TXN009511,2026-08-15 19:32:28,ACC0267,ACC0459,1878.05,INR,IMPS,Delhi,web,DEV0709
TXN003613,2026-08-15 19:32:42,ACC0169,ACC0117,812.61,INR,NEFT,Pune,branch,DEV0899
TXN010127,2026-08-15 19:35:41,ACC0345,ACC0526,39925.1,INR,UPI,Pune,branch,DEV0809
TXN010128,2026-08-15 19:39:41,ACC0200,ACC0526,47525.18,INR,UPI,Delhi,atm,DEV0481
TXN003446,2026-08-15 19:41:22,ACC0146,ACC0468,4168.67,INR,IMPS,Chennai,web,DEV0134
TXN006208,2026-08-15 19:41:37,ACC0318,ACC0284,2465.74,INR,UPI,Mumbai,branch,DEV0531
TXN002740,2026-08-15 19:43:33,ACC0309,ACC0489,13665.53,INR,UPI,Kolkata,mobile,DEV0244
TXN001004,2026-08-15 19:45:03,ACC0428,ACC0029,138.83,INR,IMPS,Bengaluru,mobile,DEV0341
TXN006982,2026-08-15 19:45:53,ACC0159,ACC0486,1647.7,INR,IMPS,Delhi,mobile,DEV0511
TXN010059,2026-08-15 19:49:28,ACC0540,ACC0559,647426.86,INR,IMPS,Delhi,branch,DEV0221
TXN010060,2026-08-15 19:50:33,ACC0559,ACC0531,624365.59,INR,IMPS,Delhi,mobile,DEV0640
TXN010061,2026-08-15 19:53:13,ACC0531,ACC0509,609181.28,INR,IMPS,Bengaluru,web,DEV0850
TXN007077,2026-08-15 19:53:22,ACC0382,ACC0471,2699.43,INR,IMPS,Bengaluru,atm,DEV0430
TXN006778,2026-08-15 19:56:05,ACC0431,ACC0453,1185.85,INR,IMPS,Hyderabad,branch,DEV0793
TXN010062,2026-08-15 19:56:07,ACC0509,ACC0540,598324.66,INR,IMPS,Bengaluru,atm,DEV0807
TXN008945,2026-08-15 19:57:12,ACC0382,ACC0478,757.73,INR,UPI,Pune,web,DEV0455
TXN007951,2026-08-15 20:08:48,ACC0211,ACC0332,2226.63,INR,UPI,Bengaluru,mobile,DEV0298
TXN008183,2026-08-15 20:09:33,ACC0285,ACC0467,2048.74,INR,IMPS,Delhi,mobile,DEV0128
TXN009893,2026-08-15 20:09:41,ACC0115,ACC0417,3297.79,INR,NEFT,Pune,atm,DEV0465
TXN010129,2026-08-15 20:10:41,ACC0526,ACC0567,193813.83,INR,IMPS,Mumbai,branch,DEV0674
TXN009531,2026-08-15 20:11:05,ACC0294,ACC0427,607.81,INR,NEFT,Chennai,mobile,DEV0332
TXN006392,2026-08-15 20:16:03,ACC0008,ACC0298,36751.53,INR,RTGS,Kolkata,atm,DEV0277
TXN000051,2026-08-15 20:16:49,ACC0059,ACC0464,873.26,INR,UPI,Delhi,branch,DEV0111
TXN002522,2026-08-15 20:17:01,ACC0242,ACC0454,5032.65,INR,RTGS,Chennai,web,DEV0253
TXN003681,2026-08-15 20:17:18,ACC0069,ACC0482,2391.29,INR,NEFT,Delhi,branch,DEV0354
TXN006634,2026-08-15 20:17:43,ACC0301,ACC0496,2454.39,INR,NEFT,Delhi,atm,DEV0431
TXN002933,2026-08-15 20:17:56,ACC0254,ACC0478,5615.56,INR,RTGS,Bengaluru,branch,DEV0555
TXN005707,2026-08-15 20:18:45,ACC0105,ACC0500,702.06,INR,IMPS,Pune,branch,DEV0054
TXN002911,2026-08-15 20:20:07,ACC0243,ACC0074,556.75,INR,RTGS,Kochi,mobile,DEV0437
TXN003230,2026-08-15 20:21:26,ACC0176,ACC0495,1478.5,INR,IMPS,Chennai,web,DEV0056
TXN007500,2026-08-15 20:29:16,ACC0427,ACC0461,1559.51,INR,UPI,Pune,branch,DEV0898
TXN010130,2026-08-15 20:30:41,ACC0526,ACC0548,140955.51,INR,IMPS,Kochi,branch,DEV0603
TXN009088,2026-08-15 20:30:51,ACC0181,ACC0457,6833.62,INR,NEFT,Kolkata,mobile,DEV0339
TXN000073,2026-08-15 20:31:07,ACC0282,ACC0469,11455.54,INR,IMPS,Chennai,atm,DEV0096
TXN005531,2026-08-15 20:33:55,ACC0188,ACC0475,1834.73,INR,UPI,Kolkata,branch,DEV0269
TXN007233,2026-08-15 20:36:18,ACC0419,ACC0479,705.08,INR,RTGS,Hyderabad,web,DEV0683
TXN009184,2026-08-15 20:37:37,ACC0184,ACC0464,1199.35,INR,NEFT,Chennai,branch,DEV0173
TXN001979,2026-08-15 20:38:23,ACC0236,ACC0292,924.12,INR,NEFT,Pune,mobile,DEV0051
TXN001120,2026-08-15 20:40:16,ACC0229,ACC0167,2992.51,INR,IMPS,Pune,branch,DEV0800
TXN009605,2026-08-15 20:40:34,ACC0287,ACC0486,2838.63,INR,RTGS,Chennai,web,DEV0587
TXN001786,2026-08-15 20:41:10,ACC0007,ACC0476,365.77,INR,RTGS,Pune,web,DEV0072
TXN009845,2026-08-15 20:41:27,ACC0204,ACC0246,533.0,INR,IMPS,Chennai,web,DEV0814
TXN000614,2026-08-15 20:42:30,ACC0166,ACC0456,236.19,INR,UPI,Kolkata,mobile,DEV0672
TXN008495,2026-08-15 20:44:01,ACC0206,ACC0474,3342.14,INR,RTGS,Kochi,mobile,DEV0742
TXN000216,2026-08-15 20:44:28,ACC0248,ACC0457,1003.88,INR,UPI,Chennai,branch,DEV0664
TXN006112,2026-08-15 20:47:01,ACC0444,ACC0465,5944.25,INR,UPI,Bengaluru,branch,DEV0401
TXN001457,2026-08-15 20:47:56,ACC0063,ACC0492,1610.78,INR,RTGS,Hyderabad,web,DEV0021
TXN008974,2026-08-15 20:48:25,ACC0172,ACC0461,2628.75,INR,IMPS,Chennai,branch,DEV0873
TXN008551,2026-08-15 20:48:26,ACC0158,ACC0495,704.44,INR,NEFT,Mumbai,branch,DEV0100
TXN003537,2026-08-15 20:51:14,ACC0327,ACC0492,1792.3,INR,NEFT,Kochi,mobile,DEV0688
TXN009156,2026-08-15 20:51:39,ACC0016,ACC0456,5802.79,INR,NEFT,Delhi,web,DEV0163
TXN004057,2026-08-15 20:53:56,ACC0073,ACC0461,1358.05,INR,UPI,Kolkata,branch,DEV0800
TXN007787,2026-08-15 20:54:12,ACC0101,ACC0473,3027.62,INR,IMPS,Delhi,atm,DEV0493
TXN008140,2026-08-15 20:54:50,ACC0432,ACC0467,3536.09,INR,UPI,Bengaluru,mobile,DEV0773
TXN004887,2026-08-15 20:56:33,ACC0054,ACC0087,6678.89,INR,RTGS,Delhi,branch,DEV0554
TXN001924,2026-08-15 20:58:59,ACC0412,ACC0456,325.36,INR,IMPS,Hyderabad,web,DEV0415
TXN003080,2026-08-15 20:59:05,ACC0280,ACC0483,2540.82,INR,RTGS,Pune,atm,DEV0898
TXN005603,2026-08-16 09:00:49,ACC0328,ACC0454,1495.09,INR,IMPS,Bengaluru,branch,DEV0373
TXN001519,2026-08-16 09:03:01,ACC0191,ACC0475,2722.7,INR,IMPS,Delhi,branch,DEV0544
TXN005650,2026-08-16 09:05:09,ACC0057,ACC0141,1333.9,INR,IMPS,Pune,web,DEV0640
TXN007198,2026-08-16 09:05:46,ACC0134,ACC0472,11040.05,INR,NEFT,Pune,web,DEV0175
TXN005983,2026-08-16 09:07:12,ACC0182,ACC0455,3853.03,INR,UPI,Delhi,mobile,DEV0383
TXN007315,2026-08-16 09:09:38,ACC0241,ACC0455,1635.15,INR,NEFT,Hyderabad,branch,DEV0349
TXN005960,2026-08-16 09:12:55,ACC0340,ACC0484,210.99,INR,NEFT,Pune,web,DEV0041
TXN004756,2026-08-16 09:13:33,ACC0100,ACC0489,1138.57,INR,RTGS,Bengaluru,web,DEV0734
TXN004014,2026-08-16 09:15:12,ACC0161,ACC0470,1346.41,INR,IMPS,Kolkata,web,DEV0733
TXN001439,2026-08-16 09:17:23,ACC0376,ACC0388,2326.44,INR,IMPS,Pune,web,DEV0141
TXN007036,2026-08-16 09:17:47,ACC0210,ACC0436,4162.41,INR,IMPS,Bengaluru,web,DEV0788
TXN005126,2026-08-16 09:19:58,ACC0094,ACC0182,96.2,INR,NEFT,Bengaluru,web,DEV0203
TXN005656,2026-08-16 09:23:59,ACC0398,ACC0484,281.54,INR,UPI,Kolkata,branch,DEV0498
TXN004608,2026-08-16 09:24:44,ACC0200,ACC0037,6153.26,INR,RTGS,Hyderabad,atm,DEV0319
TXN007186,2026-08-16 09:28:08,ACC0116,ACC0131,4183.24,INR,NEFT,Kolkata,atm,DEV0599
TXN001791,2026-08-16 09:29:16,ACC0414,ACC0036,883.44,INR,NEFT,Bengaluru,branch,DEV0301
TXN007450,2026-08-16 09:42:22,ACC0074,ACC0037,7850.08,INR,UPI,Hyderabad,atm,DEV0843
TXN004684,2026-08-16 09:43:02,ACC0040,ACC0261,3846.26,INR,UPI,Kolkata,web,DEV0135
TXN005894,2026-08-16 09:43:16,ACC0366,ACC0478,5652.23,INR,IMPS,Mumbai,web,DEV0618
TXN002905,2026-08-16 09:45:11,ACC0307,ACC0459,781.29,INR,UPI,Mumbai,branch,DEV0221
TXN002873,2026-08-16 09:45:18,ACC0241,ACC0452,2128.62,INR,IMPS,Pune,atm,DEV0272
TXN005362,2026-08-16 09:55:04,ACC0393,ACC0479,1077.69,INR,IMPS,Delhi,branch,DEV0291
TXN000628,2026-08-16 09:55:28,ACC0379,ACC0249,2000.94,INR,RTGS,Chennai,branch,DEV0009
TXN006217,2026-08-16 09:57:11,ACC0261,ACC0456,1077.95,INR,IMPS,Chennai,mobile,DEV0768
TXN005068,2026-08-16 09:57:32,ACC0416,ACC0190,1754.28,INR,RTGS,Chennai,branch,DEV0099
TXN001931,2026-08-16 09:59:38,ACC0230,ACC0059,7574.84,INR,IMPS,Chennai,atm,DEV0050
TXN004720,2026-08-16 09:59:40,ACC0318,ACC0159,1830.38,INR,UPI,Delhi,mobile,DEV0887
TXN004210,2026-08-16 10:01:19,ACC0377,ACC0461,433.0,INR,IMPS,Mumbai,web,DEV0326
TXN009968,2026-08-16 10:01:20,ACC0329,ACC0484,870.36,INR,UPI,Pune,branch,DEV0875
TXN003498,2026-08-16 10:03:25,ACC0270,ACC0193,872.48,INR,UPI,Delhi,branch,DEV0596
TXN008157,2026-08-16 10:05:36,ACC0250,ACC0109,329.79,INR,NEFT,Chennai,atm,DEV0003
TXN001155,2026-08-16 10:07:14,ACC0266,ACC0241,393.62,INR,UPI,Mumbai,web,DEV0447
TXN004152,2026-08-16 10:07:38,ACC0212,ACC0453,7142.78,INR,UPI,Mumbai,branch,DEV0506
TXN000492,2026-08-16 10:08:32,ACC0378,ACC0469,484.03,INR,IMPS,Hyderabad,mobile,DEV0760
TXN005227,2026-08-16 10:09:15,ACC0064,ACC0478,395.51,INR,IMPS,Bengaluru,atm,DEV0826
TXN007201,2026-08-16 10:13:11,ACC0041,ACC0055,1608.75,INR,IMPS,Kochi,mobile,DEV0088
TXN003676,2026-08-16 10:13:42,ACC0034,ACC0417,479.39,INR,RTGS,Hyderabad,web,DEV0318
TXN005342,2026-08-16 10:19:30,ACC0111,ACC0458,26165.5,INR,IMPS,Bengaluru,mobile,DEV0578
TXN000707,2026-08-16 10:21:36,ACC0033,ACC0463,1048.46,INR,NEFT,Chennai,atm,DEV0028
TXN006199,2026-08-16 10:22:04,ACC0220,ACC0427,188.17,INR,NEFT,Kochi,mobile,DEV0247
TXN002192,2026-08-16 10:24:23,ACC0348,ACC0491,3294.57,INR,RTGS,Pune,atm,DEV0417
TXN003005,2026-08-16 10:33:26,ACC0160,ACC0477,870.59,INR,RTGS,Delhi,branch,DEV0308
TXN004463,2026-08-16 10:34:04,ACC0365,ACC0489,2725.62,INR,RTGS,Bengaluru,web,DEV0034
TXN005793,2026-08-16 10:35:07,ACC0411,ACC0461,2176.12,INR,IMPS,Chennai,atm,DEV0399
TXN006958,2026-08-16 10:35:13,ACC0164,ACC0475,2013.8,INR,NEFT,Mumbai,branch,DEV0345
TXN009134,2026-08-16 10:37:25,ACC0091,ACC0468,783.38,INR,IMPS,Mumbai,branch,DEV0068
TXN002830,2026-08-16 10:42:54,ACC0137,ACC0318,3465.07,INR,RTGS,Bengaluru,web,DEV0787
TXN008271,2026-08-16 10:43:14,ACC0067,ACC0479,4663.08,INR,UPI,Pune,branch,DEV0588
TXN004893,2026-08-16 10:49:20,ACC0155,ACC0485,10497.76,INR,UPI,Bengaluru,web,DEV0057
TXN006670,2026-08-16 10:51:23,ACC0035,ACC0473,1455.7,INR,UPI,Kochi,branch,DEV0247
TXN006273,2026-08-16 10:51:48,ACC0323,ACC0271,6184.16,INR,IMPS,Hyderabad,web,DEV0121
TXN000611,2026-08-16 10:54:46,ACC0364,ACC0480,3604.79,INR,UPI,Bengaluru,branch,DEV0185
TXN003044,2026-08-16 10:55:10,ACC0015,ACC0491,3112.87,INR,IMPS,Kolkata,web,DEV0252
TXN003782,2026-08-16 10:56:01,ACC0132,ACC0285,4470.06,INR,IMPS,Bengaluru,branch,DEV0500
TXN000177,2026-08-16 10:57:32,ACC0349,ACC0488,1467.13,INR,NEFT,Pune,atm,DEV0578
TXN004492,2026-08-16 10:58:48,ACC0071,ACC0468,3411.35,INR,IMPS,Bengaluru,web,DEV0083
TXN000819,2026-08-16 11:07:14,ACC0367,ACC0058,811.86,INR,UPI,Kolkata,mobile,DEV0045
TXN008936,2026-08-16 11:09:29,ACC0350,ACC0105,1552.77,INR,UPI,Kolkata,branch,DEV0633
TXN001267,2026-08-16 11:10:14,ACC0138,ACC0467,10720.74,INR,NEFT,Chennai,atm,DEV0374
TXN002070,2026-08-16 11:11:34,ACC0131,ACC0205,4467.52,INR,UPI,Hyderabad,atm,DEV0774
TXN009688,2026-08-16 11:14:49,ACC0184,ACC0453,15179.14,INR,RTGS,Kolkata,mobile,DEV0260
TXN007779,2026-08-16 11:17:18,ACC0318,ACC0483,573.87,INR,RTGS,Bengaluru,mobile,DEV0810
TXN002504,2026-08-16 11:19:24,ACC0235,ACC0483,621.86,INR,NEFT,Hyderabad,web,DEV0539
TXN007022,2026-08-16 11:19:27,ACC0094,ACC0470,688.68,INR,IMPS,Chennai,branch,DEV0197
TXN002096,2026-08-16 11:24:03,ACC0012,ACC0464,1533.91,INR,UPI,Mumbai,branch,DEV0550
TXN003406,2026-08-16 11:26:33,ACC0307,ACC0470,12995.88,INR,RTGS,Hyderabad,atm,DEV0284
TXN005606,2026-08-16 11:27:32,ACC0012,ACC0476,962.32,INR,UPI,Mumbai,atm,DEV0609
TXN003434,2026-08-16 11:27:33,ACC0201,ACC0491,402.28,INR,IMPS,Chennai,atm,DEV0759
TXN003152,2026-08-16 11:29:10,ACC0121,ACC0483,10127.95,INR,NEFT,Bengaluru,branch,DEV0718
TXN000813,2026-08-16 11:29:11,ACC0076,ACC0048,3370.66,INR,RTGS,Delhi,branch,DEV0022
TXN000744,2026-08-16 11:32:07,ACC0096,ACC0102,990.71,INR,NEFT,Bengaluru,mobile,DEV0768
TXN002665,2026-08-16 11:32:49,ACC0067,ACC0479,5811.6,INR,RTGS,Kolkata,atm,DEV0714
TXN002785,2026-08-16 11:33:40,ACC0050,ACC0469,1149.84,INR,IMPS,Pune,branch,DEV0597
TXN001871,2026-08-16 11:34:55,ACC0359,ACC0499,503.94,INR,IMPS,Chennai,branch,DEV0791
TXN004510,2026-08-16 11:36:40,ACC0444,ACC0490,902.37,INR,IMPS,Pune,branch,DEV0450
TXN002992,2026-08-16 11:43:43,ACC0156,ACC0497,655.69,INR,IMPS,Pune,atm,DEV0134
TXN000989,2026-08-16 11:47:55,ACC0088,ACC0484,1896.84,INR,IMPS,Mumbai,atm,DEV0302
TXN001600,2026-08-16 11:51:32,ACC0080,ACC0488,1122.37,INR,UPI,Delhi,web,DEV0740
TXN008703,2026-08-16 11:53:00,ACC0224,ACC0479,1792.46,INR,IMPS,Bengaluru,branch,DEV0379
TXN006056,2026-08-16 11:54:10,ACC0280,ACC0493,1778.3,INR,UPI,Hyderabad,web,DEV0406
TXN009976,2026-08-16 12:02:12,ACC0346,ACC0024,511.42,INR,IMPS,Mumbai,mobile,DEV0514
TXN005218,2026-08-16 12:04:36,ACC0416,ACC0464,1165.09,INR,IMPS,Bengaluru,atm,DEV0596
TXN005088,2026-08-16 12:07:16,ACC0150,ACC0494,2136.68,INR,UPI,Chennai,mobile,DEV0810
TXN007047,2026-08-16 12:08:47,ACC0185,ACC0474,1230.5,INR,UPI,Kolkata,atm,DEV0156
TXN008162,2026-08-16 12:13:33,ACC0043,ACC0460,2623.46,INR,RTGS,Pune,mobile,DEV0114
TXN006446,2026-08-16 12:13:41,ACC0227,ACC0476,3010.76,INR,NEFT,Mumbai,web,DEV0766
TXN008233,2026-08-16 12:14:03,ACC0187,ACC0496,2212.45,INR,RTGS,Delhi,atm,DEV0451
TXN004648,2026-08-16 12:20:06,ACC0074,ACC0484,378.48,INR,RTGS,Bengaluru,branch,DEV0643
TXN003392,2026-08-16 12:20:46,ACC0229,ACC0195,11238.83,INR,RTGS,Delhi,web,DEV0669
TXN002833,2026-08-16 12:22:32,ACC0269,ACC0489,3955.35,INR,NEFT,Bengaluru,atm,DEV0281
TXN000203,2026-08-16 12:22:35,ACC0325,ACC0479,7081.41,INR,RTGS,Mumbai,branch,DEV0818
TXN003650,2026-08-16 12:33:03,ACC0258,ACC0464,1853.66,INR,NEFT,Hyderabad,atm,DEV0512
TXN001369,2026-08-16 12:33:12,ACC0330,ACC0481,617.57,INR,UPI,Pune,branch,DEV0249
TXN008620,2026-08-16 12:33:27,ACC0201,ACC0482,128.85,INR,NEFT,Kochi,atm,DEV0734
TXN004035,2026-08-16 12:34:59,ACC0219,ACC0462,4707.49,INR,RTGS,Pune,branch,DEV0562
TXN007700,2026-08-16 12:35:12,ACC0052,ACC0467,581.19,INR,UPI,Kochi,atm,DEV0167
TXN008617,2026-08-16 12:37:01,ACC0073,ACC0397,28766.49,INR,RTGS,Hyderabad,web,DEV0666
TXN004964,2026-08-16 12:38:46,ACC0178,ACC0196,693.33,INR,RTGS,Chennai,atm,DEV0010
TXN003893,2026-08-16 12:40:06,ACC0399,ACC0494,1904.98,INR,UPI,Mumbai,mobile,DEV0186
TXN000190,2026-08-16 12:44:38,ACC0061,ACC0387,3094.25,INR,NEFT,Kolkata,branch,DEV0390
TXN001184,2026-08-16 12:45:31,ACC0165,ACC0463,2089.12,INR,IMPS,Chennai,atm,DEV0190
TXN008598,2026-08-16 12:46:56,ACC0020,ACC0460,1376.02,INR,RTGS,Bengaluru,branch,DEV0705
TXN001742,2026-08-16 12:48:23,ACC0230,ACC0468,2456.79,INR,NEFT,Hyderabad,atm,DEV0895
TXN003265,2026-08-16 12:50:14,ACC0058,ACC0478,1853.89,INR,IMPS,Kochi,atm,DEV0294
TXN000150,2026-08-16 12:51:51,ACC0280,ACC0470,2688.89,INR,UPI,Chennai,web,DEV0451
TXN003742,2026-08-16 12:56:14,ACC0224,ACC0451,1285.44,INR,IMPS,Kolkata,branch,DEV0738
TXN009945,2026-08-16 13:01:49,ACC0218,ACC0038,3229.34,INR,IMPS,Kolkata,web,DEV0841
TXN006279,2026-08-16 13:02:52,ACC0286,ACC0473,3576.94,INR,IMPS,Mumbai,atm,DEV0315
TXN007252,2026-08-16 13:04:25,ACC0433,ACC0210,573.19,INR,UPI,Bengaluru,atm,DEV0627
TXN007335,2026-08-16 13:06:12,ACC0235,ACC0477,505.46,INR,IMPS,Chennai,branch,DEV0466
TXN004337,2026-08-16 13:08:22,ACC0290,ACC0365,3320.47,INR,UPI,Hyderabad,web,DEV0394
TXN006304,2026-08-16 13:10:40,ACC0305,ACC0311,1238.17,INR,RTGS,Delhi,branch,DEV0812
TXN000610,2026-08-16 13:10:45,ACC0028,ACC0453,1525.13,INR,RTGS,Chennai,atm,DEV0366
TXN007672,2026-08-16 13:11:08,ACC0125,ACC0486,5515.33,INR,NEFT,Kolkata,web,DEV0309
TXN006517,2026-08-16 13:12:08,ACC0306,ACC0458,3616.93,INR,UPI,Kochi,web,DEV0820
TXN005728,2026-08-16 13:18:31,ACC0287,ACC0481,1143.12,INR,IMPS,Kolkata,branch,DEV0580
TXN005412,2026-08-16 13:22:50,ACC0382,ACC0493,797.86,INR,UPI,Bengaluru,mobile,DEV0665
TXN009338,2026-08-16 13:24:05,ACC0054,ACC0142,2768.52,INR,IMPS,Chennai,branch,DEV0029
TXN003131,2026-08-16 13:27:39,ACC0038,ACC0497,420.93,INR,UPI,Kochi,mobile,DEV0137
TXN001090,2026-08-16 13:32:07,ACC0047,ACC0185,1107.27,INR,UPI,Kolkata,branch,DEV0318
TXN004304,2026-08-16 13:33:04,ACC0216,ACC0474,14159.54,INR,NEFT,Kolkata,web,DEV0721
TXN004441,2026-08-16 13:34:49,ACC0418,ACC0459,152.37,INR,UPI,Kochi,branch,DEV0021
TXN004051,2026-08-16 13:35:27,ACC0299,ACC0478,1379.22,INR,RTGS,Kochi,branch,DEV0874
TXN009823,2026-08-16 13:35:33,ACC0105,ACC0200,2243.26,INR,NEFT,Delhi,branch,DEV0827
TXN003951,2026-08-16 13:37:16,ACC0265,ACC0498,5440.36,INR,RTGS,Kolkata,mobile,DEV0506
TXN003295,2026-08-16 13:38:25,ACC0024,ACC0087,864.19,INR,IMPS,Hyderabad,mobile,DEV0777
TXN001602,2026-08-16 13:41:13,ACC0130,ACC0468,12558.0,INR,NEFT,Chennai,web,DEV0754
TXN004207,2026-08-16 13:45:57,ACC0102,ACC0480,970.54,INR,UPI,Delhi,branch,DEV0135
TXN000608,2026-08-16 13:47:23,ACC0161,ACC0459,5022.59,INR,IMPS,Hyderabad,branch,DEV0447
TXN006704,2026-08-16 13:47:33,ACC0071,ACC0457,1362.37,INR,IMPS,Delhi,branch,DEV0465
TXN007472,2026-08-16 13:48:23,ACC0095,ACC0135,14527.42,INR,NEFT,Bengaluru,branch,DEV0673
TXN005419,2026-08-16 13:48:58,ACC0083,ACC0494,2386.62,INR,RTGS,Kolkata,atm,DEV0769
TXN003855,2026-08-16 13:49:34,ACC0121,ACC0475,2097.3,INR,RTGS,Chennai,atm,DEV0531
TXN001784,2026-08-16 13:50:09,ACC0094,ACC0456,12696.56,INR,NEFT,Delhi,atm,DEV0103
TXN007814,2026-08-16 13:51:17,ACC0175,ACC0475,2356.84,INR,NEFT,Pune,atm,DEV0533
TXN004419,2026-08-16 13:52:02,ACC0167,ACC0482,5236.07,INR,NEFT,Mumbai,branch,DEV0068
TXN007104,2026-08-16 13:56:39,ACC0028,ACC0461,267.97,INR,UPI,Bengaluru,web,DEV0814
TXN000287,2026-08-16 13:57:23,ACC0354,ACC0498,976.1,INR,RTGS,Mumbai,web,DEV0138
TXN003073,2026-08-16 14:03:18,ACC0165,ACC0037,2205.34,INR,RTGS,Delhi,atm,DEV0148
TXN009431,2026-08-16 14:07:00,ACC0203,ACC0292,1524.98,INR,RTGS,Delhi,web,DEV0397
TXN000851,2026-08-16 14:07:50,ACC0078,ACC0076,7288.41,INR,UPI,Kochi,web,DEV0650
TXN005267,2026-08-16 14:12:21,ACC0297,ACC0484,1891.08,INR,NEFT,Delhi,branch,DEV0214
TXN002939,2026-08-16 14:14:15,ACC0409,ACC0401,1010.8,INR,RTGS,Delhi,mobile,DEV0140
TXN000559,2026-08-16 14:19:44,ACC0060,ACC0009,396.44,INR,IMPS,Delhi,branch,DEV0030
TXN002038,2026-08-16 14:20:12,ACC0322,ACC0216,1980.16,INR,UPI,Kochi,web,DEV0474
TXN003078,2026-08-16 14:23:08,ACC0273,ACC0484,2908.57,INR,RTGS,Mumbai,branch,DEV0077
TXN006970,2026-08-16 14:23:34,ACC0190,ACC0500,1001.42,INR,NEFT,Pune,branch,DEV0188
TXN007129,2026-08-16 14:26:18,ACC0126,ACC0488,2215.55,INR,NEFT,Bengaluru,web,DEV0834
TXN002588,2026-08-16 14:26:42,ACC0260,ACC0345,1007.98,INR,NEFT,Hyderabad,mobile,DEV0501
TXN000632,2026-08-16 14:28:14,ACC0083,ACC0463,1694.17,INR,IMPS,Kochi,web,DEV0301
TXN000246,2026-08-16 14:33:33,ACC0071,ACC0084,11074.95,INR,NEFT,Kolkata,web,DEV0768
TXN004547,2026-08-16 14:33:48,ACC0047,ACC0458,1274.37,INR,RTGS,Bengaluru,branch,DEV0210
TXN004286,2026-08-16 14:36:55,ACC0339,ACC0464,1773.37,INR,UPI,Bengaluru,atm,DEV0724
TXN003679,2026-08-16 14:36:59,ACC0184,ACC0486,2641.26,INR,UPI,Kolkata,branch,DEV0168
TXN003382,2026-08-16 14:37:21,ACC0094,ACC0471,13510.8,INR,RTGS,Kochi,mobile,DEV0648
TXN000606,2026-08-16 14:38:42,ACC0031,ACC0466,481.91,INR,IMPS,Pune,branch,DEV0136
TXN006920,2026-08-16 14:38:48,ACC0190,ACC0471,6813.49,INR,NEFT,Delhi,mobile,DEV0546
TXN008584,2026-08-16 14:41:10,ACC0180,ACC0478,4154.41,INR,NEFT,Delhi,mobile,DEV0313
TXN006069,2026-08-16 14:41:48,ACC0449,ACC0475,1014.17,INR,UPI,Kochi,web,DEV0318
TXN000915,2026-08-16 14:42:17,ACC0149,ACC0488,829.53,INR,UPI,Kochi,atm,DEV0834
TXN009384,2026-08-16 14:42:23,ACC0110,ACC0319,2340.01,INR,UPI,Pune,web,DEV0521
TXN002161,2026-08-16 14:43:25,ACC0177,ACC0466,398.77,INR,RTGS,Pune,branch,DEV0542
TXN003433,2026-08-16 14:45:20,ACC0344,ACC0451,8230.29,INR,UPI,Kolkata,web,DEV0760
TXN004277,2026-08-16 14:49:33,ACC0434,ACC0316,6943.13,INR,IMPS,Delhi,mobile,DEV0017
TXN009221,2026-08-16 14:52:28,ACC0241,ACC0448,2712.68,INR,RTGS,Chennai,web,DEV0743
TXN001838,2026-08-16 14:53:14,ACC0397,ACC0463,1855.55,INR,UPI,Delhi,branch,DEV0561
TXN008001,2026-08-16 14:59:43,ACC0183,ACC0472,1697.8,INR,IMPS,Delhi,atm,DEV0839
TXN008714,2026-08-16 14:59:57,ACC0111,ACC0475,1227.54,INR,RTGS,Pune,web,DEV0753
TXN005799,2026-08-16 15:03:08,ACC0202,ACC0464,2145.02,INR,RTGS,Chennai,atm,DEV0253
TXN008485,2026-08-16 15:03:50,ACC0396,ACC0464,6711.52,INR,NEFT,Bengaluru,mobile,DEV0398
TXN008406,2026-08-16 15:06:43,ACC0299,ACC0491,437.42,INR,NEFT,Hyderabad,atm,DEV0283
TXN007561,2026-08-16 15:07:40,ACC0230,ACC0490,965.17,INR,RTGS,Mumbai,web,DEV0558
TXN007404,2026-08-16 15:09:08,ACC0092,ACC0500,8831.27,INR,NEFT,Hyderabad,mobile,DEV0564
TXN002123,2026-08-16 15:10:12,ACC0070,ACC0451,1641.21,INR,IMPS,Delhi,web,DEV0235
TXN006984,2026-08-16 15:12:43,ACC0108,ACC0099,700.73,INR,RTGS,Kochi,branch,DEV0232
TXN007705,2026-08-16 15:13:03,ACC0330,ACC0492,1148.86,INR,RTGS,Delhi,atm,DEV0776
TXN001337,2026-08-16 15:14:35,ACC0009,ACC0331,2158.52,INR,UPI,Hyderabad,branch,DEV0535
TXN009341,2026-08-16 15:17:09,ACC0044,ACC0459,1141.96,INR,NEFT,Pune,atm,DEV0736
TXN003233,2026-08-16 15:17:36,ACC0142,ACC0479,449.55,INR,UPI,Pune,branch,DEV0452
TXN002218,2026-08-16 15:18:01,ACC0166,ACC0429,1833.48,INR,IMPS,Chennai,branch,DEV0031
TXN001701,2026-08-16 15:19:57,ACC0223,ACC0485,547.94,INR,UPI,Pune,branch,DEV0313
TXN007829,2026-08-16 15:22:46,ACC0419,ACC0236,9474.76,INR,NEFT,Kolkata,web,DEV0775
TXN004601,2026-08-16 15:25:03,ACC0117,ACC0205,1882.48,INR,IMPS,Kochi,atm,DEV0092
TXN000919,2026-08-16 15:30:38,ACC0035,ACC0331,3319.58,INR,IMPS,Delhi,branch,DEV0603
TXN005337,2026-08-16 15:34:42,ACC0231,ACC0456,9061.61,INR,IMPS,Kochi,mobile,DEV0870
TXN005061,2026-08-16 15:35:10,ACC0199,ACC0458,4291.68,INR,UPI,Kolkata,web,DEV0814
TXN006728,2026-08-16 15:35:19,ACC0254,ACC0496,2232.63,INR,UPI,Pune,web,DEV0742
TXN009241,2026-08-16 15:37:53,ACC0270,ACC0485,5236.59,INR,RTGS,Chennai,atm,DEV0378
TXN009981,2026-08-16 15:38:35,ACC0021,ACC0482,10927.5,INR,UPI,Kochi,web,DEV0366
TXN009814,2026-08-16 15:39:29,ACC0345,ACC0461,15160.59,INR,UPI,Mumbai,web,DEV0840
TXN009923,2026-08-16 15:43:29,ACC0317,ACC0087,672.74,INR,IMPS,Chennai,web,DEV0413
TXN005241,2026-08-16 15:44:43,ACC0066,ACC0488,656.05,INR,UPI,Bengaluru,web,DEV0357
TXN005305,2026-08-16 15:46:32,ACC0248,ACC0467,10532.62,INR,IMPS,Pune,web,DEV0321
TXN003271,2026-08-16 15:46:51,ACC0237,ACC0129,594.99,INR,NEFT,Kolkata,branch,DEV0481
TXN004065,2026-08-16 15:47:00,ACC0082,ACC0478,1354.74,INR,RTGS,Pune,branch,DEV0518
TXN007063,2026-08-16 15:53:11,ACC0098,ACC0126,1557.71,INR,UPI,Pune,mobile,DEV0039
TXN007552,2026-08-16 15:53:31,ACC0157,ACC0374,585.11,INR,UPI,Chennai,branch,DEV0727
TXN003575,2026-08-16 15:53:48,ACC0173,ACC0336,2474.48,INR,IMPS,Hyderabad,web,DEV0004
TXN002213,2026-08-16 15:55:57,ACC0444,ACC0482,362.47,INR,NEFT,Pune,web,DEV0443
TXN005272,2026-08-16 15:59:38,ACC0448,ACC0468,797.43,INR,IMPS,Hyderabad,mobile,DEV0428
TXN004421,2026-08-16 16:05:14,ACC0252,ACC0151,1059.69,INR,NEFT,Bengaluru,branch,DEV0885
TXN000964,2026-08-16 16:14:56,ACC0085,ACC0468,516.6,INR,UPI,Bengaluru,branch,DEV0145
TXN003419,2026-08-16 16:17:15,ACC0174,ACC0481,1425.67,INR,NEFT,Bengaluru,branch,DEV0528
TXN003713,2026-08-16 16:19:05,ACC0372,ACC0492,3475.59,INR,RTGS,Kolkata,mobile,DEV0812
TXN008417,2026-08-16 16:19:15,ACC0040,ACC0475,385.05,INR,IMPS,Delhi,atm,DEV0216
TXN000350,2026-08-16 16:21:39,ACC0036,ACC0163,4365.15,INR,NEFT,Kolkata,branch,DEV0439
TXN003440,2026-08-16 16:23:59,ACC0212,ACC0476,1054.0,INR,NEFT,Kolkata,branch,DEV0103
TXN009743,2026-08-16 16:24:17,ACC0290,ACC0149,1074.51,INR,NEFT,Kochi,branch,DEV0327
TXN009908,2026-08-16 16:24:47,ACC0222,ACC0184,1264.62,INR,UPI,Kolkata,mobile,DEV0055
TXN007590,2026-08-16 16:27:34,ACC0141,ACC0490,8111.39,INR,UPI,Bengaluru,web,DEV0745
TXN000055,2026-08-16 16:27:52,ACC0414,ACC0397,2968.77,INR,NEFT,Mumbai,branch,DEV0462
TXN004081,2026-08-16 16:30:24,ACC0267,ACC0486,1537.52,INR,IMPS,Mumbai,web,DEV0463
TXN009093,2026-08-16 16:30:38,ACC0270,ACC0301,1490.53,INR,RTGS,Kolkata,mobile,DEV0730
TXN002822,2026-08-16 16:31:23,ACC0205,ACC0484,1999.49,INR,RTGS,Mumbai,web,DEV0854
TXN005987,2026-08-16 16:32:01,ACC0215,ACC0305,424.84,INR,NEFT,Mumbai,atm,DEV0819
TXN000785,2026-08-16 16:32:43,ACC0261,ACC0070,3065.89,INR,NEFT,Chennai,atm,DEV0720
TXN009690,2026-08-16 16:33:55,ACC0003,ACC0492,1068.14,INR,NEFT,Kochi,web,DEV0063
TXN004803,2026-08-16 16:35:14,ACC0189,ACC0408,1365.44,INR,RTGS,Chennai,mobile,DEV0583
TXN004037,2026-08-16 16:39:33,ACC0010,ACC0253,721.95,INR,RTGS,Mumbai,mobile,DEV0506
TXN007643,2026-08-16 16:44:03,ACC0317,ACC0481,1028.27,INR,UPI,Kolkata,web,DEV0599
TXN000625,2026-08-16 16:44:25,ACC0060,ACC0492,2379.37,INR,IMPS,Pune,branch,DEV0090
TXN003371,2026-08-16 16:49:11,ACC0185,ACC0253,1464.0,INR,RTGS,Kolkata,mobile,DEV0169
TXN002556,2026-08-16 16:49:14,ACC0337,ACC0487,3281.02,INR,IMPS,Kochi,branch,DEV0782
TXN000464,2026-08-16 16:51:02,ACC0427,ACC0494,2779.7,INR,RTGS,Kolkata,atm,DEV0803
TXN006803,2026-08-16 16:53:01,ACC0433,ACC0401,1025.47,INR,IMPS,Kolkata,branch,DEV0065
TXN003560,2026-08-16 16:54:49,ACC0324,ACC0468,3293.55,INR,UPI,Bengaluru,web,DEV0718
TXN003104,2026-08-16 16:56:21,ACC0375,ACC0331,856.11,INR,RTGS,Mumbai,atm,DEV0170
TXN004307,2026-08-16 16:57:08,ACC0113,ACC0482,941.0,INR,IMPS,Mumbai,web,DEV0325
TXN004874,2026-08-16 17:00:26,ACC0350,ACC0489,4299.42,INR,NEFT,Hyderabad,atm,DEV0322
TXN007941,2026-08-16 17:02:18,ACC0214,ACC0336,19173.32,INR,NEFT,Bengaluru,web,DEV0755
TXN001201,2026-08-16 17:09:50,ACC0002,ACC0490,870.74,INR,IMPS,Bengaluru,web,DEV0612
TXN004909,2026-08-16 17:15:56,ACC0017,ACC0495,3436.52,INR,RTGS,Bengaluru,atm,DEV0655
TXN009613,2026-08-16 17:15:58,ACC0415,ACC0489,4082.22,INR,UPI,Delhi,web,DEV0534
TXN001587,2026-08-16 17:17:44,ACC0023,ACC0124,5433.07,INR,NEFT,Bengaluru,branch,DEV0315
TXN005883,2026-08-16 17:17:57,ACC0369,ACC0461,811.76,INR,NEFT,Hyderabad,mobile,DEV0385
TXN004633,2026-08-16 17:27:43,ACC0150,ACC0470,13359.06,INR,RTGS,Delhi,web,DEV0421
TXN005161,2026-08-16 17:33:34,ACC0124,ACC0486,539.29,INR,IMPS,Hyderabad,mobile,DEV0406
TXN007606,2026-08-16 17:33:54,ACC0245,ACC0457,1381.82,INR,UPI,Kolkata,mobile,DEV0375
TXN002590,2026-08-16 17:34:13,ACC0014,ACC0451,1273.03,INR,NEFT,Bengaluru,branch,DEV0290
TXN009713,2026-08-16 17:39:11,ACC0198,ACC0497,2153.02,INR,UPI,Mumbai,branch,DEV0019
TXN008751,2026-08-16 17:40:27,ACC0291,ACC0490,7550.14,INR,IMPS,Bengaluru,mobile,DEV0219
TXN000193,2026-08-16 17:41:43,ACC0118,ACC0466,447.94,INR,RTGS,Kochi,atm,DEV0173
TXN005328,2026-08-16 17:46:36,ACC0380,ACC0441,12165.19,INR,NEFT,Pune,atm,DEV0114
TXN008341,2026-08-16 17:47:09,ACC0234,ACC0485,696.06,INR,IMPS,Kolkata,branch,DEV0856
TXN002621,2026-08-16 17:47:23,ACC0241,ACC0457,1232.49,INR,IMPS,Kochi,web,DEV0703
TXN000664,2026-08-16 17:48:32,ACC0386,ACC0466,1280.32,INR,UPI,Kolkata,atm,DEV0567
TXN001317,2026-08-16 17:49:29,ACC0337,ACC0400,902.29,INR,NEFT,Chennai,mobile,DEV0464
TXN009210,2026-08-16 17:49:56,ACC0042,ACC0458,1328.37,INR,IMPS,Hyderabad,branch,DEV0085
TXN007909,2026-08-16 17:57:29,ACC0296,ACC0485,45438.6,INR,NEFT,Kolkata,branch,DEV0217
TXN003476,2026-08-16 17:58:06,ACC0343,ACC0289,1150.88,INR,UPI,Kolkata,mobile,DEV0023
TXN009366,2026-08-16 18:01:09,ACC0376,ACC0493,821.68,INR,IMPS,Mumbai,atm,DEV0487
TXN000879,2026-08-16 18:03:25,ACC0041,ACC0471,1579.66,INR,UPI,Kolkata,mobile,DEV0030
TXN007377,2026-08-16 18:03:33,ACC0338,ACC0463,1327.69,INR,UPI,Hyderabad,mobile,DEV0679
TXN009642,2026-08-16 18:04:07,ACC0035,ACC0348,5301.73,INR,UPI,Kolkata,mobile,DEV0895
TXN004185,2026-08-16 18:04:48,ACC0442,ACC0476,1666.51,INR,IMPS,Delhi,atm,DEV0183
TXN006720,2026-08-16 18:05:20,ACC0262,ACC0487,2357.78,INR,NEFT,Chennai,branch,DEV0563
TXN006051,2026-08-16 18:08:44,ACC0129,ACC0487,3072.99,INR,NEFT,Delhi,mobile,DEV0791
TXN001298,2026-08-16 18:14:44,ACC0398,ACC0457,834.73,INR,IMPS,Delhi,atm,DEV0830
TXN008940,2026-08-16 18:18:26,ACC0095,ACC0476,334.92,INR,UPI,Hyderabad,atm,DEV0428
TXN008293,2026-08-16 18:18:53,ACC0284,ACC0025,4732.37,INR,UPI,Bengaluru,mobile,DEV0207
TXN007663,2026-08-16 18:21:33,ACC0143,ACC0455,1860.34,INR,UPI,Kochi,branch,DEV0593
TXN004545,2026-08-16 18:25:36,ACC0247,ACC0478,2232.21,INR,UPI,Mumbai,branch,DEV0576
TXN008566,2026-08-16 18:26:19,ACC0226,ACC0353,3061.83,INR,UPI,Delhi,mobile,DEV0740
TXN004576,2026-08-16 18:27:30,ACC0215,ACC0500,2676.13,INR,NEFT,Pune,atm,DEV0727
TXN001426,2026-08-16 18:34:31,ACC0322,ACC0480,1265.91,INR,RTGS,Kochi,web,DEV0858
TXN002094,2026-08-16 18:40:15,ACC0276,ACC0487,3952.77,INR,UPI,Pune,mobile,DEV0363
TXN005303,2026-08-16 18:43:03,ACC0400,ACC0495,10221.31,INR,UPI,Pune,web,DEV0587
TXN004428,2026-08-16 18:46:56,ACC0257,ACC0497,658.16,INR,RTGS,Mumbai,mobile,DEV0300
TXN009865,2026-08-16 18:50:22,ACC0243,ACC0477,390.74,INR,RTGS,Mumbai,web,DEV0363
TXN004713,2026-08-16 18:53:43,ACC0402,ACC0454,2194.06,INR,UPI,Mumbai,atm,DEV0679
TXN000828,2026-08-16 18:55:10,ACC0055,ACC0455,404.75,INR,UPI,Bengaluru,mobile,DEV0013
TXN009680,2026-08-16 18:58:41,ACC0358,ACC0395,61.93,INR,UPI,Delhi,web,DEV0069
TXN001478,2026-08-16 18:58:49,ACC0009,ACC0476,2484.72,INR,IMPS,Mumbai,branch,DEV0454
TXN009783,2026-08-16 18:59:32,ACC0294,ACC0451,1015.23,INR,RTGS,Mumbai,mobile,DEV0736
TXN003136,2026-08-16 19:01:06,ACC0382,ACC0475,2733.33,INR,RTGS,Mumbai,mobile,DEV0823
TXN006955,2026-08-16 19:01:08,ACC0164,ACC0043,1434.3,INR,NEFT,Mumbai,atm,DEV0683
TXN004730,2026-08-16 19:02:28,ACC0263,ACC0464,2551.9,INR,UPI,Chennai,atm,DEV0131
TXN000866,2026-08-16 19:04:13,ACC0408,ACC0455,2880.91,INR,IMPS,Kochi,web,DEV0185
TXN001291,2026-08-16 19:04:49,ACC0042,ACC0490,68.61,INR,RTGS,Pune,atm,DEV0158
TXN005583,2026-08-16 19:07:26,ACC0181,ACC0498,791.87,INR,NEFT,Bengaluru,branch,DEV0882
TXN000168,2026-08-16 19:12:48,ACC0081,ACC0481,5940.99,INR,UPI,Mumbai,web,DEV0548
TXN002635,2026-08-16 19:16:38,ACC0438,ACC0145,2980.43,INR,IMPS,Pune,mobile,DEV0302
TXN008779,2026-08-16 19:18:15,ACC0205,ACC0471,1661.54,INR,NEFT,Kolkata,mobile,DEV0176
TXN008476,2026-08-16 19:19:47,ACC0177,ACC0261,2453.13,INR,IMPS,Kolkata,web,DEV0101
TXN008573,2026-08-16 19:21:27,ACC0303,ACC0319,3085.88,INR,RTGS,Hyderabad,atm,DEV0768
TXN005733,2026-08-16 19:28:25,ACC0126,ACC0489,2156.55,INR,UPI,Kochi,branch,DEV0622
TXN007571,2026-08-16 19:33:16,ACC0335,ACC0456,4471.57,INR,RTGS,Pune,mobile,DEV0773
TXN002158,2026-08-16 19:35:12,ACC0275,ACC0053,5068.36,INR,IMPS,Mumbai,branch,DEV0216
TXN003057,2026-08-16 19:37:12,ACC0226,ACC0453,1306.54,INR,RTGS,Kolkata,atm,DEV0806
TXN009812,2026-08-16 19:41:04,ACC0320,ACC0445,2401.89,INR,NEFT,Delhi,atm,DEV0818
TXN003601,2026-08-16 19:42:02,ACC0233,ACC0489,11265.91,INR,RTGS,Delhi,mobile,DEV0847
TXN008558,2026-08-16 19:42:39,ACC0310,ACC0455,3996.01,INR,IMPS,Pune,branch,DEV0185
TXN007385,2026-08-16 19:42:47,ACC0263,ACC0064,7593.15,INR,NEFT,Pune,branch,DEV0489
TXN000769,2026-08-16 19:42:58,ACC0062,ACC0458,1667.08,INR,RTGS,Hyderabad,mobile,DEV0814
TXN003658,2026-08-16 19:43:19,ACC0328,ACC0487,1626.97,INR,NEFT,Kochi,web,DEV0658
TXN009546,2026-08-16 19:46:37,ACC0160,ACC0477,905.47,INR,NEFT,Chennai,web,DEV0126
TXN004910,2026-08-16 19:47:03,ACC0129,ACC0485,832.71,INR,IMPS,Chennai,mobile,DEV0640
TXN001802,2026-08-16 19:47:09,ACC0086,ACC0497,4810.75,INR,IMPS,Chennai,web,DEV0780
TXN000354,2026-08-16 19:49:09,ACC0283,ACC0485,1180.85,INR,IMPS,Delhi,atm,DEV0514
TXN010153,2026-08-16 19:55:38,ACC0543,ACC0047,13837.42,INR,UPI,Hyderabad,atm,DEV0064
TXN010154,2026-08-16 19:58:05,ACC0543,ACC0329,14931.78,INR,UPI,Delhi,branch,DEV0578
TXN009096,2026-08-16 19:59:03,ACC0424,ACC0463,96.4,INR,NEFT,Delhi,branch,DEV0585
TXN010155,2026-08-16 20:00:23,ACC0543,ACC0165,25006.22,INR,UPI,Mumbai,atm,DEV0836
TXN006501,2026-08-16 20:02:17,ACC0210,ACC0474,6300.4,INR,RTGS,Mumbai,web,DEV0238
TXN010156,2026-08-16 20:02:31,ACC0543,ACC0063,10296.23,INR,UPI,Mumbai,web,DEV0214
TXN010157,2026-08-16 20:04:36,ACC0543,ACC0343,10746.13,INR,UPI,Mumbai,mobile,DEV0435
TXN010158,2026-08-16 20:06:29,ACC0543,ACC0050,20437.1,INR,UPI,Hyderabad,mobile,DEV0122
TXN003808,2026-08-16 20:07:51,ACC0097,ACC0494,1249.81,INR,RTGS,Mumbai,mobile,DEV0112
TXN000516,2026-08-16 20:08:13,ACC0356,ACC0396,649.48,INR,RTGS,Pune,web,DEV0179
TXN010159,2026-08-16 20:08:25,ACC0543,ACC0094,21869.56,INR,UPI,Kochi,web,DEV0035
TXN007738,2026-08-16 20:09:39,ACC0020,ACC0482,1522.67,INR,NEFT,Kolkata,atm,DEV0374
TXN010160,2026-08-16 20:09:47,ACC0543,ACC0158,21380.2,INR,UPI,Kochi,branch,DEV0594
TXN006029,2026-08-16 20:10:46,ACC0447,ACC0466,512.6,INR,RTGS,Mumbai,atm,DEV0113
TXN009593,2026-08-16 20:10:50,ACC0309,ACC0047,590.72,INR,UPI,Delhi,web,DEV0868
TXN010161,2026-08-16 20:11:39,ACC0543,ACC0206,9862.96,INR,UPI,Hyderabad,branch,DEV0059
TXN000382,2026-08-16 20:12:15,ACC0383,ACC0463,817.24,INR,NEFT,Kolkata,web,DEV0798
TXN010162,2026-08-16 20:13:08,ACC0543,ACC0116,22236.49,INR,UPI,Kolkata,web,DEV0045
TXN000975,2026-08-16 20:14:21,ACC0134,ACC0138,2141.88,INR,RTGS,Pune,web,DEV0587
TXN006924,2026-08-16 20:14:48,ACC0065,ACC0048,4461.17,INR,RTGS,Delhi,atm,DEV0269
TXN010163,2026-08-16 20:15:04,ACC0543,ACC0180,24256.23,INR,UPI,Mumbai,web,DEV0429
TXN010164,2026-08-16 20:16:39,ACC0543,ACC0355,13910.72,INR,UPI,Bengaluru,branch,DEV0495
TXN004073,2026-08-16 20:19:09,ACC0267,ACC0492,3737.86,INR,NEFT,Chennai,web,DEV0610
TXN001441,2026-08-16 20:21:32,ACC0153,ACC0071,500.38,INR,IMPS,Kolkata,atm,DEV0373
TXN004514,2026-08-16 20:22:53,ACC0157,ACC0466,837.23,INR,IMPS,Pune,mobile,DEV0283
TXN004474,2026-08-16 20:27:44,ACC0448,ACC0314,3743.75,INR,UPI,Kolkata,mobile,DEV0259
TXN002856,2026-08-16 20:33:20,ACC0379,ACC0220,4161.7,INR,IMPS,Hyderabad,branch,DEV0043
TXN002501,2026-08-16 20:35:30,ACC0347,ACC0475,3355.42,INR,IMPS,Kochi,web,DEV0013
TXN001076,2026-08-16 20:37:30,ACC0125,ACC0497,3905.3,INR,RTGS,Bengaluru,branch,DEV0622
TXN006026,2026-08-16 20:39:37,ACC0277,ACC0454,788.43,INR,UPI,Bengaluru,mobile,DEV0859
TXN009017,2026-08-16 20:40:10,ACC0129,ACC0456,1095.89,INR,NEFT,Mumbai,web,DEV0644
TXN006010,2026-08-16 20:44:04,ACC0142,ACC0500,341.53,INR,UPI,Bengaluru,branch,DEV0773
TXN009362,2026-08-16 20:44:46,ACC0022,ACC0491,4395.57,INR,NEFT,Chennai,branch,DEV0188
TXN000533,2026-08-16 20:48:37,ACC0123,ACC0492,17272.24,INR,NEFT,Kolkata,branch,DEV0274
TXN005776,2026-08-16 20:50:52,ACC0042,ACC0483,2734.87,INR,UPI,Kochi,web,DEV0477
TXN005104,2026-08-16 20:51:14,ACC0220,ACC0117,577.4,INR,NEFT,Kolkata,web,DEV0508
TXN001731,2026-08-16 20:58:01,ACC0292,ACC0499,3034.81,INR,NEFT,Pune,mobile,DEV0032
TXN000099,2026-08-16 20:58:28,ACC0206,ACC0457,2035.98,INR,IMPS,Kolkata,atm,DEV0612
TXN006360,2026-08-16 20:59:42,ACC0303,ACC0455,8203.82,INR,RTGS,Delhi,atm,DEV0719
TXN006865,2026-08-17 09:01:20,ACC0169,ACC0306,3793.49,INR,RTGS,Kochi,web,DEV0415
TXN007870,2026-08-17 09:01:47,ACC0310,ACC0366,3292.12,INR,UPI,Kochi,branch,DEV0313
TXN003409,2026-08-17 09:06:00,ACC0057,ACC0471,2267.99,INR,RTGS,Kochi,atm,DEV0824
TXN009212,2026-08-17 09:06:29,ACC0051,ACC0454,786.01,INR,NEFT,Bengaluru,atm,DEV0092
TXN002364,2026-08-17 09:13:21,ACC0296,ACC0464,1049.64,INR,NEFT,Hyderabad,branch,DEV0076
TXN002628,2026-08-17 09:13:52,ACC0140,ACC0453,5055.7,INR,NEFT,Hyderabad,mobile,DEV0691
TXN007506,2026-08-17 09:16:15,ACC0046,ACC0499,4091.41,INR,UPI,Pune,atm,DEV0482
TXN003338,2026-08-17 09:21:28,ACC0284,ACC0123,908.45,INR,RTGS,Kochi,atm,DEV0304
TXN007843,2026-08-17 09:22:43,ACC0397,ACC0122,662.72,INR,UPI,Bengaluru,web,DEV0300
TXN001572,2026-08-17 09:25:55,ACC0447,ACC0216,637.26,INR,UPI,Pune,atm,DEV0199
TXN006178,2026-08-17 09:26:20,ACC0115,ACC0490,1470.91,INR,NEFT,Chennai,mobile,DEV0427
TXN008859,2026-08-17 09:28:13,ACC0107,ACC0002,7968.64,INR,IMPS,Mumbai,mobile,DEV0216
TXN002852,2026-08-17 09:31:37,ACC0229,ACC0495,4268.38,INR,IMPS,Mumbai,mobile,DEV0839
TXN001187,2026-08-17 09:41:56,ACC0423,ACC0466,5326.84,INR,NEFT,Mumbai,mobile,DEV0065
TXN000355,2026-08-17 09:42:15,ACC0262,ACC0474,2117.47,INR,NEFT,Kochi,web,DEV0184
TXN002840,2026-08-17 09:44:58,ACC0195,ACC0498,239.26,INR,RTGS,Bengaluru,atm,DEV0215
TXN005860,2026-08-17 09:48:45,ACC0069,ACC0500,397.92,INR,RTGS,Mumbai,atm,DEV0620
TXN002615,2026-08-17 09:50:12,ACC0374,ACC0278,2511.35,INR,RTGS,Kolkata,mobile,DEV0148
TXN003181,2026-08-17 09:56:50,ACC0430,ACC0457,623.55,INR,IMPS,Chennai,branch,DEV0806
TXN009282,2026-08-17 09:59:18,ACC0348,ACC0022,6787.16,INR,RTGS,Chennai,web,DEV0036
TXN004853,2026-08-17 10:03:59,ACC0227,ACC0486,803.91,INR,UPI,Kolkata,mobile,DEV0759
TXN009655,2026-08-17 10:04:25,ACC0232,ACC0087,3995.44,INR,UPI,Delhi,web,DEV0016
TXN006545,2026-08-17 10:05:23,ACC0048,ACC0488,12238.14,INR,UPI,Bengaluru,atm,DEV0854
TXN007410,2026-08-17 10:06:01,ACC0437,ACC0413,3527.42,INR,UPI,Kolkata,web,DEV0016
TXN000395,2026-08-17 10:06:16,ACC0028,ACC0476,2086.8,INR,RTGS,Hyderabad,web,DEV0254
TXN009082,2026-08-17 10:10:13,ACC0307,ACC0484,16826.17,INR,RTGS,Delhi,branch,DEV0370
TXN001089,2026-08-17 10:10:48,ACC0260,ACC0371,3320.16,INR,IMPS,Pune,web,DEV0216
TXN007073,2026-08-17 10:12:47,ACC0259,ACC0500,371.88,INR,UPI,Mumbai,mobile,DEV0853
TXN004202,2026-08-17 10:13:58,ACC0034,ACC0048,14619.85,INR,RTGS,Delhi,web,DEV0755
TXN004143,2026-08-17 10:15:06,ACC0160,ACC0482,3621.74,INR,IMPS,Bengaluru,mobile,DEV0224
TXN001062,2026-08-17 10:17:35,ACC0321,ACC0472,1767.54,INR,UPI,Kochi,web,DEV0251
TXN007817,2026-08-17 10:19:11,ACC0099,ACC0463,425.63,INR,NEFT,Hyderabad,mobile,DEV0208
TXN005635,2026-08-17 10:19:21,ACC0267,ACC0486,1996.0,INR,IMPS,Mumbai,web,DEV0761
TXN005558,2026-08-17 10:20:52,ACC0064,ACC0487,843.21,INR,IMPS,Bengaluru,web,DEV0558
TXN009993,2026-08-17 10:20:52,ACC0172,ACC0482,3536.76,INR,NEFT,Kolkata,branch,DEV0231
TXN001850,2026-08-17 10:21:23,ACC0191,ACC0255,790.4,INR,UPI,Kochi,web,DEV0233
TXN001199,2026-08-17 10:24:48,ACC0241,ACC0161,615.09,INR,RTGS,Kochi,branch,DEV0069
TXN000035,2026-08-17 10:24:57,ACC0403,ACC0489,1986.09,INR,RTGS,Chennai,web,DEV0373
TXN000477,2026-08-17 10:25:52,ACC0179,ACC0459,2572.9,INR,UPI,Hyderabad,atm,DEV0411
TXN007832,2026-08-17 10:28:02,ACC0288,ACC0462,538.76,INR,IMPS,Kolkata,branch,DEV0132
TXN007855,2026-08-17 10:28:29,ACC0431,ACC0469,4544.82,INR,IMPS,Hyderabad,mobile,DEV0085
TXN006901,2026-08-17 10:31:09,ACC0411,ACC0459,1569.69,INR,NEFT,Bengaluru,branch,DEV0479
TXN003469,2026-08-17 10:37:40,ACC0172,ACC0407,1858.59,INR,RTGS,Hyderabad,web,DEV0589
TXN005556,2026-08-17 10:39:48,ACC0176,ACC0135,671.15,INR,NEFT,Kochi,mobile,DEV0290
TXN002317,2026-08-17 10:40:26,ACC0193,ACC0155,3149.89,INR,IMPS,Bengaluru,atm,DEV0881
TXN007539,2026-08-17 10:43:45,ACC0302,ACC0010,1067.31,INR,RTGS,Bengaluru,atm,DEV0653
TXN008923,2026-08-17 10:47:07,ACC0347,ACC0496,2074.21,INR,UPI,Mumbai,atm,DEV0794
TXN004047,2026-08-17 10:47:57,ACC0298,ACC0491,11412.86,INR,NEFT,Pune,atm,DEV0535
TXN002886,2026-08-17 10:48:48,ACC0153,ACC0479,1208.65,INR,RTGS,Bengaluru,branch,DEV0864
TXN009245,2026-08-17 10:51:28,ACC0044,ACC0473,3132.53,INR,NEFT,Delhi,branch,DEV0728
TXN003453,2026-08-17 10:56:25,ACC0423,ACC0488,4288.55,INR,IMPS,Pune,mobile,DEV0696
TXN002480,2026-08-17 10:57:14,ACC0128,ACC0423,760.94,INR,NEFT,Chennai,web,DEV0236
TXN004411,2026-08-17 10:58:50,ACC0266,ACC0461,7641.12,INR,RTGS,Kolkata,mobile,DEV0500
TXN008032,2026-08-17 10:59:04,ACC0436,ACC0454,1661.59,INR,IMPS,Chennai,web,DEV0133
TXN001947,2026-08-17 11:03:33,ACC0155,ACC0467,630.19,INR,NEFT,Mumbai,web,DEV0130
TXN005243,2026-08-17 11:03:33,ACC0032,ACC0040,2933.02,INR,UPI,Kochi,mobile,DEV0539
TXN006677,2026-08-17 11:03:55,ACC0033,ACC0304,166.91,INR,RTGS,Mumbai,mobile,DEV0194
TXN003234,2026-08-17 11:08:45,ACC0212,ACC0071,296.46,INR,IMPS,Hyderabad,mobile,DEV0878
TXN008979,2026-08-17 11:08:54,ACC0260,ACC0348,1060.08,INR,UPI,Kochi,web,DEV0265
TXN006319,2026-08-17 11:08:58,ACC0375,ACC0304,5605.81,INR,RTGS,Chennai,mobile,DEV0443
TXN007027,2026-08-17 11:09:04,ACC0064,ACC0284,706.87,INR,RTGS,Mumbai,web,DEV0129
TXN004225,2026-08-17 11:12:07,ACC0165,ACC0499,2427.06,INR,NEFT,Hyderabad,web,DEV0368
TXN004725,2026-08-17 11:12:41,ACC0163,ACC0477,11902.74,INR,NEFT,Bengaluru,web,DEV0286
TXN008346,2026-08-17 11:19:47,ACC0071,ACC0457,642.69,INR,UPI,Hyderabad,mobile,DEV0759
TXN005297,2026-08-17 11:19:55,ACC0131,ACC0452,1882.0,INR,RTGS,Kochi,web,DEV0296
TXN004376,2026-08-17 11:24:55,ACC0097,ACC0491,826.15,INR,RTGS,Kochi,atm,DEV0755
TXN006353,2026-08-17 11:27:20,ACC0092,ACC0466,927.95,INR,NEFT,Pune,web,DEV0200
TXN008930,2026-08-17 11:27:41,ACC0103,ACC0495,834.68,INR,IMPS,Chennai,mobile,DEV0159
TXN008433,2026-08-17 11:31:43,ACC0145,ACC0172,2067.18,INR,UPI,Hyderabad,mobile,DEV0751
TXN004600,2026-08-17 11:32:37,ACC0403,ACC0476,10784.19,INR,NEFT,Bengaluru,branch,DEV0440
TXN009583,2026-08-17 11:33:54,ACC0398,ACC0446,1921.09,INR,NEFT,Pune,atm,DEV0260
TXN006615,2026-08-17 11:35:10,ACC0270,ACC0482,1253.65,INR,RTGS,Pune,mobile,DEV0477
TXN003987,2026-08-17 11:35:16,ACC0190,ACC0455,10562.74,INR,RTGS,Hyderabad,atm,DEV0594
TXN007794,2026-08-17 11:39:23,ACC0103,ACC0485,1073.25,INR,RTGS,Bengaluru,atm,DEV0773
TXN008702,2026-08-17 11:43:53,ACC0438,ACC0473,100.73,INR,RTGS,Mumbai,mobile,DEV0279
TXN003425,2026-08-17 11:46:45,ACC0203,ACC0081,491.9,INR,UPI,Kochi,atm,DEV0783
TXN002669,2026-08-17 11:49:48,ACC0343,ACC0331,2206.22,INR,IMPS,Kolkata,atm,DEV0303
TXN001375,2026-08-17 11:53:17,ACC0124,ACC0483,1113.31,INR,UPI,Kolkata,mobile,DEV0297
TXN004721,2026-08-17 11:53:47,ACC0262,ACC0115,1090.84,INR,RTGS,Pune,mobile,DEV0139
TXN004054,2026-08-17 11:54:15,ACC0128,ACC0451,984.81,INR,RTGS,Chennai,mobile,DEV0591
TXN007153,2026-08-17 11:57:23,ACC0267,ACC0484,1806.65,INR,UPI,Delhi,mobile,DEV0774
TXN001563,2026-08-17 11:58:35,ACC0443,ACC0462,10520.81,INR,IMPS,Chennai,mobile,DEV0092
TXN003515,2026-08-17 12:00:17,ACC0058,ACC0500,168.06,INR,IMPS,Hyderabad,atm,DEV0314
TXN004573,2026-08-17 12:00:56,ACC0080,ACC0480,355.47,INR,NEFT,Kochi,mobile,DEV0195
TXN009731,2026-08-17 12:01:09,ACC0153,ACC0452,2928.4,INR,RTGS,Pune,branch,DEV0863
TXN002915,2026-08-17 12:02:09,ACC0075,ACC0362,801.01,INR,IMPS,Pune,branch,DEV0644
TXN001403,2026-08-17 12:04:05,ACC0427,ACC0199,9050.2,INR,IMPS,Chennai,mobile,DEV0068
TXN005872,2026-08-17 12:13:45,ACC0075,ACC0489,340.05,INR,NEFT,Pune,atm,DEV0839
TXN001165,2026-08-17 12:15:13,ACC0341,ACC0497,4144.24,INR,IMPS,Kochi,atm,DEV0384
TXN007986,2026-08-17 12:17:24,ACC0182,ACC0499,609.77,INR,UPI,Hyderabad,mobile,DEV0598
TXN008310,2026-08-17 12:21:48,ACC0059,ACC0460,3304.47,INR,RTGS,Mumbai,mobile,DEV0675
TXN003360,2026-08-17 12:23:17,ACC0126,ACC0453,48131.0,INR,NEFT,Kochi,branch,DEV0579
TXN000983,2026-08-17 12:24:01,ACC0146,ACC0274,3426.46,INR,UPI,Pune,web,DEV0458
TXN005449,2026-08-17 12:28:26,ACC0430,ACC0455,8655.6,INR,UPI,Bengaluru,atm,DEV0541
TXN005575,2026-08-17 12:31:38,ACC0177,ACC0496,4090.08,INR,IMPS,Mumbai,atm,DEV0755
TXN007878,2026-08-17 12:32:36,ACC0004,ACC0452,493.53,INR,IMPS,Hyderabad,mobile,DEV0537
TXN004458,2026-08-17 12:35:46,ACC0229,ACC0284,5273.36,INR,NEFT,Kolkata,mobile,DEV0459
TXN007903,2026-08-17 12:36:15,ACC0250,ACC0474,2706.11,INR,IMPS,Chennai,atm,DEV0076
TXN003740,2026-08-17 12:39:31,ACC0105,ACC0451,661.41,INR,NEFT,Kolkata,web,DEV0698
TXN004986,2026-08-17 12:41:07,ACC0041,ACC0213,1035.82,INR,IMPS,Delhi,mobile,DEV0400
TXN000931,2026-08-17 12:41:22,ACC0022,ACC0482,1358.96,INR,NEFT,Chennai,mobile,DEV0027
TXN002181,2026-08-17 12:42:12,ACC0183,ACC0496,4591.45,INR,NEFT,Kolkata,web,DEV0262
TXN008755,2026-08-17 12:43:57,ACC0080,ACC0296,2623.25,INR,RTGS,Chennai,atm,DEV0829
TXN007588,2026-08-17 12:44:31,ACC0120,ACC0012,2582.32,INR,IMPS,Bengaluru,atm,DEV0506
TXN009499,2026-08-17 12:50:11,ACC0293,ACC0480,1560.13,INR,RTGS,Kochi,branch,DEV0660
TXN001405,2026-08-17 12:55:37,ACC0397,ACC0491,2105.5,INR,IMPS,Bengaluru,branch,DEV0277
TXN009225,2026-08-17 13:06:34,ACC0172,ACC0013,15615.86,INR,RTGS,Hyderabad,web,DEV0563
TXN005734,2026-08-17 13:07:37,ACC0294,ACC0483,12519.66,INR,IMPS,Delhi,branch,DEV0428
TXN007879,2026-08-17 13:08:39,ACC0123,ACC0494,2535.37,INR,RTGS,Bengaluru,mobile,DEV0486
TXN000571,2026-08-17 13:09:49,ACC0309,ACC0249,1483.97,INR,RTGS,Kochi,web,DEV0644
TXN002648,2026-08-17 13:11:34,ACC0302,ACC0311,1641.49,INR,IMPS,Kochi,mobile,DEV0337
TXN003090,2026-08-17 13:12:48,ACC0032,ACC0469,2966.1,INR,NEFT,Chennai,atm,DEV0026
TXN006937,2026-08-17 13:21:11,ACC0402,ACC0495,184.46,INR,IMPS,Mumbai,atm,DEV0549
TXN002792,2026-08-17 13:23:58,ACC0045,ACC0458,1283.29,INR,NEFT,Hyderabad,web,DEV0249
TXN006919,2026-08-17 13:24:40,ACC0379,ACC0487,1732.35,INR,IMPS,Kochi,atm,DEV0031
TXN000359,2026-08-17 13:24:58,ACC0301,ACC0455,678.52,INR,IMPS,Kochi,atm,DEV0619
TXN007150,2026-08-17 13:25:12,ACC0291,ACC0494,2046.17,INR,IMPS,Kolkata,atm,DEV0260
TXN000583,2026-08-17 13:27:42,ACC0408,ACC0470,1797.66,INR,RTGS,Hyderabad,atm,DEV0688
TXN003520,2026-08-17 13:28:46,ACC0293,ACC0455,551.62,INR,UPI,Pune,web,DEV0759
TXN008342,2026-08-17 13:29:24,ACC0437,ACC0492,1249.57,INR,UPI,Pune,web,DEV0287
TXN008878,2026-08-17 13:31:29,ACC0369,ACC0347,1430.5,INR,RTGS,Delhi,web,DEV0291
TXN005034,2026-08-17 13:31:46,ACC0433,ACC0490,1162.64,INR,RTGS,Chennai,mobile,DEV0583
TXN009287,2026-08-17 13:32:23,ACC0158,ACC0479,4307.72,INR,UPI,Kochi,atm,DEV0045
TXN006823,2026-08-17 13:32:36,ACC0269,ACC0470,3773.85,INR,UPI,Delhi,web,DEV0345
TXN004809,2026-08-17 13:34:59,ACC0099,ACC0500,4775.67,INR,RTGS,Hyderabad,web,DEV0114
TXN000434,2026-08-17 13:35:30,ACC0276,ACC0485,4962.43,INR,RTGS,Chennai,branch,DEV0175
TXN005318,2026-08-17 13:36:26,ACC0119,ACC0474,11956.5,INR,RTGS,Pune,mobile,DEV0866
TXN004156,2026-08-17 13:40:19,ACC0034,ACC0482,1049.75,INR,RTGS,Hyderabad,branch,DEV0175
TXN005063,2026-08-17 13:41:41,ACC0013,ACC0453,2092.69,INR,UPI,Kochi,mobile,DEV0266
TXN003663,2026-08-17 13:45:58,ACC0159,ACC0226,267.16,INR,UPI,Kolkata,atm,DEV0460
TXN005329,2026-08-17 13:48:37,ACC0224,ACC0477,3103.09,INR,UPI,Delhi,atm,DEV0894
TXN000197,2026-08-17 13:52:22,ACC0077,ACC0490,789.95,INR,IMPS,Pune,atm,DEV0579
TXN002638,2026-08-17 13:56:28,ACC0170,ACC0472,384.22,INR,UPI,Kolkata,atm,DEV0187
TXN009960,2026-08-17 13:58:24,ACC0327,ACC0487,1376.66,INR,IMPS,Pune,web,DEV0864
TXN000747,2026-08-17 13:59:31,ACC0406,ACC0489,1515.96,INR,RTGS,Kolkata,branch,DEV0699
TXN001635,2026-08-17 14:02:30,ACC0117,ACC0456,200.94,INR,RTGS,Chennai,web,DEV0399
TXN000787,2026-08-17 14:03:27,ACC0039,ACC0459,1619.35,INR,UPI,Kolkata,web,DEV0852
TXN008514,2026-08-17 14:04:42,ACC0286,ACC0238,903.63,INR,IMPS,Delhi,web,DEV0542
TXN006936,2026-08-17 14:05:25,ACC0190,ACC0470,1392.76,INR,RTGS,Bengaluru,branch,DEV0451
TXN003372,2026-08-17 14:11:05,ACC0055,ACC0484,1785.54,INR,UPI,Bengaluru,atm,DEV0195
TXN002866,2026-08-17 14:11:55,ACC0068,ACC0457,784.52,INR,RTGS,Mumbai,branch,DEV0347
TXN006571,2026-08-17 14:11:58,ACC0074,ACC0490,5618.96,INR,RTGS,Chennai,branch,DEV0711
TXN009907,2026-08-17 14:17:16,ACC0387,ACC0264,366.08,INR,IMPS,Kolkata,web,DEV0396
TXN002401,2026-08-17 14:20:43,ACC0222,ACC0092,427.45,INR,NEFT,Pune,atm,DEV0412
TXN005279,2026-08-17 14:22:26,ACC0199,ACC0461,3597.98,INR,RTGS,Chennai,web,DEV0229
TXN007667,2026-08-17 14:23:03,ACC0073,ACC0481,2842.27,INR,UPI,Hyderabad,atm,DEV0837
TXN005404,2026-08-17 14:24:50,ACC0129,ACC0345,715.14,INR,RTGS,Bengaluru,mobile,DEV0219
TXN000873,2026-08-17 14:25:01,ACC0310,ACC0331,1388.97,INR,NEFT,Mumbai,web,DEV0673
TXN003570,2026-08-17 14:26:48,ACC0443,ACC0451,4401.04,INR,UPI,Chennai,branch,DEV0867
TXN006445,2026-08-17 14:30:12,ACC0361,ACC0479,5439.7,INR,IMPS,Hyderabad,atm,DEV0715
TXN001905,2026-08-17 14:30:26,ACC0241,ACC0475,1013.53,INR,IMPS,Hyderabad,web,DEV0639
TXN009191,2026-08-17 14:33:10,ACC0013,ACC0456,13665.82,INR,NEFT,Kochi,mobile,DEV0566
TXN005138,2026-08-17 14:33:36,ACC0122,ACC0262,2490.94,INR,UPI,Pune,mobile,DEV0566
TXN004982,2026-08-17 14:33:59,ACC0126,ACC0386,587.46,INR,IMPS,Delhi,web,DEV0419
TXN009022,2026-08-17 14:34:18,ACC0347,ACC0494,1224.41,INR,UPI,Delhi,branch,DEV0284
TXN000820,2026-08-17 14:38:11,ACC0310,ACC0478,2436.85,INR,IMPS,Hyderabad,branch,DEV0897
TXN006347,2026-08-17 14:40:35,ACC0303,ACC0482,1345.98,INR,UPI,Delhi,mobile,DEV0729
TXN000543,2026-08-17 14:41:45,ACC0003,ACC0280,13128.78,INR,RTGS,Kolkata,mobile,DEV0750
TXN004404,2026-08-17 14:45:09,ACC0329,ACC0452,110.43,INR,RTGS,Pune,branch,DEV0355
TXN001028,2026-08-17 14:49:30,ACC0325,ACC0479,21323.18,INR,IMPS,Mumbai,web,DEV0435
TXN000266,2026-08-17 14:49:37,ACC0399,ACC0481,181.44,INR,IMPS,Chennai,web,DEV0590
TXN005633,2026-08-17 14:49:59,ACC0331,ACC0500,1824.48,INR,UPI,Hyderabad,branch,DEV0644
TXN004350,2026-08-17 14:50:15,ACC0005,ACC0451,1629.26,INR,UPI,Chennai,web,DEV0769
TXN001082,2026-08-17 14:50:34,ACC0290,ACC0453,1578.98,INR,UPI,Mumbai,mobile,DEV0572
TXN005474,2026-08-17 14:50:35,ACC0167,ACC0023,1033.58,INR,UPI,Hyderabad,atm,DEV0359
TXN005118,2026-08-17 14:51:00,ACC0154,ACC0477,474.25,INR,IMPS,Kochi,web,DEV0600
TXN004383,2026-08-17 14:51:17,ACC0425,ACC0229,936.91,INR,UPI,Kolkata,atm,DEV0721
TXN005648,2026-08-17 14:51:37,ACC0223,ACC0478,5184.09,INR,NEFT,Mumbai,mobile,DEV0146
TXN000289,2026-08-17 14:52:03,ACC0209,ACC0389,1693.01,INR,IMPS,Pune,web,DEV0800
TXN003066,2026-08-17 14:56:14,ACC0035,ACC0482,2256.96,INR,RTGS,Delhi,atm,DEV0213
TXN004311,2026-08-17 14:58:33,ACC0191,ACC0451,320.55,INR,IMPS,Kolkata,web,DEV0426
TXN003318,2026-08-17 14:58:41,ACC0288,ACC0485,365.82,INR,UPI,Pune,mobile,DEV0654
TXN008285,2026-08-17 14:59:41,ACC0015,ACC0459,5509.27,INR,RTGS,Delhi,branch,DEV0334
TXN005878,2026-08-17 15:01:41,ACC0366,ACC0158,1027.47,INR,UPI,Bengaluru,mobile,DEV0726
TXN006450,2026-08-17 15:05:35,ACC0210,ACC0126,2206.18,INR,IMPS,Hyderabad,mobile,DEV0646
TXN008330,2026-08-17 15:10:26,ACC0094,ACC0474,7227.91,INR,RTGS,Bengaluru,web,DEV0117
TXN007881,2026-08-17 15:16:53,ACC0382,ACC0172,2378.65,INR,RTGS,Mumbai,branch,DEV0785
TXN000579,2026-08-17 15:17:01,ACC0337,ACC0291,4013.92,INR,IMPS,Pune,atm,DEV0331
TXN002017,2026-08-17 15:17:21,ACC0164,ACC0351,1605.17,INR,RTGS,Kolkata,branch,DEV0770
TXN009627,2026-08-17 15:19:28,ACC0232,ACC0462,4642.86,INR,NEFT,Kochi,mobile,DEV0184
TXN004973,2026-08-17 15:23:20,ACC0207,ACC0493,1733.68,INR,NEFT,Kolkata,web,DEV0870
TXN006479,2026-08-17 15:25:44,ACC0033,ACC0488,933.29,INR,UPI,Kolkata,web,DEV0821
TXN003117,2026-08-17 15:32:10,ACC0290,ACC0464,752.9,INR,IMPS,Pune,web,DEV0585
TXN004431,2026-08-17 15:34:42,ACC0265,ACC0201,5648.44,INR,NEFT,Chennai,branch,DEV0144
TXN008438,2026-08-17 15:36:06,ACC0246,ACC0461,5310.92,INR,NEFT,Kolkata,atm,DEV0507
TXN000651,2026-08-17 15:37:35,ACC0229,ACC0494,1735.53,INR,IMPS,Kochi,atm,DEV0451
TXN000750,2026-08-17 15:42:12,ACC0352,ACC0481,5599.21,INR,IMPS,Chennai,branch,DEV0695
TXN008104,2026-08-17 15:44:16,ACC0364,ACC0459,1627.23,INR,NEFT,Mumbai,atm,DEV0729
TXN008901,2026-08-17 15:50:07,ACC0085,ACC0485,9096.62,INR,NEFT,Kolkata,mobile,DEV0488
TXN005020,2026-08-17 15:53:33,ACC0135,ACC0230,4370.09,INR,UPI,Kochi,mobile,DEV0545
TXN002658,2026-08-17 15:53:50,ACC0446,ACC0465,6620.44,INR,UPI,Hyderabad,branch,DEV0528
TXN001821,2026-08-17 15:54:26,ACC0094,ACC0451,3063.1,INR,IMPS,Pune,web,DEV0877
TXN008276,2026-08-17 15:59:50,ACC0182,ACC0418,3504.99,INR,RTGS,Kolkata,mobile,DEV0291
TXN008251,2026-08-17 16:01:18,ACC0351,ACC0492,323.39,INR,RTGS,Kochi,atm,DEV0252
TXN002760,2026-08-17 16:04:00,ACC0183,ACC0466,1705.68,INR,IMPS,Hyderabad,atm,DEV0637
TXN003261,2026-08-17 16:07:38,ACC0007,ACC0482,3809.76,INR,RTGS,Delhi,atm,DEV0332
TXN007103,2026-08-17 16:08:41,ACC0301,ACC0480,6076.04,INR,IMPS,Kochi,mobile,DEV0315
TXN000158,2026-08-17 16:09:38,ACC0366,ACC0481,5401.96,INR,RTGS,Hyderabad,branch,DEV0520
TXN000154,2026-08-17 16:15:13,ACC0012,ACC0476,1930.09,INR,IMPS,Kochi,atm,DEV0293
TXN006134,2026-08-17 16:17:48,ACC0217,ACC0314,3909.49,INR,NEFT,Bengaluru,branch,DEV0312
TXN005634,2026-08-17 16:24:59,ACC0129,ACC0092,1491.57,INR,RTGS,Kolkata,web,DEV0769
TXN005117,2026-08-17 16:28:14,ACC0197,ACC0487,609.04,INR,UPI,Kolkata,atm,DEV0218
TXN005299,2026-08-17 16:29:16,ACC0109,ACC0455,2213.64,INR,IMPS,Bengaluru,branch,DEV0167
TXN001888,2026-08-17 16:31:58,ACC0122,ACC0454,2631.88,INR,IMPS,Kochi,web,DEV0384
TXN009137,2026-08-17 16:32:25,ACC0219,ACC0469,4056.46,INR,IMPS,Mumbai,branch,DEV0630
TXN000490,2026-08-17 16:36:46,ACC0399,ACC0480,1000.89,INR,IMPS,Hyderabad,web,DEV0037
TXN002492,2026-08-17 16:45:34,ACC0285,ACC0477,2655.03,INR,IMPS,Pune,mobile,DEV0359
TXN008384,2026-08-17 16:50:03,ACC0132,ACC0106,439.08,INR,NEFT,Mumbai,branch,DEV0032
TXN001011,2026-08-17 16:53:40,ACC0187,ACC0492,2503.63,INR,RTGS,Delhi,web,DEV0720
TXN006695,2026-08-17 16:55:34,ACC0032,ACC0490,2947.42,INR,UPI,Pune,atm,DEV0671
TXN005004,2026-08-17 16:56:43,ACC0245,ACC0174,7143.81,INR,NEFT,Delhi,web,DEV0808
TXN009711,2026-08-17 16:56:57,ACC0444,ACC0465,751.55,INR,RTGS,Kochi,web,DEV0501
TXN002902,2026-08-17 16:57:27,ACC0427,ACC0487,512.26,INR,UPI,Hyderabad,web,DEV0213
TXN003102,2026-08-17 16:58:34,ACC0261,ACC0491,847.52,INR,UPI,Bengaluru,web,DEV0554
TXN006786,2026-08-17 16:58:53,ACC0277,ACC0222,8988.17,INR,NEFT,Delhi,atm,DEV0162
TXN006015,2026-08-17 17:00:20,ACC0383,ACC0469,5771.91,INR,IMPS,Kolkata,atm,DEV0500
TXN006587,2026-08-17 17:02:27,ACC0107,ACC0343,1631.64,INR,RTGS,Hyderabad,web,DEV0373
TXN001226,2026-08-17 17:02:33,ACC0422,ACC0458,721.76,INR,IMPS,Kochi,mobile,DEV0334
TXN007277,2026-08-17 17:08:34,ACC0284,ACC0466,3134.66,INR,RTGS,Pune,atm,DEV0632
TXN008916,2026-08-17 17:08:41,ACC0337,ACC0495,404.28,INR,UPI,Chennai,branch,DEV0150
TXN008512,2026-08-17 17:09:15,ACC0370,ACC0481,3683.53,INR,NEFT,Kolkata,web,DEV0182
TXN009480,2026-08-17 17:09:36,ACC0165,ACC0465,6597.02,INR,RTGS,Mumbai,atm,DEV0149
TXN008230,2026-08-17 17:09:58,ACC0110,ACC0460,2863.95,INR,UPI,Kochi,mobile,DEV0237
TXN001388,2026-08-17 17:11:27,ACC0175,ACC0478,2130.63,INR,RTGS,Pune,web,DEV0637
TXN004625,2026-08-17 17:12:24,ACC0268,ACC0468,306.28,INR,RTGS,Mumbai,atm,DEV0718
TXN007958,2026-08-17 17:12:29,ACC0411,ACC0470,1452.61,INR,IMPS,Pune,atm,DEV0073
TXN001798,2026-08-17 17:17:19,ACC0195,ACC0005,1503.15,INR,NEFT,Kochi,mobile,DEV0579
TXN009016,2026-08-17 17:18:30,ACC0317,ACC0076,1655.5,INR,IMPS,Pune,branch,DEV0621
TXN008929,2026-08-17 17:20:34,ACC0134,ACC0225,1379.07,INR,NEFT,Mumbai,web,DEV0600
TXN004087,2026-08-17 17:21:57,ACC0229,ACC0466,1701.38,INR,IMPS,Bengaluru,branch,DEV0668
TXN005513,2026-08-17 17:22:15,ACC0217,ACC0457,843.28,INR,IMPS,Delhi,atm,DEV0213
TXN007221,2026-08-17 17:23:14,ACC0183,ACC0467,477.11,INR,RTGS,Kochi,web,DEV0026
TXN008396,2026-08-17 17:28:07,ACC0226,ACC0484,440.48,INR,IMPS,Bengaluru,web,DEV0269
TXN007655,2026-08-17 17:29:19,ACC0045,ACC0453,1153.49,INR,UPI,Kochi,atm,DEV0220
TXN009064,2026-08-17 17:29:27,ACC0084,ACC0453,3076.9,INR,IMPS,Pune,branch,DEV0611
TXN008170,2026-08-17 17:29:28,ACC0420,ACC0078,1506.31,INR,RTGS,Bengaluru,mobile,DEV0231
TXN003577,2026-08-17 17:31:03,ACC0200,ACC0494,10893.32,INR,IMPS,Delhi,atm,DEV0837
TXN006765,2026-08-17 17:33:45,ACC0039,ACC0240,591.47,INR,IMPS,Mumbai,mobile,DEV0866
TXN001804,2026-08-17 17:36:49,ACC0057,ACC0451,676.93,INR,NEFT,Bengaluru,web,DEV0702
TXN009979,2026-08-17 17:37:10,ACC0274,ACC0319,1903.19,INR,RTGS,Chennai,mobile,DEV0302
TXN000962,2026-08-17 17:37:32,ACC0253,ACC0487,5077.17,INR,IMPS,Pune,branch,DEV0776
TXN002304,2026-08-17 17:38:14,ACC0104,ACC0346,5162.8,INR,RTGS,Kolkata,mobile,DEV0756
TXN006644,2026-08-17 17:38:29,ACC0177,ACC0457,1314.84,INR,UPI,Kochi,atm,DEV0206
TXN000119,2026-08-17 17:39:10,ACC0363,ACC0479,71.54,INR,RTGS,Pune,branch,DEV0696
TXN007580,2026-08-17 17:40:52,ACC0287,ACC0475,1391.24,INR,NEFT,Kochi,mobile,DEV0819
TXN007505,2026-08-17 17:43:40,ACC0012,ACC0067,498.69,INR,RTGS,Pune,mobile,DEV0743
TXN004534,2026-08-17 17:45:40,ACC0402,ACC0487,676.86,INR,NEFT,Delhi,branch,DEV0155
TXN004645,2026-08-17 17:46:02,ACC0333,ACC0310,6056.45,INR,RTGS,Hyderabad,atm,DEV0813
TXN005177,2026-08-17 17:46:11,ACC0081,ACC0452,183.43,INR,NEFT,Pune,atm,DEV0873
TXN007795,2026-08-17 17:49:01,ACC0249,ACC0493,11738.03,INR,RTGS,Delhi,web,DEV0209
TXN001319,2026-08-17 17:49:07,ACC0069,ACC0305,2282.16,INR,IMPS,Mumbai,mobile,DEV0806
TXN004055,2026-08-17 17:51:50,ACC0238,ACC0496,142.93,INR,RTGS,Mumbai,mobile,DEV0511
TXN007478,2026-08-17 17:54:48,ACC0136,ACC0480,3196.21,INR,UPI,Chennai,web,DEV0201
TXN005714,2026-08-17 17:56:51,ACC0260,ACC0044,1068.2,INR,RTGS,Mumbai,web,DEV0364
TXN001968,2026-08-17 17:57:03,ACC0240,ACC0452,1559.06,INR,RTGS,Chennai,web,DEV0043
TXN000088,2026-08-17 17:58:17,ACC0403,ACC0474,3786.91,INR,RTGS,Hyderabad,branch,DEV0824
TXN005818,2026-08-17 17:59:46,ACC0313,ACC0473,1647.13,INR,NEFT,Pune,web,DEV0385
TXN007390,2026-08-17 18:00:11,ACC0444,ACC0232,497.41,INR,RTGS,Bengaluru,atm,DEV0594
TXN006131,2026-08-17 18:01:18,ACC0295,ACC0435,549.91,INR,UPI,Kochi,web,DEV0324
TXN004891,2026-08-17 18:02:50,ACC0310,ACC0405,3432.65,INR,RTGS,Chennai,web,DEV0019
TXN003947,2026-08-17 18:06:56,ACC0205,ACC0492,1135.27,INR,UPI,Kolkata,branch,DEV0569
TXN005018,2026-08-17 18:09:23,ACC0375,ACC0105,13826.83,INR,UPI,Hyderabad,web,DEV0485
TXN006485,2026-08-17 18:10:25,ACC0281,ACC0475,4187.44,INR,IMPS,Mumbai,web,DEV0492
TXN005620,2026-08-17 18:12:06,ACC0293,ACC0492,1767.33,INR,RTGS,Hyderabad,atm,DEV0068
TXN003691,2026-08-17 18:13:49,ACC0394,ACC0486,153.78,INR,UPI,Kochi,mobile,DEV0379
TXN004312,2026-08-17 18:17:51,ACC0116,ACC0456,1927.51,INR,UPI,Mumbai,mobile,DEV0819
TXN008128,2026-08-17 18:29:55,ACC0252,ACC0451,3104.88,INR,NEFT,Pune,mobile,DEV0443
TXN007547,2026-08-17 18:30:16,ACC0357,ACC0075,784.87,INR,RTGS,Delhi,atm,DEV0100
TXN000890,2026-08-17 18:31:33,ACC0207,ACC0468,1104.12,INR,NEFT,Mumbai,web,DEV0118
TXN002710,2026-08-17 18:31:45,ACC0084,ACC0497,1347.22,INR,UPI,Delhi,branch,DEV0652
TXN006876,2026-08-17 18:33:20,ACC0052,ACC0067,726.53,INR,IMPS,Mumbai,branch,DEV0251
TXN006291,2026-08-17 18:34:24,ACC0067,ACC0478,1096.7,INR,NEFT,Pune,atm,DEV0876
TXN002332,2026-08-17 18:37:47,ACC0308,ACC0489,1239.3,INR,UPI,Mumbai,mobile,DEV0700
TXN007253,2026-08-17 18:38:31,ACC0200,ACC0481,20076.33,INR,NEFT,Kochi,web,DEV0318
TXN008321,2026-08-17 18:40:22,ACC0028,ACC0496,460.86,INR,UPI,Bengaluru,mobile,DEV0399
TXN006464,2026-08-17 18:41:36,ACC0302,ACC0500,2202.7,INR,UPI,Delhi,atm,DEV0387
TXN006777,2026-08-17 18:49:40,ACC0322,ACC0457,1123.87,INR,UPI,Kochi,web,DEV0285
TXN009412,2026-08-17 18:52:46,ACC0125,ACC0454,1842.94,INR,IMPS,Kochi,mobile,DEV0744
TXN007534,2026-08-17 18:53:44,ACC0393,ACC0012,12574.01,INR,IMPS,Kolkata,branch,DEV0172
TXN006638,2026-08-17 18:57:58,ACC0181,ACC0139,819.47,INR,RTGS,Hyderabad,atm,DEV0734
TXN009271,2026-08-17 18:58:11,ACC0262,ACC0497,9894.73,INR,RTGS,Bengaluru,atm,DEV0362
TXN007577,2026-08-17 19:01:33,ACC0288,ACC0455,210.25,INR,NEFT,Pune,mobile,DEV0176
TXN004044,2026-08-17 19:01:41,ACC0367,ACC0452,1799.82,INR,NEFT,Kolkata,mobile,DEV0709
TXN009340,2026-08-17 19:03:51,ACC0185,ACC0462,3706.82,INR,RTGS,Delhi,mobile,DEV0160
TXN009712,2026-08-17 19:06:00,ACC0300,ACC0486,1906.3,INR,RTGS,Pune,web,DEV0703
TXN007456,2026-08-17 19:08:56,ACC0171,ACC0478,229.54,INR,RTGS,Mumbai,branch,DEV0667
TXN008831,2026-08-17 19:13:15,ACC0064,ACC0500,3606.93,INR,UPI,Mumbai,atm,DEV0075
TXN004336,2026-08-17 19:14:27,ACC0368,ACC0181,886.93,INR,RTGS,Kolkata,atm,DEV0589
TXN006391,2026-08-17 19:15:51,ACC0410,ACC0454,3620.82,INR,IMPS,Hyderabad,atm,DEV0050
TXN005855,2026-08-17 19:16:54,ACC0412,ACC0498,1281.31,INR,RTGS,Bengaluru,branch,DEV0375
TXN001288,2026-08-17 19:17:51,ACC0350,ACC0302,9069.14,INR,NEFT,Chennai,atm,DEV0495
TXN000220,2026-08-17 19:20:38,ACC0059,ACC0482,1157.54,INR,UPI,Kolkata,branch,DEV0866
TXN004570,2026-08-17 19:20:46,ACC0352,ACC0470,203.35,INR,RTGS,Bengaluru,branch,DEV0611
TXN004934,2026-08-17 19:25:12,ACC0250,ACC0450,1325.45,INR,UPI,Kolkata,branch,DEV0402
TXN001251,2026-08-17 19:26:17,ACC0157,ACC0472,755.01,INR,NEFT,Delhi,branch,DEV0195
TXN006606,2026-08-17 19:26:44,ACC0047,ACC0461,6954.39,INR,IMPS,Kolkata,atm,DEV0037
TXN003619,2026-08-17 19:27:58,ACC0186,ACC0457,1397.01,INR,RTGS,Pune,atm,DEV0135
TXN006758,2026-08-17 19:30:20,ACC0325,ACC0466,2579.67,INR,RTGS,Pune,mobile,DEV0240
TXN004965,2026-08-17 19:31:09,ACC0427,ACC0494,3009.07,INR,NEFT,Kolkata,mobile,DEV0474
TXN008552,2026-08-17 19:31:34,ACC0426,ACC0491,768.76,INR,UPI,Hyderabad,branch,DEV0188
TXN000415,2026-08-17 19:31:49,ACC0276,ACC0098,2102.73,INR,IMPS,Pune,branch,DEV0114
TXN008761,2026-08-17 19:32:39,ACC0375,ACC0471,3508.15,INR,NEFT,Mumbai,branch,DEV0507
TXN006107,2026-08-17 19:39:05,ACC0198,ACC0464,445.38,INR,UPI,Chennai,web,DEV0844
TXN007481,2026-08-17 19:39:41,ACC0296,ACC0467,500.52,INR,RTGS,Mumbai,mobile,DEV0210
TXN006024,2026-08-17 19:40:16,ACC0211,ACC0498,411.63,INR,RTGS,Mumbai,mobile,DEV0358
TXN008250,2026-08-17 19:42:56,ACC0202,ACC0470,2231.3,INR,UPI,Bengaluru,mobile,DEV0468
TXN007550,2026-08-17 19:43:27,ACC0208,ACC0102,1810.43,INR,RTGS,Mumbai,mobile,DEV0391
TXN009543,2026-08-17 19:45:11,ACC0180,ACC0112,921.42,INR,NEFT,Bengaluru,branch,DEV0824
TXN004688,2026-08-17 19:46:32,ACC0030,ACC0264,665.37,INR,UPI,Delhi,atm,DEV0202
TXN004456,2026-08-17 19:48:27,ACC0270,ACC0367,515.25,INR,NEFT,Pune,atm,DEV0618
TXN004340,2026-08-17 19:49:59,ACC0440,ACC0479,4388.98,INR,UPI,Mumbai,web,DEV0696
TXN000590,2026-08-17 19:53:37,ACC0293,ACC0062,931.57,INR,IMPS,Kolkata,atm,DEV0826
TXN006812,2026-08-17 19:53:39,ACC0414,ACC0477,361.38,INR,RTGS,Kochi,web,DEV0256
TXN008828,2026-08-17 19:53:43,ACC0085,ACC0482,3028.43,INR,UPI,Chennai,mobile,DEV0574
TXN003426,2026-08-17 19:55:35,ACC0323,ACC0481,174.78,INR,RTGS,Bengaluru,atm,DEV0873
TXN008969,2026-08-17 19:55:40,ACC0311,ACC0465,3406.94,INR,NEFT,Kochi,mobile,DEV0895
TXN004145,2026-08-17 19:55:43,ACC0128,ACC0481,55.68,INR,NEFT,Delhi,atm,DEV0486
TXN006873,2026-08-17 20:00:42,ACC0186,ACC0496,7217.62,INR,RTGS,Chennai,mobile,DEV0083
TXN008845,2026-08-17 20:03:52,ACC0421,ACC0222,775.78,INR,RTGS,Kochi,web,DEV0548
TXN005502,2026-08-17 20:06:17,ACC0261,ACC0494,535.52,INR,IMPS,Hyderabad,branch,DEV0284
TXN009530,2026-08-17 20:09:37,ACC0002,ACC0463,6572.51,INR,IMPS,Delhi,branch,DEV0663
TXN000428,2026-08-17 20:14:09,ACC0277,ACC0471,1136.13,INR,UPI,Bengaluru,atm,DEV0297
TXN000375,2026-08-17 20:14:39,ACC0018,ACC0262,3699.2,INR,RTGS,Pune,web,DEV0531
TXN000868,2026-08-17 20:16:59,ACC0308,ACC0461,266.96,INR,UPI,Delhi,web,DEV0888
TXN009819,2026-08-17 20:17:53,ACC0393,ACC0481,840.9,INR,NEFT,Hyderabad,branch,DEV0518
TXN008192,2026-08-17 20:18:28,ACC0203,ACC0455,107.76,INR,IMPS,Chennai,atm,DEV0701
TXN001435,2026-08-17 20:21:37,ACC0248,ACC0463,146.67,INR,UPI,Kolkata,web,DEV0404
TXN009141,2026-08-17 20:27:24,ACC0391,ACC0453,1962.69,INR,RTGS,Hyderabad,web,DEV0475
TXN001315,2026-08-17 20:34:12,ACC0084,ACC0461,958.97,INR,IMPS,Chennai,branch,DEV0874
TXN002503,2026-08-17 20:46:02,ACC0152,ACC0453,3484.41,INR,NEFT,Kochi,atm,DEV0647
TXN008800,2026-08-17 20:46:41,ACC0355,ACC0488,820.4,INR,RTGS,Delhi,web,DEV0676
TXN003350,2026-08-17 20:52:42,ACC0114,ACC0492,856.61,INR,UPI,Delhi,mobile,DEV0797
TXN000985,2026-08-17 20:53:36,ACC0207,ACC0481,2758.75,INR,RTGS,Hyderabad,atm,DEV0319
TXN005517,2026-08-17 20:55:08,ACC0282,ACC0421,1343.81,INR,UPI,Bengaluru,mobile,DEV0605
TXN001058,2026-08-17 20:55:33,ACC0007,ACC0497,1026.91,INR,NEFT,Kolkata,web,DEV0602
TXN006370,2026-08-17 20:56:35,ACC0189,ACC0475,893.88,INR,IMPS,Delhi,web,DEV0369
TXN008993,2026-08-17 20:56:44,ACC0175,ACC0479,2217.61,INR,UPI,Kolkata,mobile,DEV0427
TXN000794,2026-08-17 20:59:47,ACC0392,ACC0205,4718.71,INR,UPI,Mumbai,mobile,DEV0130
TXN007028,2026-08-18 09:01:02,ACC0424,ACC0499,5685.4,INR,IMPS,Chennai,atm,DEV0259
TXN003807,2026-08-18 09:04:13,ACC0339,ACC0466,10606.92,INR,IMPS,Bengaluru,branch,DEV0077
TXN004370,2026-08-18 09:07:12,ACC0114,ACC0315,410.03,INR,RTGS,Mumbai,mobile,DEV0375
TXN009170,2026-08-18 09:07:38,ACC0206,ACC0456,2520.26,INR,RTGS,Chennai,mobile,DEV0719
TXN007301,2026-08-18 09:09:21,ACC0093,ACC0348,3760.63,INR,UPI,Kochi,branch,DEV0414
TXN002678,2026-08-18 09:10:39,ACC0149,ACC0470,1847.68,INR,UPI,Pune,atm,DEV0310
TXN006375,2026-08-18 09:10:55,ACC0146,ACC0399,2795.56,INR,IMPS,Delhi,web,DEV0327
TXN008675,2026-08-18 09:19:45,ACC0079,ACC0401,929.6,INR,UPI,Pune,atm,DEV0874
TXN008645,2026-08-18 09:21:02,ACC0091,ACC0500,1810.51,INR,NEFT,Bengaluru,branch,DEV0018
TXN002225,2026-08-18 09:24:10,ACC0108,ACC0325,949.89,INR,RTGS,Pune,web,DEV0266
TXN003121,2026-08-18 09:24:55,ACC0374,ACC0045,1685.76,INR,RTGS,Kochi,web,DEV0279
TXN001934,2026-08-18 09:27:59,ACC0142,ACC0477,1990.81,INR,RTGS,Mumbai,web,DEV0820
TXN005521,2026-08-18 09:28:04,ACC0353,ACC0489,687.65,INR,RTGS,Mumbai,web,DEV0742
TXN003231,2026-08-18 09:29:50,ACC0190,ACC0480,3527.25,INR,IMPS,Hyderabad,mobile,DEV0513
TXN001932,2026-08-18 09:33:40,ACC0105,ACC0491,741.7,INR,RTGS,Delhi,branch,DEV0853
TXN006951,2026-08-18 09:34:35,ACC0350,ACC0480,1041.06,INR,RTGS,Bengaluru,branch,DEV0127
TXN008541,2026-08-18 09:38:39,ACC0049,ACC0472,7847.24,INR,RTGS,Kochi,web,DEV0882
TXN005816,2026-08-18 09:41:17,ACC0038,ACC0500,807.47,INR,IMPS,Chennai,mobile,DEV0764
TXN000499,2026-08-18 09:43:00,ACC0354,ACC0161,1435.57,INR,IMPS,Hyderabad,web,DEV0035
TXN008869,2026-08-18 09:47:04,ACC0244,ACC0492,78.52,INR,UPI,Delhi,web,DEV0140
TXN004053,2026-08-18 09:48:52,ACC0054,ACC0480,2731.04,INR,UPI,Chennai,mobile,DEV0004
TXN002645,2026-08-18 09:57:25,ACC0434,ACC0482,1296.98,INR,IMPS,Kolkata,branch,DEV0526
TXN000671,2026-08-18 09:57:53,ACC0449,ACC0455,4793.33,INR,UPI,Kolkata,atm,DEV0848
TXN006404,2026-08-18 10:00:15,ACC0231,ACC0496,823.81,INR,IMPS,Chennai,mobile,DEV0499
TXN008002,2026-08-18 10:00:54,ACC0207,ACC0400,1388.69,INR,UPI,Kochi,web,DEV0100
TXN008967,2026-08-18 10:02:42,ACC0186,ACC0456,3081.98,INR,IMPS,Hyderabad,web,DEV0551
TXN008479,2026-08-18 10:04:06,ACC0247,ACC0479,3528.99,INR,RTGS,Kolkata,web,DEV0077
TXN001695,2026-08-18 10:09:51,ACC0042,ACC0179,2004.2,INR,IMPS,Delhi,web,DEV0607
TXN005335,2026-08-18 10:10:12,ACC0300,ACC0485,1988.95,INR,UPI,Delhi,web,DEV0152
TXN007164,2026-08-18 10:10:18,ACC0401,ACC0122,303.09,INR,NEFT,Pune,web,DEV0708
TXN009739,2026-08-18 10:16:20,ACC0427,ACC0488,530.14,INR,RTGS,Delhi,branch,DEV0273
TXN003050,2026-08-18 10:18:49,ACC0220,ACC0054,2375.21,INR,NEFT,Hyderabad,branch,DEV0048
TXN007306,2026-08-18 10:19:33,ACC0421,ACC0457,621.09,INR,RTGS,Pune,web,DEV0260
TXN005861,2026-08-18 10:20:59,ACC0012,ACC0467,2556.97,INR,RTGS,Mumbai,mobile,DEV0368
TXN002242,2026-08-18 10:26:29,ACC0214,ACC0462,592.46,INR,RTGS,Mumbai,web,DEV0867
TXN004292,2026-08-18 10:26:56,ACC0252,ACC0500,801.38,INR,UPI,Chennai,branch,DEV0145
TXN002959,2026-08-18 10:28:41,ACC0357,ACC0164,3097.03,INR,RTGS,Delhi,mobile,DEV0721
TXN008517,2026-08-18 10:29:11,ACC0150,ACC0453,2002.49,INR,RTGS,Delhi,atm,DEV0514
TXN004313,2026-08-18 10:31:52,ACC0309,ACC0462,8678.51,INR,IMPS,Delhi,mobile,DEV0422
TXN002491,2026-08-18 10:34:38,ACC0426,ACC0483,758.44,INR,RTGS,Mumbai,atm,DEV0249
TXN003317,2026-08-18 10:35:09,ACC0415,ACC0461,7766.65,INR,UPI,Delhi,atm,DEV0777
TXN009299,2026-08-18 10:35:27,ACC0052,ACC0498,483.73,INR,UPI,Pune,web,DEV0384
TXN009365,2026-08-18 10:36:01,ACC0190,ACC0459,3290.05,INR,RTGS,Chennai,web,DEV0766
TXN006712,2026-08-18 10:38:42,ACC0339,ACC0345,1296.4,INR,NEFT,Hyderabad,branch,DEV0342
TXN009379,2026-08-18 10:42:19,ACC0252,ACC0240,1416.24,INR,IMPS,Bengaluru,web,DEV0143
TXN009759,2026-08-18 10:42:44,ACC0188,ACC0488,1968.34,INR,UPI,Kochi,branch,DEV0638
TXN007453,2026-08-18 10:45:17,ACC0357,ACC0457,1484.44,INR,NEFT,Delhi,web,DEV0089
TXN001051,2026-08-18 10:45:49,ACC0214,ACC0367,3367.09,INR,UPI,Hyderabad,atm,DEV0849
TXN003726,2026-08-18 10:50:14,ACC0210,ACC0481,204.28,INR,UPI,Kolkata,mobile,DEV0525
TXN008851,2026-08-18 10:52:08,ACC0136,ACC0456,1381.51,INR,UPI,Kochi,branch,DEV0419
TXN004099,2026-08-18 10:52:36,ACC0096,ACC0034,928.35,INR,UPI,Kochi,mobile,DEV0446
TXN005247,2026-08-18 10:57:56,ACC0295,ACC0316,414.12,INR,NEFT,Kochi,mobile,DEV0186
TXN000413,2026-08-18 11:04:33,ACC0445,ACC0441,649.19,INR,IMPS,Kolkata,atm,DEV0001
TXN004755,2026-08-18 11:04:34,ACC0085,ACC0490,2441.11,INR,RTGS,Delhi,mobile,DEV0410
TXN002384,2026-08-18 11:05:58,ACC0255,ACC0471,744.19,INR,IMPS,Bengaluru,branch,DEV0408
TXN008556,2026-08-18 11:12:06,ACC0254,ACC0498,2359.76,INR,IMPS,Kochi,atm,DEV0121
TXN008884,2026-08-18 11:13:01,ACC0433,ACC0499,5118.81,INR,UPI,Bengaluru,branch,DEV0378
TXN004660,2026-08-18 11:14:56,ACC0352,ACC0460,2095.19,INR,UPI,Bengaluru,atm,DEV0400
TXN001401,2026-08-18 11:15:37,ACC0099,ACC0205,3681.88,INR,IMPS,Chennai,mobile,DEV0853
TXN002671,2026-08-18 11:19:03,ACC0014,ACC0500,187.36,INR,NEFT,Delhi,mobile,DEV0805
TXN000450,2026-08-18 11:25:26,ACC0300,ACC0357,1162.52,INR,RTGS,Bengaluru,atm,DEV0093
TXN004282,2026-08-18 11:31:29,ACC0402,ACC0474,7030.46,INR,NEFT,Delhi,atm,DEV0614
TXN009849,2026-08-18 11:33:40,ACC0047,ACC0010,2117.78,INR,UPI,Delhi,atm,DEV0612
TXN006834,2026-08-18 11:34:25,ACC0194,ACC0500,957.36,INR,NEFT,Kolkata,mobile,DEV0276
TXN008407,2026-08-18 11:35:46,ACC0354,ACC0122,1638.36,INR,RTGS,Kolkata,branch,DEV0361
TXN000397,2026-08-18 11:37:38,ACC0228,ACC0495,1180.15,INR,RTGS,Hyderabad,branch,DEV0494
TXN006647,2026-08-18 11:40:15,ACC0136,ACC0486,2726.47,INR,IMPS,Mumbai,branch,DEV0105
TXN004261,2026-08-18 11:40:39,ACC0296,ACC0178,6428.43,INR,UPI,Delhi,branch,DEV0866
TXN008443,2026-08-18 11:41:16,ACC0043,ACC0260,523.79,INR,NEFT,Delhi,web,DEV0009
TXN009020,2026-08-18 11:41:30,ACC0087,ACC0486,1332.68,INR,IMPS,Mumbai,web,DEV0579
TXN007721,2026-08-18 11:43:06,ACC0026,ACC0243,1342.47,INR,RTGS,Chennai,atm,DEV0480
TXN002862,2026-08-18 11:44:02,ACC0066,ACC0493,7987.18,INR,RTGS,Delhi,mobile,DEV0309
TXN009197,2026-08-18 11:50:46,ACC0206,ACC0299,1082.34,INR,NEFT,Mumbai,branch,DEV0023
TXN006284,2026-08-18 11:51:06,ACC0124,ACC0116,366.24,INR,NEFT,Mumbai,atm,DEV0569
TXN004508,2026-08-18 11:56:10,ACC0313,ACC0477,863.08,INR,IMPS,Bengaluru,mobile,DEV0221
TXN004704,2026-08-18 11:56:24,ACC0120,ACC0453,271.53,INR,RTGS,Kolkata,atm,DEV0870
TXN007366,2026-08-18 11:56:50,ACC0256,ACC0219,176.3,INR,IMPS,Pune,atm,DEV0671
TXN003299,2026-08-18 11:58:13,ACC0015,ACC0061,1516.38,INR,UPI,Chennai,atm,DEV0260
TXN005366,2026-08-18 11:59:31,ACC0013,ACC0405,3721.33,INR,RTGS,Kolkata,mobile,DEV0610
TXN006159,2026-08-18 11:59:48,ACC0082,ACC0286,4667.2,INR,UPI,Chennai,atm,DEV0772
TXN006673,2026-08-18 12:00:03,ACC0173,ACC0481,1141.26,INR,UPI,Kolkata,atm,DEV0562
TXN009676,2026-08-18 12:01:42,ACC0157,ACC0467,686.55,INR,UPI,Bengaluru,mobile,DEV0378
TXN002577,2026-08-18 12:01:45,ACC0230,ACC0409,944.76,INR,RTGS,Delhi,atm,DEV0896
TXN006808,2026-08-18 12:03:07,ACC0215,ACC0477,1364.7,INR,RTGS,Chennai,branch,DEV0752
TXN002048,2026-08-18 12:06:04,ACC0023,ACC0483,977.66,INR,RTGS,Chennai,mobile,DEV0771
TXN007358,2026-08-18 12:11:47,ACC0085,ACC0480,1189.69,INR,IMPS,Pune,branch,DEV0333
TXN001616,2026-08-18 12:14:15,ACC0188,ACC0474,928.89,INR,UPI,Bengaluru,mobile,DEV0081
TXN002663,2026-08-18 12:15:22,ACC0444,ACC0074,1118.23,INR,IMPS,Mumbai,mobile,DEV0554
TXN002887,2026-08-18 12:19:32,ACC0412,ACC0451,2596.56,INR,NEFT,Pune,atm,DEV0300
TXN000125,2026-08-18 12:19:51,ACC0384,ACC0120,271.8,INR,RTGS,Kochi,branch,DEV0797
TXN001737,2026-08-18 12:20:00,ACC0435,ACC0119,1599.74,INR,NEFT,Hyderabad,branch,DEV0747
TXN000701,2026-08-18 12:21:12,ACC0061,ACC0453,2541.74,INR,IMPS,Bengaluru,web,DEV0876
TXN006294,2026-08-18 12:23:42,ACC0006,ACC0356,251.99,INR,IMPS,Hyderabad,web,DEV0339
TXN005007,2026-08-18 12:25:24,ACC0340,ACC0123,1311.06,INR,NEFT,Pune,branch,DEV0520
TXN000189,2026-08-18 12:30:13,ACC0390,ACC0493,4652.97,INR,UPI,Bengaluru,web,DEV0760
TXN008467,2026-08-18 12:36:29,ACC0424,ACC0495,15493.67,INR,UPI,Bengaluru,branch,DEV0640
TXN006078,2026-08-18 12:37:21,ACC0312,ACC0463,2542.58,INR,RTGS,Delhi,atm,DEV0207
TXN001728,2026-08-18 12:39:38,ACC0157,ACC0485,2997.9,INR,UPI,Kolkata,atm,DEV0887
TXN003115,2026-08-18 12:42:42,ACC0028,ACC0240,753.37,INR,RTGS,Chennai,mobile,DEV0449
TXN008634,2026-08-18 12:45:30,ACC0289,ACC0454,3583.26,INR,RTGS,Delhi,web,DEV0752
TXN000304,2026-08-18 12:46:23,ACC0245,ACC0453,4598.72,INR,UPI,Chennai,web,DEV0232
TXN007308,2026-08-18 12:49:01,ACC0073,ACC0482,30173.42,INR,UPI,Kochi,web,DEV0697
TXN009102,2026-08-18 12:50:52,ACC0084,ACC0162,2214.53,INR,RTGS,Bengaluru,web,DEV0049
TXN006668,2026-08-18 12:53:13,ACC0016,ACC0459,2130.84,INR,NEFT,Kochi,web,DEV0237
TXN007608,2026-08-18 12:54:36,ACC0147,ACC0495,485.78,INR,NEFT,Chennai,mobile,DEV0479
TXN006867,2026-08-18 12:56:45,ACC0173,ACC0482,2924.17,INR,IMPS,Pune,web,DEV0269
TXN002064,2026-08-18 12:57:26,ACC0107,ACC0217,1543.7,INR,UPI,Mumbai,atm,DEV0885
TXN001975,2026-08-18 13:01:08,ACC0384,ACC0498,458.75,INR,RTGS,Chennai,web,DEV0398
TXN008841,2026-08-18 13:01:22,ACC0112,ACC0468,2422.62,INR,UPI,Hyderabad,atm,DEV0029
TXN002179,2026-08-18 13:02:05,ACC0250,ACC0231,486.74,INR,UPI,Pune,web,DEV0496
TXN000156,2026-08-18 13:04:24,ACC0292,ACC0474,1692.71,INR,IMPS,Mumbai,web,DEV0100
TXN001608,2026-08-18 13:04:39,ACC0127,ACC0380,1268.64,INR,UPI,Bengaluru,mobile,DEV0430
TXN002025,2026-08-18 13:07:13,ACC0140,ACC0460,842.27,INR,UPI,Hyderabad,branch,DEV0044
TXN000148,2026-08-18 13:08:40,ACC0041,ACC0491,736.88,INR,NEFT,Delhi,web,DEV0675
TXN004141,2026-08-18 13:09:16,ACC0050,ACC0459,4464.61,INR,NEFT,Chennai,web,DEV0024
TXN009046,2026-08-18 13:09:27,ACC0309,ACC0477,5083.69,INR,RTGS,Kolkata,web,DEV0244
TXN009836,2026-08-18 13:11:45,ACC0375,ACC0472,5610.95,INR,NEFT,Bengaluru,atm,DEV0879
TXN002705,2026-08-18 13:12:55,ACC0418,ACC0467,3946.34,INR,RTGS,Chennai,mobile,DEV0708
TXN009679,2026-08-18 13:17:18,ACC0138,ACC0452,453.27,INR,RTGS,Mumbai,mobile,DEV0865
TXN000138,2026-08-18 13:20:06,ACC0221,ACC0462,652.68,INR,RTGS,Delhi,atm,DEV0360
TXN006168,2026-08-18 13:21:17,ACC0278,ACC0483,2611.93,INR,RTGS,Kochi,mobile,DEV0215
TXN006379,2026-08-18 13:25:23,ACC0138,ACC0165,1777.17,INR,NEFT,Bengaluru,web,DEV0812
TXN001681,2026-08-18 13:29:04,ACC0406,ACC0459,1475.54,INR,NEFT,Delhi,branch,DEV0054
TXN000412,2026-08-18 13:34:44,ACC0021,ACC0479,1566.89,INR,IMPS,Kolkata,atm,DEV0282
TXN006185,2026-08-18 13:42:30,ACC0045,ACC0454,780.57,INR,UPI,Kolkata,atm,DEV0179
TXN000714,2026-08-18 13:42:58,ACC0446,ACC0491,809.93,INR,UPI,Kolkata,mobile,DEV0774
TXN001736,2026-08-18 13:43:50,ACC0246,ACC0156,722.81,INR,RTGS,Kolkata,web,DEV0099
TXN001879,2026-08-18 13:44:50,ACC0259,ACC0414,826.34,INR,NEFT,Bengaluru,web,DEV0302
TXN000009,2026-08-18 13:47:37,ACC0072,ACC0486,1182.9,INR,IMPS,Bengaluru,web,DEV0522
TXN003188,2026-08-18 13:48:05,ACC0020,ACC0454,577.61,INR,NEFT,Hyderabad,web,DEV0425
TXN004923,2026-08-18 13:52:20,ACC0315,ACC0052,3881.52,INR,RTGS,Kolkata,web,DEV0809
TXN000937,2026-08-18 13:55:41,ACC0155,ACC0400,776.34,INR,UPI,Chennai,branch,DEV0421
TXN009410,2026-08-18 13:57:30,ACC0105,ACC0451,631.66,INR,NEFT,Hyderabad,mobile,DEV0522
TXN006269,2026-08-18 13:58:01,ACC0431,ACC0494,3086.89,INR,NEFT,Mumbai,branch,DEV0175
TXN005369,2026-08-18 13:58:03,ACC0186,ACC0279,7250.87,INR,UPI,Delhi,branch,DEV0354
TXN002145,2026-08-18 14:00:11,ACC0081,ACC0470,528.03,INR,UPI,Mumbai,web,DEV0659
TXN003962,2026-08-18 14:01:46,ACC0166,ACC0449,1552.68,INR,RTGS,Hyderabad,atm,DEV0115
TXN004025,2026-08-18 14:02:24,ACC0373,ACC0480,814.34,INR,RTGS,Kolkata,mobile,DEV0274
TXN007589,2026-08-18 14:04:39,ACC0320,ACC0361,645.66,INR,IMPS,Hyderabad,mobile,DEV0392
TXN007662,2026-08-18 14:06:00,ACC0336,ACC0486,2117.3,INR,NEFT,Kolkata,web,DEV0435
TXN007553,2026-08-18 14:07:23,ACC0331,ACC0468,2900.58,INR,UPI,Bengaluru,web,DEV0171
TXN006301,2026-08-18 14:08:06,ACC0223,ACC0475,2345.76,INR,RTGS,Bengaluru,branch,DEV0611
TXN001254,2026-08-18 14:09:16,ACC0139,ACC0236,2137.88,INR,RTGS,Pune,mobile,DEV0069
TXN001153,2026-08-18 14:10:47,ACC0406,ACC0462,387.6,INR,RTGS,Hyderabad,branch,DEV0292
TXN008648,2026-08-18 14:15:43,ACC0263,ACC0475,2617.22,INR,IMPS,Kolkata,atm,DEV0671
TXN004297,2026-08-18 14:18:25,ACC0353,ACC0477,833.53,INR,RTGS,Chennai,mobile,DEV0428
TXN004396,2026-08-18 14:19:01,ACC0196,ACC0363,137.67,INR,NEFT,Mumbai,mobile,DEV0403
TXN002139,2026-08-18 14:20:29,ACC0204,ACC0471,6075.57,INR,RTGS,Pune,mobile,DEV0167
TXN009513,2026-08-18 14:24:08,ACC0278,ACC0489,261.35,INR,RTGS,Kolkata,atm,DEV0859
TXN003316,2026-08-18 14:28:35,ACC0036,ACC0467,6351.26,INR,UPI,Delhi,atm,DEV0336
TXN004467,2026-08-18 14:30:48,ACC0207,ACC0307,542.99,INR,IMPS,Chennai,mobile,DEV0477
TXN002607,2026-08-18 14:31:47,ACC0028,ACC0490,3314.17,INR,NEFT,Delhi,mobile,DEV0410
TXN001961,2026-08-18 14:32:00,ACC0131,ACC0455,858.21,INR,UPI,Mumbai,branch,DEV0856
TXN003020,2026-08-18 14:37:14,ACC0099,ACC0473,5747.32,INR,NEFT,Kolkata,web,DEV0521
TXN005390,2026-08-18 14:37:20,ACC0419,ACC0494,3109.96,INR,UPI,Kolkata,branch,DEV0588
TXN008257,2026-08-18 14:41:07,ACC0105,ACC0499,146.19,INR,IMPS,Bengaluru,branch,DEV0665
TXN008991,2026-08-18 14:42:53,ACC0103,ACC0479,1686.66,INR,RTGS,Hyderabad,web,DEV0508
TXN000163,2026-08-18 14:43:49,ACC0236,ACC0176,14373.91,INR,IMPS,Kochi,web,DEV0253
TXN005332,2026-08-18 14:47:09,ACC0141,ACC0304,1619.57,INR,RTGS,Bengaluru,branch,DEV0314
TXN001909,2026-08-18 14:47:14,ACC0184,ACC0396,626.66,INR,RTGS,Chennai,branch,DEV0705
TXN000157,2026-08-18 14:48:09,ACC0202,ACC0472,514.44,INR,UPI,Chennai,mobile,DEV0141
TXN001839,2026-08-18 14:50:22,ACC0008,ACC0496,183.24,INR,UPI,Chennai,web,DEV0667
TXN006646,2026-08-18 14:52:54,ACC0426,ACC0424,12332.61,INR,UPI,Kochi,web,DEV0083
TXN002363,2026-08-18 15:00:59,ACC0410,ACC0100,139.98,INR,IMPS,Kochi,mobile,DEV0772
TXN001833,2026-08-18 15:02:49,ACC0422,ACC0492,624.82,INR,UPI,Hyderabad,mobile,DEV0596
TXN001820,2026-08-18 15:05:31,ACC0077,ACC0473,644.35,INR,UPI,Delhi,atm,DEV0685
TXN003993,2026-08-18 15:06:08,ACC0026,ACC0079,3499.04,INR,RTGS,Mumbai,branch,DEV0003
TXN008270,2026-08-18 15:06:09,ACC0415,ACC0467,408.7,INR,UPI,Kolkata,web,DEV0423
TXN000275,2026-08-18 15:06:53,ACC0253,ACC0180,1230.65,INR,NEFT,Delhi,atm,DEV0076
TXN005721,2026-08-18 15:08:16,ACC0053,ACC0490,1236.92,INR,UPI,Kolkata,atm,DEV0109
TXN009516,2026-08-18 15:08:29,ACC0411,ACC0492,1577.77,INR,RTGS,Pune,branch,DEV0631
TXN003944,2026-08-18 15:13:21,ACC0421,ACC0340,2653.52,INR,IMPS,Delhi,atm,DEV0206
TXN001518,2026-08-18 15:13:26,ACC0306,ACC0500,902.83,INR,NEFT,Mumbai,branch,DEV0336
TXN006271,2026-08-18 15:17:42,ACC0209,ACC0486,861.03,INR,UPI,Hyderabad,branch,DEV0385
TXN001891,2026-08-18 15:22:06,ACC0388,ACC0488,811.81,INR,UPI,Delhi,branch,DEV0479
TXN000855,2026-08-18 15:24:18,ACC0091,ACC0461,13238.97,INR,RTGS,Hyderabad,mobile,DEV0090
TXN007421,2026-08-18 15:24:25,ACC0154,ACC0489,3931.29,INR,UPI,Kochi,mobile,DEV0507
TXN008590,2026-08-18 15:26:25,ACC0133,ACC0464,3301.59,INR,IMPS,Chennai,branch,DEV0266
TXN001294,2026-08-18 15:31:57,ACC0408,ACC0077,8532.02,INR,UPI,Chennai,atm,DEV0182
TXN001592,2026-08-18 15:32:16,ACC0003,ACC0485,923.71,INR,UPI,Mumbai,atm,DEV0403
TXN005694,2026-08-18 15:33:09,ACC0361,ACC0120,1753.32,INR,RTGS,Pune,mobile,DEV0440
TXN001227,2026-08-18 15:33:42,ACC0375,ACC0192,3539.43,INR,IMPS,Pune,mobile,DEV0232
TXN006009,2026-08-18 15:33:51,ACC0039,ACC0458,2036.54,INR,NEFT,Kolkata,branch,DEV0196
TXN004009,2026-08-18 15:38:52,ACC0003,ACC0455,194.67,INR,RTGS,Kochi,branch,DEV0478
TXN006593,2026-08-18 15:38:59,ACC0016,ACC0132,4359.15,INR,IMPS,Mumbai,web,DEV0487
TXN006300,2026-08-18 15:48:37,ACC0039,ACC0460,769.4,INR,NEFT,Delhi,mobile,DEV0051
TXN005674,2026-08-18 15:52:41,ACC0178,ACC0425,533.35,INR,IMPS,Mumbai,web,DEV0856
TXN000327,2026-08-18 15:53:37,ACC0003,ACC0454,1532.25,INR,NEFT,Delhi,web,DEV0107
TXN003611,2026-08-18 15:54:20,ACC0088,ACC0498,4411.37,INR,IMPS,Mumbai,branch,DEV0286
TXN001307,2026-08-18 16:02:18,ACC0369,ACC0469,960.07,INR,UPI,Kochi,atm,DEV0475
TXN002439,2026-08-18 16:02:39,ACC0068,ACC0401,4048.67,INR,RTGS,Kochi,atm,DEV0611
TXN008317,2026-08-18 16:04:00,ACC0344,ACC0469,944.29,INR,RTGS,Hyderabad,mobile,DEV0103
TXN001102,2026-08-18 16:07:47,ACC0110,ACC0467,270.67,INR,IMPS,Kolkata,web,DEV0262
TXN000278,2026-08-18 16:09:03,ACC0050,ACC0487,1033.99,INR,IMPS,Kochi,web,DEV0100
TXN000753,2026-08-18 16:10:57,ACC0045,ACC0494,1458.81,INR,NEFT,Bengaluru,web,DEV0175
TXN009963,2026-08-18 16:14:55,ACC0076,ACC0073,3320.97,INR,NEFT,Bengaluru,mobile,DEV0756
TXN002940,2026-08-18 16:16:30,ACC0307,ACC0500,1650.61,INR,NEFT,Pune,web,DEV0298
TXN009794,2026-08-18 16:16:49,ACC0429,ACC0286,1054.56,INR,IMPS,Hyderabad,branch,DEV0498
TXN009597,2026-08-18 16:25:03,ACC0293,ACC0463,3352.57,INR,UPI,Hyderabad,mobile,DEV0151
TXN001654,2026-08-18 16:25:19,ACC0026,ACC0477,557.75,INR,RTGS,Kochi,atm,DEV0305
TXN003926,2026-08-18 16:25:25,ACC0344,ACC0431,7247.81,INR,IMPS,Hyderabad,atm,DEV0436
TXN006904,2026-08-18 16:27:49,ACC0199,ACC0489,11446.41,INR,IMPS,Mumbai,web,DEV0026
TXN004347,2026-08-18 16:30:51,ACC0427,ACC0454,3337.3,INR,UPI,Pune,web,DEV0459
TXN007525,2026-08-18 16:33:41,ACC0246,ACC0473,2788.05,INR,RTGS,Mumbai,atm,DEV0831
TXN007183,2026-08-18 16:35:08,ACC0100,ACC0465,718.99,INR,UPI,Mumbai,atm,DEV0048
TXN007972,2026-08-18 16:36:26,ACC0333,ACC0489,1723.64,INR,UPI,Bengaluru,branch,DEV0321
TXN008487,2026-08-18 16:40:47,ACC0127,ACC0468,2836.58,INR,UPI,Chennai,mobile,DEV0806
TXN002989,2026-08-18 16:41:50,ACC0218,ACC0481,2221.49,INR,UPI,Hyderabad,atm,DEV0883
TXN003404,2026-08-18 16:42:01,ACC0067,ACC0471,114.1,INR,NEFT,Delhi,web,DEV0623
TXN006502,2026-08-18 16:45:15,ACC0246,ACC0091,1058.4,INR,IMPS,Pune,branch,DEV0156
TXN002713,2026-08-18 16:45:22,ACC0110,ACC0494,11918.72,INR,UPI,Bengaluru,mobile,DEV0142
TXN008121,2026-08-18 16:48:48,ACC0195,ACC0477,2268.69,INR,RTGS,Kolkata,atm,DEV0399
TXN005058,2026-08-18 16:50:50,ACC0287,ACC0455,1471.12,INR,RTGS,Mumbai,atm,DEV0438
TXN008500,2026-08-18 16:51:29,ACC0391,ACC0299,5182.67,INR,RTGS,Kochi,mobile,DEV0888
TXN005673,2026-08-18 16:52:11,ACC0050,ACC0485,3654.69,INR,UPI,Kochi,branch,DEV0711
TXN009278,2026-08-18 16:52:11,ACC0040,ACC0396,5834.0,INR,RTGS,Pune,atm,DEV0074
TXN007658,2026-08-18 16:52:25,ACC0280,ACC0423,9388.95,INR,IMPS,Delhi,web,DEV0826
TXN002660,2026-08-18 16:58:44,ACC0279,ACC0473,1452.71,INR,RTGS,Delhi,web,DEV0694
TXN000472,2026-08-18 17:06:13,ACC0059,ACC0490,1954.9,INR,IMPS,Delhi,branch,DEV0588
TXN007013,2026-08-18 17:08:54,ACC0139,ACC0244,996.14,INR,RTGS,Mumbai,web,DEV0554
TXN001501,2026-08-18 17:09:29,ACC0085,ACC0478,3301.74,INR,RTGS,Chennai,branch,DEV0045
TXN002403,2026-08-18 17:13:17,ACC0030,ACC0459,752.22,INR,UPI,Bengaluru,mobile,DEV0077
TXN001257,2026-08-18 17:17:08,ACC0434,ACC0457,2548.26,INR,UPI,Chennai,mobile,DEV0346
TXN007867,2026-08-18 17:19:17,ACC0051,ACC0460,1833.86,INR,RTGS,Kolkata,web,DEV0714
TXN001252,2026-08-18 17:20:13,ACC0352,ACC0496,6277.12,INR,NEFT,Mumbai,branch,DEV0654
TXN007963,2026-08-18 17:23:23,ACC0410,ACC0460,4039.6,INR,UPI,Chennai,web,DEV0801
TXN009830,2026-08-18 17:23:46,ACC0205,ACC0464,414.58,INR,UPI,Hyderabad,web,DEV0068
TXN008389,2026-08-18 17:23:47,ACC0429,ACC0482,549.43,INR,UPI,Kolkata,mobile,DEV0684
TXN008716,2026-08-18 17:24:58,ACC0383,ACC0326,492.05,INR,IMPS,Mumbai,web,DEV0332
TXN005903,2026-08-18 17:25:14,ACC0107,ACC0467,1185.25,INR,NEFT,Kolkata,branch,DEV0275
TXN007015,2026-08-18 17:28:02,ACC0194,ACC0453,852.14,INR,UPI,Pune,mobile,DEV0494
TXN002270,2026-08-18 17:30:47,ACC0107,ACC0463,786.04,INR,IMPS,Pune,mobile,DEV0310
TXN003757,2026-08-18 17:34:39,ACC0072,ACC0461,3476.12,INR,UPI,Pune,mobile,DEV0538
TXN001250,2026-08-18 17:39:40,ACC0355,ACC0472,2060.67,INR,IMPS,Bengaluru,web,DEV0357
TXN006678,2026-08-18 17:43:52,ACC0128,ACC0462,3318.14,INR,UPI,Mumbai,branch,DEV0557
TXN009084,2026-08-18 17:44:13,ACC0030,ACC0002,3121.8,INR,NEFT,Hyderabad,branch,DEV0707
TXN001714,2026-08-18 17:46:14,ACC0312,ACC0494,1153.25,INR,UPI,Kochi,branch,DEV0726
TXN008624,2026-08-18 17:48:04,ACC0376,ACC0458,1983.5,INR,RTGS,Kochi,branch,DEV0892
TXN005518,2026-08-18 17:48:08,ACC0139,ACC0498,1329.63,INR,IMPS,Bengaluru,branch,DEV0443
TXN003814,2026-08-18 17:50:10,ACC0206,ACC0095,1286.82,INR,IMPS,Pune,mobile,DEV0832
TXN007519,2026-08-18 17:54:58,ACC0171,ACC0056,1190.13,INR,NEFT,Bengaluru,mobile,DEV0625
TXN001554,2026-08-18 17:57:40,ACC0120,ACC0486,2069.81,INR,RTGS,Mumbai,branch,DEV0032
TXN003721,2026-08-18 17:58:32,ACC0241,ACC0487,1308.79,INR,RTGS,Pune,web,DEV0458
TXN003024,2026-08-18 17:59:08,ACC0223,ACC0487,1036.04,INR,NEFT,Kochi,branch,DEV0826
TXN006008,2026-08-18 18:00:06,ACC0067,ACC0460,2672.96,INR,RTGS,Bengaluru,atm,DEV0538
TXN003716,2026-08-18 18:00:31,ACC0449,ACC0085,2502.18,INR,RTGS,Delhi,web,DEV0064
TXN001787,2026-08-18 18:01:00,ACC0293,ACC0477,916.25,INR,IMPS,Chennai,mobile,DEV0099
TXN002050,2026-08-18 18:04:47,ACC0385,ACC0500,5996.31,INR,RTGS,Chennai,web,DEV0238
TXN004213,2026-08-18 18:09:44,ACC0155,ACC0477,2297.33,INR,NEFT,Hyderabad,branch,DEV0792
TXN007137,2026-08-18 18:09:56,ACC0147,ACC0460,1374.95,INR,IMPS,Bengaluru,atm,DEV0421
TXN009503,2026-08-18 18:11:39,ACC0436,ACC0171,1273.24,INR,NEFT,Chennai,atm,DEV0801
TXN000850,2026-08-18 18:12:04,ACC0293,ACC0451,4434.29,INR,NEFT,Kolkata,branch,DEV0015
TXN007906,2026-08-18 18:12:48,ACC0117,ACC0461,2155.68,INR,IMPS,Kochi,branch,DEV0762
TXN009034,2026-08-18 18:17:29,ACC0158,ACC0303,5073.86,INR,UPI,Delhi,branch,DEV0312
TXN006752,2026-08-18 18:19:08,ACC0074,ACC0482,6014.87,INR,UPI,Bengaluru,web,DEV0015
TXN006995,2026-08-18 18:21:24,ACC0248,ACC0148,3005.49,INR,IMPS,Pune,branch,DEV0220
TXN000145,2026-08-18 18:23:29,ACC0405,ACC0474,5872.8,INR,UPI,Mumbai,branch,DEV0408
TXN007317,2026-08-18 18:25:04,ACC0254,ACC0454,1093.97,INR,IMPS,Pune,branch,DEV0789
TXN007427,2026-08-18 18:25:36,ACC0068,ACC0005,471.64,INR,NEFT,Kolkata,mobile,DEV0484
TXN001769,2026-08-18 18:26:49,ACC0234,ACC0461,2644.28,INR,IMPS,Bengaluru,branch,DEV0182
TXN009468,2026-08-18 18:28:50,ACC0060,ACC0199,3496.05,INR,IMPS,Bengaluru,web,DEV0870
TXN005589,2026-08-18 18:28:55,ACC0022,ACC0007,1059.78,INR,UPI,Hyderabad,mobile,DEV0827
TXN009405,2026-08-18 18:31:07,ACC0201,ACC0457,303.13,INR,RTGS,Kolkata,web,DEV0310
TXN008177,2026-08-18 18:33:01,ACC0061,ACC0457,868.88,INR,NEFT,Mumbai,mobile,DEV0087
TXN004840,2026-08-18 18:33:39,ACC0449,ACC0454,1894.3,INR,NEFT,Delhi,mobile,DEV0169
TXN007703,2026-08-18 18:34:59,ACC0228,ACC0482,1147.64,INR,RTGS,Mumbai,mobile,DEV0445
TXN007859,2026-08-18 18:35:07,ACC0262,ACC0089,7400.94,INR,NEFT,Delhi,branch,DEV0874
TXN007326,2026-08-18 18:38:45,ACC0011,ACC0491,105.72,INR,UPI,Delhi,atm,DEV0711
TXN008505,2026-08-18 18:43:06,ACC0361,ACC0456,1426.91,INR,NEFT,Bengaluru,web,DEV0231
TXN003937,2026-08-18 18:46:10,ACC0411,ACC0388,291.53,INR,RTGS,Hyderabad,mobile,DEV0620
TXN009047,2026-08-18 18:46:25,ACC0436,ACC0487,1003.59,INR,NEFT,Hyderabad,mobile,DEV0071
TXN009227,2026-08-18 18:47:21,ACC0149,ACC0309,3278.36,INR,IMPS,Hyderabad,branch,DEV0714
TXN008256,2026-08-18 18:49:22,ACC0394,ACC0462,762.97,INR,UPI,Kolkata,web,DEV0767
TXN000531,2026-08-18 18:50:13,ACC0386,ACC0490,2953.43,INR,IMPS,Chennai,branch,DEV0053
TXN005052,2026-08-18 18:50:33,ACC0407,ACC0494,1560.73,INR,NEFT,Kochi,branch,DEV0759
TXN004622,2026-08-18 18:52:13,ACC0124,ACC0488,1070.31,INR,UPI,Mumbai,branch,DEV0044
TXN000932,2026-08-18 18:55:24,ACC0397,ACC0101,6063.65,INR,RTGS,Chennai,atm,DEV0785
TXN005124,2026-08-18 19:00:08,ACC0219,ACC0461,8756.43,INR,NEFT,Delhi,web,DEV0696
TXN004592,2026-08-18 19:00:09,ACC0431,ACC0487,2810.35,INR,IMPS,Mumbai,atm,DEV0089
TXN006661,2026-08-18 19:03:07,ACC0167,ACC0481,898.14,INR,UPI,Kochi,branch,DEV0547
TXN008028,2026-08-18 19:07:00,ACC0138,ACC0463,629.58,INR,RTGS,Mumbai,mobile,DEV0848
TXN001543,2026-08-18 19:14:37,ACC0068,ACC0426,1340.74,INR,NEFT,Mumbai,web,DEV0116
TXN008398,2026-08-18 19:15:55,ACC0175,ACC0470,9073.93,INR,UPI,Hyderabad,branch,DEV0413
TXN003251,2026-08-18 19:16:41,ACC0151,ACC0493,3197.75,INR,UPI,Mumbai,mobile,DEV0597
TXN001451,2026-08-18 19:17:30,ACC0165,ACC0474,725.31,INR,UPI,Kolkata,web,DEV0634
TXN005462,2026-08-18 19:30:13,ACC0249,ACC0091,3675.28,INR,UPI,Kolkata,atm,DEV0120
TXN005471,2026-08-18 19:37:06,ACC0004,ACC0371,2107.98,INR,UPI,Kochi,web,DEV0283
TXN002037,2026-08-18 19:40:28,ACC0422,ACC0496,753.35,INR,RTGS,Kolkata,branch,DEV0073
TXN008522,2026-08-18 19:43:05,ACC0127,ACC0491,1369.62,INR,RTGS,Delhi,web,DEV0024
TXN004407,2026-08-18 19:43:09,ACC0004,ACC0455,216.36,INR,UPI,Bengaluru,web,DEV0489
TXN005436,2026-08-18 19:46:11,ACC0016,ACC0225,437.25,INR,UPI,Mumbai,web,DEV0031
TXN003141,2026-08-18 19:46:14,ACC0252,ACC0451,902.07,INR,UPI,Kolkata,web,DEV0330
TXN002631,2026-08-18 19:46:20,ACC0218,ACC0313,4459.91,INR,UPI,Bengaluru,branch,DEV0847
TXN002718,2026-08-18 19:53:46,ACC0370,ACC0469,1622.32,INR,RTGS,Mumbai,web,DEV0349
TXN007638,2026-08-18 20:00:32,ACC0424,ACC0453,548.08,INR,NEFT,Bengaluru,branch,DEV0413
TXN002097,2026-08-18 20:01:35,ACC0315,ACC0481,5535.8,INR,IMPS,Bengaluru,mobile,DEV0135
TXN006101,2026-08-18 20:03:38,ACC0049,ACC0496,9894.03,INR,NEFT,Delhi,web,DEV0142
TXN000110,2026-08-18 20:14:32,ACC0221,ACC0475,2284.34,INR,IMPS,Mumbai,atm,DEV0883
TXN003938,2026-08-18 20:18:02,ACC0317,ACC0167,365.5,INR,RTGS,Pune,branch,DEV0330
TXN008345,2026-08-18 20:19:08,ACC0222,ACC0494,1940.52,INR,IMPS,Pune,mobile,DEV0146
TXN007157,2026-08-18 20:28:33,ACC0362,ACC0460,2610.25,INR,RTGS,Chennai,atm,DEV0653
TXN004465,2026-08-18 20:30:31,ACC0121,ACC0468,660.75,INR,IMPS,Mumbai,atm,DEV0773
TXN002539,2026-08-18 20:38:28,ACC0155,ACC0488,3736.17,INR,IMPS,Kolkata,atm,DEV0006
TXN003854,2026-08-18 20:39:56,ACC0136,ACC0461,1782.54,INR,RTGS,Pune,branch,DEV0124
TXN006552,2026-08-18 20:42:38,ACC0016,ACC0299,7156.4,INR,UPI,Mumbai,atm,DEV0644
TXN006657,2026-08-18 20:43:01,ACC0314,ACC0072,1650.41,INR,NEFT,Kochi,web,DEV0329
TXN001133,2026-08-18 20:43:19,ACC0111,ACC0470,777.85,INR,RTGS,Delhi,branch,DEV0884
TXN002259,2026-08-18 20:46:09,ACC0179,ACC0455,698.23,INR,UPI,Chennai,mobile,DEV0250
TXN004001,2026-08-18 20:47:11,ACC0231,ACC0101,2560.13,INR,NEFT,Mumbai,branch,DEV0443
TXN008450,2026-08-18 20:47:27,ACC0438,ACC0456,663.38,INR,UPI,Chennai,branch,DEV0576
TXN004498,2026-08-18 20:47:51,ACC0161,ACC0494,8363.96,INR,UPI,Chennai,atm,DEV0465
TXN003846,2026-08-18 20:50:54,ACC0205,ACC0454,419.87,INR,IMPS,Chennai,branch,DEV0111
TXN003184,2026-08-18 20:51:46,ACC0249,ACC0130,49.52,INR,NEFT,Kolkata,mobile,DEV0175
TXN004119,2026-08-18 20:54:35,ACC0347,ACC0288,3981.91,INR,UPI,Hyderabad,atm,DEV0045
TXN004293,2026-08-19 09:00:45,ACC0343,ACC0319,6937.77,INR,IMPS,Delhi,web,DEV0282
TXN004124,2026-08-19 09:02:50,ACC0097,ACC0460,1775.95,INR,NEFT,Kolkata,branch,DEV0496
TXN006807,2026-08-19 09:03:56,ACC0314,ACC0430,1399.69,INR,RTGS,Kochi,mobile,DEV0566
TXN004493,2026-08-19 09:08:27,ACC0052,ACC0491,5288.73,INR,NEFT,Bengaluru,atm,DEV0461
TXN002916,2026-08-19 09:09:46,ACC0351,ACC0458,1011.85,INR,UPI,Kolkata,mobile,DEV0052
TXN004243,2026-08-19 09:12:23,ACC0440,ACC0412,2991.63,INR,IMPS,Mumbai,atm,DEV0700
TXN009490,2026-08-19 09:13:07,ACC0004,ACC0461,4599.85,INR,NEFT,Kolkata,branch,DEV0788
TXN000934,2026-08-19 09:14:26,ACC0030,ACC0456,5888.93,INR,UPI,Bengaluru,mobile,DEV0079
TXN003178,2026-08-19 09:15:21,ACC0144,ACC0118,7913.47,INR,UPI,Delhi,branch,DEV0786
TXN000877,2026-08-19 09:18:01,ACC0168,ACC0466,10765.05,INR,UPI,Kochi,branch,DEV0135
TXN000837,2026-08-19 09:18:10,ACC0301,ACC0245,480.69,INR,UPI,Bengaluru,web,DEV0827
TXN008434,2026-08-19 09:22:25,ACC0284,ACC0495,5279.07,INR,IMPS,Chennai,mobile,DEV0313
TXN000853,2026-08-19 09:23:52,ACC0108,ACC0348,1132.06,INR,IMPS,Mumbai,atm,DEV0665
TXN007205,2026-08-19 09:27:57,ACC0305,ACC0020,2267.07,INR,NEFT,Chennai,mobile,DEV0591
TXN008576,2026-08-19 09:28:43,ACC0367,ACC0485,6433.56,INR,NEFT,Mumbai,web,DEV0157
TXN004930,2026-08-19 09:29:13,ACC0154,ACC0495,1521.34,INR,UPI,Kochi,atm,DEV0281
TXN008509,2026-08-19 09:30:52,ACC0125,ACC0459,1394.09,INR,IMPS,Pune,web,DEV0205
TXN007152,2026-08-19 09:32:02,ACC0422,ACC0456,10192.3,INR,UPI,Kolkata,mobile,DEV0382
TXN000621,2026-08-19 09:35:04,ACC0128,ACC0469,8253.43,INR,RTGS,Pune,mobile,DEV0476
TXN005493,2026-08-19 09:36:35,ACC0061,ACC0484,223.43,INR,RTGS,Bengaluru,web,DEV0212
TXN005162,2026-08-19 09:36:40,ACC0020,ACC0475,1134.88,INR,IMPS,Delhi,mobile,DEV0580
TXN005291,2026-08-19 09:36:58,ACC0313,ACC0500,15216.24,INR,RTGS,Mumbai,web,DEV0383
TXN005686,2026-08-19 09:37:31,ACC0240,ACC0100,2085.55,INR,NEFT,Kochi,mobile,DEV0615
TXN006067,2026-08-19 09:37:53,ACC0131,ACC0469,767.87,INR,NEFT,Pune,web,DEV0898
TXN001331,2026-08-19 09:41:13,ACC0112,ACC0458,18233.44,INR,UPI,Pune,mobile,DEV0350
TXN004789,2026-08-19 09:41:27,ACC0002,ACC0487,688.82,INR,UPI,Pune,atm,DEV0113
TXN001220,2026-08-19 09:42:04,ACC0239,ACC0451,6694.0,INR,NEFT,Hyderabad,mobile,DEV0688
TXN001751,2026-08-19 09:44:02,ACC0027,ACC0487,342.16,INR,IMPS,Kochi,web,DEV0592
TXN001763,2026-08-19 09:44:33,ACC0125,ACC0022,814.3,INR,UPI,Mumbai,mobile,DEV0291
TXN002674,2026-08-19 09:45:01,ACC0245,ACC0488,172.7,INR,IMPS,Mumbai,web,DEV0820
TXN006218,2026-08-19 09:58:03,ACC0279,ACC0484,3363.74,INR,NEFT,Bengaluru,web,DEV0364
TXN002811,2026-08-19 09:58:13,ACC0066,ACC0469,861.11,INR,NEFT,Bengaluru,branch,DEV0271
TXN006574,2026-08-19 10:01:08,ACC0276,ACC0483,3009.43,INR,IMPS,Chennai,web,DEV0546
TXN009833,2026-08-19 10:06:13,ACC0283,ACC0487,8814.11,INR,RTGS,Delhi,atm,DEV0687
TXN002382,2026-08-19 10:06:38,ACC0437,ACC0320,5679.47,INR,IMPS,Pune,atm,DEV0757
TXN001719,2026-08-19 10:08:20,ACC0088,ACC0473,1420.52,INR,NEFT,Kolkata,branch,DEV0229
TXN009741,2026-08-19 10:08:42,ACC0028,ACC0488,1491.91,INR,UPI,Kolkata,mobile,DEV0685
TXN008730,2026-08-19 10:10:39,ACC0436,ACC0476,463.26,INR,NEFT,Delhi,mobile,DEV0102
TXN002767,2026-08-19 10:12:58,ACC0152,ACC0500,688.8,INR,IMPS,Chennai,branch,DEV0345
TXN006681,2026-08-19 10:13:29,ACC0197,ACC0452,384.09,INR,RTGS,Kochi,web,DEV0770
TXN008939,2026-08-19 10:14:48,ACC0079,ACC0215,1000.56,INR,NEFT,Bengaluru,branch,DEV0619
TXN003101,2026-08-19 10:16:09,ACC0399,ACC0477,1105.86,INR,NEFT,Kolkata,web,DEV0473
TXN006549,2026-08-19 10:16:22,ACC0269,ACC0087,204.33,INR,UPI,Kolkata,branch,DEV0255
TXN005824,2026-08-19 10:16:33,ACC0040,ACC0469,941.63,INR,NEFT,Kochi,web,DEV0005
TXN005242,2026-08-19 10:18:14,ACC0412,ACC0353,400.77,INR,IMPS,Kolkata,atm,DEV0754
TXN000270,2026-08-19 10:21:19,ACC0361,ACC0203,3563.94,INR,RTGS,Kolkata,web,DEV0725
TXN003315,2026-08-19 10:24:20,ACC0369,ACC0487,1659.91,INR,RTGS,Bengaluru,branch,DEV0782
TXN009934,2026-08-19 10:25:18,ACC0125,ACC0456,1050.86,INR,RTGS,Pune,web,DEV0617
TXN008103,2026-08-19 10:29:49,ACC0235,ACC0466,525.62,INR,NEFT,Hyderabad,mobile,DEV0035
TXN002345,2026-08-19 10:35:57,ACC0113,ACC0499,2504.88,INR,UPI,Bengaluru,mobile,DEV0839
TXN008820,2026-08-19 10:39:55,ACC0049,ACC0497,1341.85,INR,UPI,Pune,atm,DEV0107
TXN008597,2026-08-19 10:40:15,ACC0433,ACC0002,1320.42,INR,NEFT,Bengaluru,atm,DEV0623
TXN005220,2026-08-19 10:40:19,ACC0062,ACC0217,3629.57,INR,UPI,Mumbai,web,DEV0634
TXN006776,2026-08-19 10:43:35,ACC0369,ACC0119,1895.2,INR,UPI,Chennai,atm,DEV0240
TXN007249,2026-08-19 10:45:20,ACC0328,ACC0459,5131.32,INR,NEFT,Hyderabad,branch,DEV0088
TXN005889,2026-08-19 10:45:54,ACC0149,ACC0041,1412.95,INR,NEFT,Delhi,web,DEV0438
TXN005940,2026-08-19 10:46:57,ACC0278,ACC0487,6529.0,INR,UPI,Bengaluru,branch,DEV0484
TXN003205,2026-08-19 10:47:45,ACC0348,ACC0320,2758.73,INR,RTGS,Hyderabad,branch,DEV0443
TXN002195,2026-08-19 10:48:16,ACC0094,ACC0456,452.76,INR,UPI,Kochi,mobile,DEV0371
TXN001686,2026-08-19 10:50:11,ACC0128,ACC0479,1389.44,INR,NEFT,Kolkata,atm,DEV0827
TXN007212,2026-08-19 10:56:17,ACC0408,ACC0470,862.83,INR,RTGS,Chennai,branch,DEV0186
TXN003800,2026-08-19 10:56:19,ACC0362,ACC0478,682.28,INR,RTGS,Kochi,web,DEV0566
TXN003070,2026-08-19 10:57:06,ACC0281,ACC0465,588.79,INR,IMPS,Kolkata,atm,DEV0669
TXN003361,2026-08-19 11:00:27,ACC0280,ACC0064,2291.05,INR,NEFT,Delhi,branch,DEV0681
TXN002080,2026-08-19 11:01:06,ACC0132,ACC0488,7509.97,INR,NEFT,Bengaluru,web,DEV0132
TXN001981,2026-08-19 11:02:20,ACC0416,ACC0491,657.22,INR,IMPS,Hyderabad,branch,DEV0231
TXN006845,2026-08-19 11:06:21,ACC0001,ACC0494,300.26,INR,UPI,Kolkata,mobile,DEV0725
TXN004530,2026-08-19 11:09:20,ACC0154,ACC0486,333.32,INR,RTGS,Kolkata,web,DEV0611
TXN002960,2026-08-19 11:10:05,ACC0169,ACC0470,2210.52,INR,IMPS,Delhi,branch,DEV0516
TXN007069,2026-08-19 11:12:12,ACC0201,ACC0472,1771.68,INR,NEFT,Kolkata,mobile,DEV0430
TXN004080,2026-08-19 11:20:26,ACC0372,ACC0497,8002.49,INR,IMPS,Pune,web,DEV0457
TXN006791,2026-08-19 11:24:27,ACC0265,ACC0484,2943.71,INR,RTGS,Kochi,branch,DEV0058
TXN002533,2026-08-19 11:24:40,ACC0317,ACC0488,1239.9,INR,RTGS,Mumbai,atm,DEV0664
TXN008946,2026-08-19 11:25:23,ACC0287,ACC0328,596.2,INR,NEFT,Kochi,atm,DEV0116
TXN003811,2026-08-19 11:25:25,ACC0203,ACC0471,404.76,INR,UPI,Chennai,branch,DEV0229
TXN008290,2026-08-19 11:29:06,ACC0090,ACC0331,7031.08,INR,RTGS,Kolkata,branch,DEV0643
TXN004866,2026-08-19 11:29:33,ACC0013,ACC0023,2504.64,INR,IMPS,Bengaluru,atm,DEV0711
TXN009818,2026-08-19 11:30:35,ACC0344,ACC0495,849.83,INR,NEFT,Bengaluru,branch,DEV0874
TXN005085,2026-08-19 11:31:41,ACC0147,ACC0492,2955.44,INR,NEFT,Delhi,mobile,DEV0355
TXN007748,2026-08-19 11:34:46,ACC0160,ACC0248,1074.97,INR,UPI,Delhi,mobile,DEV0103
TXN005831,2026-08-19 11:36:59,ACC0445,ACC0474,14870.55,INR,IMPS,Delhi,web,DEV0596
TXN004768,2026-08-19 11:37:54,ACC0081,ACC0500,346.95,INR,NEFT,Kolkata,atm,DEV0586
TXN005233,2026-08-19 11:39:23,ACC0114,ACC0466,12878.43,INR,RTGS,Mumbai,mobile,DEV0783
TXN004011,2026-08-19 11:42:53,ACC0285,ACC0475,12415.27,INR,NEFT,Kolkata,web,DEV0694
TXN005499,2026-08-19 11:43:49,ACC0354,ACC0400,1047.19,INR,UPI,Kochi,branch,DEV0262
TXN006432,2026-08-19 11:44:14,ACC0238,ACC0493,412.0,INR,IMPS,Delhi,branch,DEV0826
TXN007736,2026-08-19 11:46:00,ACC0053,ACC0483,14719.03,INR,RTGS,Bengaluru,branch,DEV0549
TXN002275,2026-08-19 11:47:09,ACC0432,ACC0473,9892.95,INR,UPI,Delhi,atm,DEV0060
TXN007009,2026-08-19 11:55:24,ACC0050,ACC0463,4416.27,INR,IMPS,Mumbai,web,DEV0785
TXN005084,2026-08-19 11:55:34,ACC0093,ACC0470,2867.71,INR,RTGS,Bengaluru,branch,DEV0897
TXN002006,2026-08-19 12:06:33,ACC0162,ACC0492,3923.5,INR,RTGS,Hyderabad,mobile,DEV0264
TXN007822,2026-08-19 12:06:39,ACC0023,ACC0496,2105.93,INR,RTGS,Bengaluru,branch,DEV0381
TXN008568,2026-08-19 12:07:39,ACC0037,ACC0320,1260.22,INR,RTGS,Pune,mobile,DEV0077
TXN004169,2026-08-19 12:10:07,ACC0088,ACC0454,3209.14,INR,NEFT,Delhi,mobile,DEV0384
TXN001760,2026-08-19 12:14:52,ACC0442,ACC0478,2979.73,INR,IMPS,Chennai,atm,DEV0767
TXN002443,2026-08-19 12:16:17,ACC0404,ACC0490,559.05,INR,UPI,Pune,branch,DEV0725
TXN008892,2026-08-19 12:17:05,ACC0302,ACC0483,2218.89,INR,UPI,Kochi,atm,DEV0296
TXN005269,2026-08-19 12:22:22,ACC0126,ACC0477,255.53,INR,NEFT,Kochi,atm,DEV0494
TXN002375,2026-08-19 12:22:47,ACC0370,ACC0454,1652.39,INR,UPI,Pune,web,DEV0858
TXN002950,2026-08-19 12:23:28,ACC0391,ACC0322,6058.94,INR,IMPS,Mumbai,mobile,DEV0092
TXN001990,2026-08-19 12:27:21,ACC0154,ACC0208,1286.56,INR,NEFT,Bengaluru,branch,DEV0731
TXN001427,2026-08-19 12:31:47,ACC0428,ACC0484,795.44,INR,RTGS,Delhi,web,DEV0378
TXN008483,2026-08-19 12:32:22,ACC0174,ACC0465,2773.1,INR,NEFT,Kolkata,branch,DEV0869
TXN001310,2026-08-19 12:34:42,ACC0308,ACC0482,2561.78,INR,NEFT,Pune,branch,DEV0182
TXN001489,2026-08-19 12:34:49,ACC0011,ACC0135,8698.09,INR,IMPS,Chennai,branch,DEV0256
TXN009327,2026-08-19 12:35:12,ACC0392,ACC0494,1238.93,INR,UPI,Bengaluru,web,DEV0094
TXN008679,2026-08-19 12:35:30,ACC0051,ACC0015,4367.35,INR,UPI,Hyderabad,atm,DEV0196
TXN004685,2026-08-19 12:36:45,ACC0384,ACC0485,225.05,INR,UPI,Hyderabad,atm,DEV0393
TXN006945,2026-08-19 12:38:01,ACC0058,ACC0164,467.02,INR,RTGS,Kochi,mobile,DEV0169
TXN006322,2026-08-19 12:38:45,ACC0234,ACC0466,1089.38,INR,IMPS,Chennai,atm,DEV0138
TXN004760,2026-08-19 12:40:08,ACC0387,ACC0462,113.78,INR,NEFT,Hyderabad,branch,DEV0122
TXN005503,2026-08-19 12:41:48,ACC0167,ACC0480,566.92,INR,NEFT,Hyderabad,branch,DEV0699
TXN000005,2026-08-19 12:45:04,ACC0322,ACC0474,539.13,INR,IMPS,Mumbai,web,DEV0888
TXN001661,2026-08-19 12:48:38,ACC0063,ACC0489,313.78,INR,IMPS,Hyderabad,atm,DEV0292
TXN003591,2026-08-19 12:52:04,ACC0406,ACC0480,1223.18,INR,IMPS,Kolkata,web,DEV0162
TXN006699,2026-08-19 12:53:24,ACC0114,ACC0485,380.51,INR,UPI,Kochi,mobile,DEV0061
TXN006648,2026-08-19 12:57:16,ACC0015,ACC0450,1185.64,INR,UPI,Chennai,branch,DEV0556
TXN003643,2026-08-19 12:57:27,ACC0161,ACC0455,1220.64,INR,NEFT,Pune,branch,DEV0213
TXN006463,2026-08-19 12:57:54,ACC0337,ACC0488,2576.98,INR,RTGS,Hyderabad,web,DEV0536
TXN002821,2026-08-19 12:58:06,ACC0038,ACC0482,254.08,INR,IMPS,Kochi,web,DEV0501
TXN002974,2026-08-19 12:58:24,ACC0283,ACC0483,4775.65,INR,RTGS,Pune,mobile,DEV0490
TXN005896,2026-08-19 12:59:05,ACC0145,ACC0453,3167.24,INR,UPI,Delhi,branch,DEV0805
TXN007791,2026-08-19 13:00:40,ACC0402,ACC0489,462.96,INR,IMPS,Pune,atm,DEV0200
TXN004466,2026-08-19 13:01:25,ACC0202,ACC0460,752.09,INR,RTGS,Delhi,branch,DEV0479
TXN006852,2026-08-19 13:04:26,ACC0177,ACC0258,11102.25,INR,RTGS,Bengaluru,mobile,DEV0513
TXN002673,2026-08-19 13:05:11,ACC0428,ACC0012,3027.1,INR,UPI,Kolkata,web,DEV0363
TXN005957,2026-08-19 13:07:32,ACC0151,ACC0497,1826.49,INR,UPI,Chennai,web,DEV0171
TXN001215,2026-08-19 13:13:32,ACC0028,ACC0465,1196.78,INR,RTGS,Delhi,atm,DEV0492
TXN003534,2026-08-19 13:13:37,ACC0394,ACC0369,3286.89,INR,RTGS,Chennai,branch,DEV0576
TXN005613,2026-08-19 13:14:54,ACC0131,ACC0454,1857.97,INR,IMPS,Kochi,branch,DEV0763
TXN007739,2026-08-19 13:24:01,ACC0232,ACC0460,706.22,INR,IMPS,Kolkata,web,DEV0769
TXN002035,2026-08-19 13:26:39,ACC0422,ACC0472,2866.85,INR,RTGS,Delhi,web,DEV0137
TXN006933,2026-08-19 13:28:32,ACC0197,ACC0146,2372.75,INR,UPI,Mumbai,atm,DEV0668
TXN002310,2026-08-19 13:29:01,ACC0231,ACC0490,1348.74,INR,UPI,Pune,mobile,DEV0088
TXN008077,2026-08-19 13:29:09,ACC0038,ACC0491,313.87,INR,IMPS,Kochi,atm,DEV0742
TXN007010,2026-08-19 13:31:47,ACC0242,ACC0098,906.59,INR,NEFT,Kolkata,branch,DEV0638
TXN002527,2026-08-19 13:32:16,ACC0326,ACC0484,1736.08,INR,NEFT,Pune,mobile,DEV0026
TXN004134,2026-08-19 13:33:05,ACC0419,ACC0366,736.61,INR,UPI,Mumbai,atm,DEV0466
TXN005359,2026-08-19 13:33:07,ACC0368,ACC0459,3285.02,INR,IMPS,Delhi,atm,DEV0738
TXN005174,2026-08-19 13:33:47,ACC0391,ACC0018,346.19,INR,IMPS,Bengaluru,mobile,DEV0597
TXN004115,2026-08-19 13:34:40,ACC0292,ACC0474,646.91,INR,UPI,Mumbai,atm,DEV0845
TXN007144,2026-08-19 13:35:01,ACC0359,ACC0288,1265.97,INR,NEFT,Kolkata,mobile,DEV0823
TXN008186,2026-08-19 13:35:59,ACC0235,ACC0459,4927.28,INR,UPI,Mumbai,mobile,DEV0037
TXN008785,2026-08-19 13:36:18,ACC0068,ACC0459,2466.78,INR,IMPS,Hyderabad,atm,DEV0643
TXN003964,2026-08-19 13:40:40,ACC0319,ACC0459,5754.51,INR,RTGS,Chennai,branch,DEV0838
TXN007127,2026-08-19 13:44:35,ACC0197,ACC0496,447.79,INR,IMPS,Kolkata,branch,DEV0432
TXN002133,2026-08-19 13:44:49,ACC0253,ACC0304,486.46,INR,NEFT,Pune,mobile,DEV0387
TXN005189,2026-08-19 13:44:54,ACC0426,ACC0038,2972.82,INR,UPI,Pune,atm,DEV0854
TXN004886,2026-08-19 13:50:43,ACC0371,ACC0384,369.57,INR,IMPS,Kochi,atm,DEV0781
TXN009507,2026-08-19 13:52:48,ACC0143,ACC0488,1496.27,INR,NEFT,Bengaluru,atm,DEV0603
TXN004262,2026-08-19 13:55:19,ACC0307,ACC0497,521.58,INR,IMPS,Bengaluru,atm,DEV0438
TXN001896,2026-08-19 13:56:11,ACC0089,ACC0463,2215.48,INR,NEFT,Delhi,web,DEV0281
TXN008599,2026-08-19 13:57:16,ACC0280,ACC0392,2581.68,INR,RTGS,Delhi,branch,DEV0611
TXN006012,2026-08-19 14:03:39,ACC0379,ACC0457,1355.41,INR,NEFT,Hyderabad,branch,DEV0027
TXN004591,2026-08-19 14:03:55,ACC0233,ACC0144,953.46,INR,NEFT,Kochi,mobile,DEV0846
TXN004637,2026-08-19 14:07:05,ACC0035,ACC0489,3001.71,INR,IMPS,Pune,web,DEV0327
TXN005287,2026-08-19 14:08:03,ACC0002,ACC0459,1508.84,INR,UPI,Kochi,branch,DEV0101
TXN002609,2026-08-19 14:08:47,ACC0361,ACC0483,6720.17,INR,UPI,Pune,mobile,DEV0663
TXN007766,2026-08-19 14:09:45,ACC0080,ACC0472,2473.99,INR,IMPS,Delhi,mobile,DEV0805
TXN006408,2026-08-19 14:13:11,ACC0179,ACC0465,1329.41,INR,NEFT,Bengaluru,web,DEV0839
TXN004958,2026-08-19 14:15:00,ACC0165,ACC0472,260.92,INR,IMPS,Hyderabad,atm,DEV0060
TXN007554,2026-08-19 14:17:12,ACC0343,ACC0469,1914.12,INR,IMPS,Bengaluru,atm,DEV0111
TXN002979,2026-08-19 14:21:06,ACC0384,ACC0474,1153.77,INR,IMPS,Mumbai,atm,DEV0214
TXN008244,2026-08-19 14:24:28,ACC0209,ACC0457,1609.07,INR,IMPS,Delhi,web,DEV0273
TXN002182,2026-08-19 14:27:20,ACC0183,ACC0455,1431.11,INR,IMPS,Bengaluru,branch,DEV0246
TXN007161,2026-08-19 14:31:01,ACC0205,ACC0489,1037.33,INR,IMPS,Bengaluru,branch,DEV0434
TXN009669,2026-08-19 14:31:08,ACC0090,ACC0374,718.09,INR,IMPS,Bengaluru,web,DEV0723
TXN008130,2026-08-19 14:33:45,ACC0063,ACC0307,4036.16,INR,NEFT,Hyderabad,web,DEV0714
TXN000184,2026-08-19 14:36:38,ACC0149,ACC0497,27772.01,INR,NEFT,Hyderabad,web,DEV0677
TXN005911,2026-08-19 14:38:39,ACC0372,ACC0452,2830.56,INR,RTGS,Chennai,web,DEV0842
TXN007512,2026-08-19 14:41:48,ACC0277,ACC0488,5517.94,INR,UPI,Mumbai,branch,DEV0628
TXN008379,2026-08-19 14:46:55,ACC0120,ACC0476,1056.22,INR,NEFT,Mumbai,mobile,DEV0823
TXN009151,2026-08-19 14:56:08,ACC0169,ACC0469,349.87,INR,IMPS,Pune,mobile,DEV0524
TXN008242,2026-08-19 14:57:11,ACC0354,ACC0459,1187.34,INR,UPI,Hyderabad,web,DEV0281
TXN009154,2026-08-19 14:57:33,ACC0136,ACC0093,453.02,INR,NEFT,Chennai,mobile,DEV0074
TXN009498,2026-08-19 14:57:54,ACC0421,ACC0477,664.2,INR,NEFT,Delhi,web,DEV0541
TXN009353,2026-08-19 14:58:18,ACC0116,ACC0492,528.54,INR,NEFT,Bengaluru,mobile,DEV0857
TXN002468,2026-08-19 15:03:40,ACC0152,ACC0481,597.03,INR,RTGS,Kolkata,atm,DEV0234
TXN001880,2026-08-19 15:08:00,ACC0436,ACC0461,2611.46,INR,NEFT,Mumbai,web,DEV0852
TXN001484,2026-08-19 15:11:22,ACC0361,ACC0452,1857.04,INR,IMPS,Kochi,atm,DEV0721
TXN000132,2026-08-19 15:11:42,ACC0001,ACC0466,3184.85,INR,IMPS,Mumbai,mobile,DEV0400
TXN007543,2026-08-19 15:13:52,ACC0449,ACC0461,617.9,INR,NEFT,Delhi,branch,DEV0515
TXN004442,2026-08-19 15:15:05,ACC0375,ACC0351,800.4,INR,UPI,Hyderabad,atm,DEV0837
TXN007931,2026-08-19 15:16:05,ACC0450,ACC0470,642.54,INR,NEFT,Kochi,mobile,DEV0023
TXN003023,2026-08-19 15:16:50,ACC0147,ACC0141,1940.16,INR,RTGS,Hyderabad,mobile,DEV0050
TXN000900,2026-08-19 15:17:19,ACC0179,ACC0201,408.02,INR,IMPS,Mumbai,atm,DEV0815
TXN008047,2026-08-19 15:21:51,ACC0182,ACC0457,1012.02,INR,UPI,Pune,mobile,DEV0785
TXN003507,2026-08-19 15:22:53,ACC0126,ACC0241,1409.2,INR,UPI,Mumbai,branch,DEV0298
TXN001628,2026-08-19 15:25:43,ACC0228,ACC0459,1086.4,INR,RTGS,Chennai,mobile,DEV0286
TXN006072,2026-08-19 15:25:48,ACC0229,ACC0482,1370.38,INR,NEFT,Hyderabad,web,DEV0785
TXN002576,2026-08-19 15:28:20,ACC0167,ACC0181,1261.94,INR,UPI,Mumbai,web,DEV0805
TXN008695,2026-08-19 15:31:24,ACC0380,ACC0486,2433.8,INR,NEFT,Pune,mobile,DEV0469
TXN002319,2026-08-19 15:38:21,ACC0392,ACC0486,3626.63,INR,RTGS,Kochi,branch,DEV0537
TXN009806,2026-08-19 15:38:51,ACC0206,ACC0459,770.86,INR,NEFT,Mumbai,branch,DEV0806
TXN005282,2026-08-19 15:42:03,ACC0236,ACC0321,3073.35,INR,NEFT,Bengaluru,mobile,DEV0605
TXN008436,2026-08-19 15:45:39,ACC0360,ACC0451,916.19,INR,RTGS,Kolkata,branch,DEV0054
TXN000272,2026-08-19 15:54:49,ACC0374,ACC0495,18900.65,INR,NEFT,Mumbai,atm,DEV0145
TXN000553,2026-08-19 15:55:16,ACC0382,ACC0481,2594.08,INR,UPI,Kolkata,mobile,DEV0866
TXN009146,2026-08-19 15:56:41,ACC0288,ACC0465,709.3,INR,NEFT,Chennai,branch,DEV0149
TXN003114,2026-08-19 15:57:08,ACC0345,ACC0470,1826.89,INR,RTGS,Kolkata,web,DEV0618
TXN007572,2026-08-19 15:57:12,ACC0409,ACC0474,197.36,INR,NEFT,Pune,web,DEV0109
TXN004265,2026-08-19 15:59:17,ACC0238,ACC0500,843.6,INR,IMPS,Delhi,branch,DEV0423
TXN001211,2026-08-19 16:00:22,ACC0302,ACC0465,4065.28,INR,IMPS,Delhi,atm,DEV0218
TXN004802,2026-08-19 16:00:25,ACC0393,ACC0488,5525.54,INR,UPI,Mumbai,web,DEV0285
TXN001664,2026-08-19 16:08:03,ACC0054,ACC0390,2459.99,INR,RTGS,Chennai,atm,DEV0335
TXN002436,2026-08-19 16:09:10,ACC0175,ACC0483,990.42,INR,IMPS,Kolkata,branch,DEV0697
TXN006111,2026-08-19 16:09:22,ACC0272,ACC0486,6352.83,INR,UPI,Bengaluru,web,DEV0137
TXN001873,2026-08-19 16:16:39,ACC0330,ACC0464,5093.22,INR,UPI,Kochi,mobile,DEV0518
TXN005262,2026-08-19 16:16:49,ACC0059,ACC0267,8308.73,INR,NEFT,Mumbai,atm,DEV0574
TXN009494,2026-08-19 16:22:05,ACC0124,ACC0454,2669.26,INR,IMPS,Delhi,branch,DEV0341
TXN004870,2026-08-19 16:23:55,ACC0376,ACC0465,8342.08,INR,UPI,Bengaluru,branch,DEV0399
TXN005785,2026-08-19 16:24:27,ACC0283,ACC0495,851.79,INR,NEFT,Pune,branch,DEV0613
TXN005726,2026-08-19 16:27:31,ACC0404,ACC0082,2742.8,INR,UPI,Kochi,mobile,DEV0789
TXN003415,2026-08-19 16:28:15,ACC0305,ACC0473,7504.65,INR,UPI,Kolkata,mobile,DEV0622
TXN001171,2026-08-19 16:30:21,ACC0034,ACC0471,2810.03,INR,UPI,Delhi,web,DEV0168
TXN003428,2026-08-19 16:32:51,ACC0014,ACC0493,998.23,INR,UPI,Chennai,branch,DEV0285
TXN004605,2026-08-19 16:34:40,ACC0390,ACC0475,1990.54,INR,IMPS,Pune,web,DEV0308
TXN006527,2026-08-19 16:35:34,ACC0417,ACC0459,584.97,INR,NEFT,Mumbai,branch,DEV0300
TXN003996,2026-08-19 16:36:06,ACC0121,ACC0492,2771.39,INR,NEFT,Delhi,branch,DEV0390
TXN007387,2026-08-19 16:38:33,ACC0158,ACC0471,4510.39,INR,RTGS,Delhi,mobile,DEV0071
TXN001458,2026-08-19 16:39:45,ACC0293,ACC0467,2746.7,INR,RTGS,Kochi,mobile,DEV0192
TXN000761,2026-08-19 16:40:53,ACC0353,ACC0496,767.23,INR,RTGS,Chennai,branch,DEV0157
TXN008750,2026-08-19 16:42:16,ACC0235,ACC0465,592.5,INR,NEFT,Mumbai,mobile,DEV0378
TXN006996,2026-08-19 16:43:38,ACC0306,ACC0290,218.3,INR,UPI,Chennai,branch,DEV0407
TXN000910,2026-08-19 16:44:21,ACC0305,ACC0469,3577.87,INR,UPI,Bengaluru,web,DEV0576
TXN001658,2026-08-19 16:46:00,ACC0106,ACC0474,644.92,INR,NEFT,Delhi,atm,DEV0424
TXN001755,2026-08-19 16:46:34,ACC0074,ACC0498,12142.87,INR,UPI,Delhi,branch,DEV0542
TXN003207,2026-08-19 16:48:31,ACC0005,ACC0258,2178.25,INR,UPI,Mumbai,branch,DEV0385
TXN005749,2026-08-19 16:49:16,ACC0016,ACC0113,2060.4,INR,UPI,Delhi,web,DEV0418
TXN001522,2026-08-19 16:50:19,ACC0227,ACC0452,504.48,INR,UPI,Pune,web,DEV0249
TXN005108,2026-08-19 16:51:17,ACC0024,ACC0483,6532.39,INR,NEFT,Hyderabad,atm,DEV0287
TXN008349,2026-08-19 16:58:09,ACC0187,ACC0465,3302.67,INR,RTGS,Chennai,branch,DEV0754
TXN004667,2026-08-19 17:05:43,ACC0126,ACC0453,145.3,INR,IMPS,Mumbai,web,DEV0661
TXN002217,2026-08-19 17:06:08,ACC0299,ACC0471,676.9,INR,RTGS,Kochi,web,DEV0445
TXN002795,2026-08-19 17:09:44,ACC0432,ACC0481,1220.08,INR,NEFT,Mumbai,web,DEV0504
TXN001141,2026-08-19 17:10:57,ACC0056,ACC0462,641.5,INR,NEFT,Kolkata,atm,DEV0675
TXN000923,2026-08-19 17:12:12,ACC0231,ACC0491,713.12,INR,IMPS,Bengaluru,web,DEV0760
TXN000659,2026-08-19 17:12:48,ACC0278,ACC0454,1051.39,INR,UPI,Delhi,mobile,DEV0282
TXN005128,2026-08-19 17:16:03,ACC0086,ACC0471,4707.05,INR,RTGS,Chennai,branch,DEV0308
TXN007313,2026-08-19 17:16:21,ACC0056,ACC0473,1152.22,INR,RTGS,Delhi,web,DEV0180
TXN006637,2026-08-19 17:20:07,ACC0046,ACC0490,886.12,INR,UPI,Delhi,atm,DEV0144
TXN001527,2026-08-19 17:25:30,ACC0275,ACC0481,355.62,INR,IMPS,Kochi,mobile,DEV0822
TXN001541,2026-08-19 17:32:49,ACC0319,ACC0478,2399.49,INR,IMPS,Kochi,web,DEV0858
TXN007598,2026-08-19 17:35:49,ACC0300,ACC0018,43563.02,INR,NEFT,Bengaluru,branch,DEV0567
TXN009497,2026-08-19 17:37:00,ACC0269,ACC0013,1071.75,INR,NEFT,Hyderabad,atm,DEV0185
TXN009766,2026-08-19 17:37:02,ACC0310,ACC0303,6180.95,INR,NEFT,Chennai,atm,DEV0706
TXN008652,2026-08-19 17:39:13,ACC0095,ACC0475,19633.1,INR,UPI,Hyderabad,branch,DEV0390
TXN007978,2026-08-19 17:41:19,ACC0364,ACC0479,1555.81,INR,UPI,Chennai,atm,DEV0419
TXN008968,2026-08-19 17:42:12,ACC0332,ACC0451,11233.31,INR,NEFT,Mumbai,mobile,DEV0022
TXN008711,2026-08-19 17:42:24,ACC0412,ACC0383,4300.15,INR,RTGS,Delhi,web,DEV0793
TXN006775,2026-08-19 17:43:20,ACC0263,ACC0342,4771.29,INR,RTGS,Bengaluru,atm,DEV0386
TXN006788,2026-08-19 17:48:12,ACC0165,ACC0457,1336.74,INR,UPI,Mumbai,atm,DEV0145
TXN001680,2026-08-19 17:49:16,ACC0089,ACC0377,3358.15,INR,UPI,Bengaluru,branch,DEV0734
TXN007673,2026-08-19 17:55:17,ACC0361,ACC0465,10125.01,INR,UPI,Kochi,branch,DEV0276
TXN007200,2026-08-19 18:05:53,ACC0218,ACC0354,683.91,INR,IMPS,Chennai,branch,DEV0417
TXN003794,2026-08-19 18:09:22,ACC0407,ACC0294,1540.14,INR,NEFT,Pune,mobile,DEV0009
TXN009133,2026-08-19 18:13:08,ACC0237,ACC0460,1914.96,INR,UPI,Hyderabad,branch,DEV0707
TXN009111,2026-08-19 18:18:32,ACC0167,ACC0480,2031.54,INR,IMPS,Hyderabad,atm,DEV0722
TXN005396,2026-08-19 18:25:59,ACC0105,ACC0491,1510.3,INR,UPI,Delhi,mobile,DEV0208
TXN000115,2026-08-19 18:28:43,ACC0322,ACC0499,10279.26,INR,IMPS,Kolkata,web,DEV0451
TXN009648,2026-08-19 18:33:34,ACC0404,ACC0477,727.87,INR,NEFT,Bengaluru,branch,DEV0128
TXN006790,2026-08-19 18:40:36,ACC0248,ACC0489,463.45,INR,IMPS,Chennai,mobile,DEV0731
TXN004272,2026-08-19 18:40:53,ACC0257,ACC0151,2706.61,INR,UPI,Pune,branch,DEV0229
TXN004938,2026-08-19 18:42:30,ACC0417,ACC0481,4987.33,INR,RTGS,Chennai,atm,DEV0338
TXN003752,2026-08-19 18:43:46,ACC0132,ACC0459,1248.04,INR,UPI,Kochi,mobile,DEV0573
TXN002661,2026-08-19 18:43:53,ACC0315,ACC0471,996.08,INR,IMPS,Chennai,atm,DEV0423
TXN009464,2026-08-19 18:44:54,ACC0239,ACC0430,2302.61,INR,UPI,Kochi,mobile,DEV0615
TXN004482,2026-08-19 18:48:37,ACC0068,ACC0484,5518.03,INR,NEFT,Chennai,web,DEV0566
TXN004408,2026-08-19 18:51:14,ACC0042,ACC0483,3546.09,INR,RTGS,Delhi,mobile,DEV0424
TXN007369,2026-08-19 18:53:50,ACC0161,ACC0467,323.79,INR,RTGS,Delhi,atm,DEV0604
TXN003341,2026-08-19 18:53:54,ACC0396,ACC0494,11420.04,INR,RTGS,Delhi,branch,DEV0575
TXN003027,2026-08-19 18:54:52,ACC0048,ACC0031,3880.67,INR,RTGS,Delhi,atm,DEV0140
TXN004137,2026-08-19 19:00:21,ACC0346,ACC0374,3249.51,INR,IMPS,Delhi,mobile,DEV0447
TXN006688,2026-08-19 19:02:04,ACC0032,ACC0435,310.77,INR,IMPS,Mumbai,atm,DEV0270
TXN000649,2026-08-19 19:08:45,ACC0342,ACC0367,678.93,INR,UPI,Kolkata,web,DEV0843
TXN002099,2026-08-19 19:10:24,ACC0143,ACC0384,4099.57,INR,RTGS,Bengaluru,web,DEV0613
TXN009310,2026-08-19 19:19:00,ACC0226,ACC0451,1793.65,INR,IMPS,Kochi,atm,DEV0735
TXN001740,2026-08-19 19:19:10,ACC0284,ACC0462,2760.75,INR,IMPS,Mumbai,atm,DEV0119
TXN005947,2026-08-19 19:19:27,ACC0220,ACC0468,569.35,INR,IMPS,Chennai,atm,DEV0218
TXN006835,2026-08-19 19:19:55,ACC0022,ACC0454,781.27,INR,UPI,Delhi,web,DEV0736
TXN002111,2026-08-19 19:19:59,ACC0070,ACC0051,10438.26,INR,UPI,Hyderabad,mobile,DEV0123
TXN003866,2026-08-19 19:21:18,ACC0412,ACC0467,1511.06,INR,UPI,Mumbai,web,DEV0885
TXN001646,2026-08-19 19:21:21,ACC0369,ACC0455,1425.54,INR,UPI,Pune,web,DEV0606
TXN006414,2026-08-19 19:21:51,ACC0155,ACC0305,1609.89,INR,UPI,Bengaluru,branch,DEV0168
TXN004497,2026-08-19 19:22:58,ACC0026,ACC0285,1853.49,INR,IMPS,Chennai,mobile,DEV0874
TXN008694,2026-08-19 19:23:29,ACC0408,ACC0235,719.98,INR,NEFT,Delhi,branch,DEV0771
TXN007351,2026-08-19 19:37:16,ACC0442,ACC0482,1218.76,INR,IMPS,Hyderabad,branch,DEV0171
TXN005446,2026-08-19 19:37:27,ACC0042,ACC0482,1144.71,INR,NEFT,Hyderabad,branch,DEV0839
TXN005679,2026-08-19 19:41:11,ACC0402,ACC0462,876.39,INR,RTGS,Bengaluru,atm,DEV0544
TXN001504,2026-08-19 19:42:41,ACC0055,ACC0236,1246.67,INR,UPI,Pune,branch,DEV0856
TXN002263,2026-08-19 19:42:43,ACC0431,ACC0485,1551.82,INR,RTGS,Chennai,atm,DEV0768
TXN004776,2026-08-19 19:44:28,ACC0390,ACC0459,2054.29,INR,RTGS,Mumbai,branch,DEV0320
TXN000538,2026-08-19 19:44:33,ACC0331,ACC0249,5234.75,INR,IMPS,Delhi,branch,DEV0176
TXN004729,2026-08-19 19:52:22,ACC0366,ACC0081,461.82,INR,RTGS,Pune,web,DEV0057
TXN000052,2026-08-19 19:58:24,ACC0297,ACC0470,825.24,INR,UPI,Bengaluru,mobile,DEV0714
TXN003919,2026-08-19 19:58:57,ACC0388,ACC0418,4085.7,INR,UPI,Kolkata,atm,DEV0408
TXN008840,2026-08-19 20:00:42,ACC0431,ACC0472,2530.89,INR,RTGS,Chennai,web,DEV0327
TXN002355,2026-08-19 20:05:47,ACC0100,ACC0482,391.54,INR,NEFT,Delhi,branch,DEV0505
TXN001509,2026-08-19 20:15:22,ACC0110,ACC0058,2243.86,INR,NEFT,Pune,mobile,DEV0239
TXN007869,2026-08-19 20:15:58,ACC0432,ACC0456,1475.12,INR,IMPS,Kochi,web,DEV0870
TXN005273,2026-08-19 20:19:09,ACC0202,ACC0489,1141.45,INR,NEFT,Pune,web,DEV0006
TXN000994,2026-08-19 20:19:23,ACC0421,ACC0219,2425.32,INR,IMPS,Bengaluru,mobile,DEV0607
TXN005356,2026-08-19 20:22:12,ACC0083,ACC0500,1434.89,INR,UPI,Kolkata,web,DEV0186
TXN007575,2026-08-19 20:25:43,ACC0267,ACC0484,1189.35,INR,RTGS,Delhi,mobile,DEV0460
TXN004230,2026-08-19 20:29:45,ACC0401,ACC0311,608.09,INR,IMPS,Mumbai,atm,DEV0595
TXN002427,2026-08-19 20:30:36,ACC0170,ACC0491,14204.37,INR,IMPS,Kochi,mobile,DEV0505
TXN000409,2026-08-19 20:30:44,ACC0405,ACC0453,2183.82,INR,UPI,Bengaluru,web,DEV0512
TXN008313,2026-08-19 20:33:24,ACC0092,ACC0451,1213.72,INR,IMPS,Mumbai,branch,DEV0207
TXN009604,2026-08-19 20:34:29,ACC0017,ACC0500,1108.8,INR,IMPS,Pune,branch,DEV0265
TXN007020,2026-08-19 20:37:23,ACC0054,ACC0067,2058.97,INR,RTGS,Chennai,branch,DEV0835
TXN006857,2026-08-19 20:41:27,ACC0059,ACC0254,1041.92,INR,RTGS,Chennai,web,DEV0565
TXN006275,2026-08-19 20:41:36,ACC0405,ACC0411,3968.16,INR,RTGS,Mumbai,mobile,DEV0245
TXN009619,2026-08-19 20:43:08,ACC0273,ACC0497,576.15,INR,NEFT,Delhi,web,DEV0785
TXN002313,2026-08-19 20:43:11,ACC0252,ACC0467,263.85,INR,IMPS,Pune,branch,DEV0020
TXN009208,2026-08-19 20:43:28,ACC0138,ACC0065,2141.77,INR,IMPS,Bengaluru,mobile,DEV0618
TXN003326,2026-08-19 20:44:09,ACC0430,ACC0097,626.93,INR,UPI,Pune,atm,DEV0471
TXN000226,2026-08-19 20:49:49,ACC0148,ACC0480,1606.67,INR,UPI,Hyderabad,branch,DEV0556
TXN003098,2026-08-19 20:50:23,ACC0227,ACC0466,571.88,INR,UPI,Hyderabad,web,DEV0087
TXN008962,2026-08-19 20:54:01,ACC0287,ACC0457,12372.1,INR,UPI,Bengaluru,branch,DEV0766
TXN005698,2026-08-19 20:54:54,ACC0164,ACC0093,2468.08,INR,RTGS,Kochi,mobile,DEV0195
TXN001862,2026-08-19 20:55:01,ACC0082,ACC0455,175.51,INR,IMPS,Delhi,web,DEV0489
TXN000648,2026-08-19 20:57:40,ACC0413,ACC0298,12193.17,INR,NEFT,Kolkata,branch,DEV0292
TXN008863,2026-08-19 20:57:45,ACC0397,ACC0085,24127.31,INR,UPI,Delhi,web,DEV0038
TXN005051,2026-08-19 20:58:55,ACC0318,ACC0483,654.4,INR,NEFT,Delhi,mobile,DEV0066
TXN001100,2026-08-19 20:59:54,ACC0217,ACC0460,1302.58,INR,NEFT,Delhi,mobile,DEV0147
TXN007825,2026-08-20 09:00:03,ACC0208,ACC0460,358.25,INR,UPI,Bengaluru,atm,DEV0712
TXN004361,2026-08-20 09:02:58,ACC0006,ACC0463,4022.61,INR,RTGS,Bengaluru,mobile,DEV0715
TXN008418,2026-08-20 09:04:14,ACC0179,ACC0499,242.5,INR,NEFT,Pune,branch,DEV0394
TXN005044,2026-08-20 09:05:11,ACC0242,ACC0178,2595.38,INR,NEFT,Delhi,mobile,DEV0070
TXN006573,2026-08-20 09:10:49,ACC0272,ACC0477,1872.16,INR,UPI,Kochi,atm,DEV0812
TXN008096,2026-08-20 09:11:22,ACC0021,ACC0500,668.98,INR,UPI,Mumbai,web,DEV0623
TXN009528,2026-08-20 09:15:09,ACC0368,ACC0435,906.1,INR,NEFT,Bengaluru,web,DEV0814
TXN002285,2026-08-20 09:15:30,ACC0435,ACC0495,3702.92,INR,IMPS,Kolkata,branch,DEV0516
TXN001593,2026-08-20 09:18:57,ACC0228,ACC0459,7119.81,INR,RTGS,Kolkata,web,DEV0090
TXN006528,2026-08-20 09:19:32,ACC0448,ACC0475,1759.04,INR,NEFT,Hyderabad,atm,DEV0102
TXN007379,2026-08-20 09:21:56,ACC0072,ACC0466,532.7,INR,RTGS,Bengaluru,atm,DEV0030
TXN000532,2026-08-20 09:23:23,ACC0057,ACC0480,407.93,INR,UPI,Bengaluru,web,DEV0343
TXN004003,2026-08-20 09:24:09,ACC0370,ACC0472,1590.12,INR,IMPS,Chennai,mobile,DEV0285
TXN001919,2026-08-20 09:24:30,ACC0258,ACC0347,4965.33,INR,NEFT,Hyderabad,web,DEV0714
TXN009606,2026-08-20 09:27:45,ACC0361,ACC0228,5415.8,INR,IMPS,Pune,atm,DEV0011
TXN004983,2026-08-20 09:29:20,ACC0273,ACC0458,369.43,INR,UPI,Kolkata,branch,DEV0373
TXN004062,2026-08-20 09:32:21,ACC0395,ACC0453,1408.59,INR,RTGS,Hyderabad,atm,DEV0402
TXN000002,2026-08-20 09:35:12,ACC0048,ACC0483,6405.1,INR,RTGS,Bengaluru,atm,DEV0604
TXN003672,2026-08-20 09:36:58,ACC0410,ACC0469,2257.3,INR,IMPS,Kolkata,branch,DEV0348
TXN007956,2026-08-20 09:37:01,ACC0116,ACC0014,1438.95,INR,NEFT,Chennai,web,DEV0746
TXN007267,2026-08-20 09:37:17,ACC0066,ACC0473,1533.74,INR,IMPS,Kolkata,atm,DEV0243
TXN006964,2026-08-20 09:40:37,ACC0418,ACC0475,688.43,INR,UPI,Bengaluru,atm,DEV0596
TXN006714,2026-08-20 09:41:28,ACC0266,ACC0483,10232.86,INR,NEFT,Mumbai,atm,DEV0719
TXN006113,2026-08-20 09:44:05,ACC0160,ACC0465,189.37,INR,NEFT,Kolkata,web,DEV0860
TXN001087,2026-08-20 09:49:08,ACC0093,ACC0485,8673.45,INR,IMPS,Kolkata,web,DEV0674
TXN009485,2026-08-20 09:49:40,ACC0212,ACC0474,2661.74,INR,NEFT,Bengaluru,atm,DEV0599
TXN000374,2026-08-20 09:49:52,ACC0336,ACC0496,486.91,INR,UPI,Bengaluru,branch,DEV0200
TXN007937,2026-08-20 09:50:29,ACC0156,ACC0498,153.57,INR,IMPS,Kolkata,atm,DEV0091
TXN006361,2026-08-20 09:53:41,ACC0365,ACC0493,1592.07,INR,IMPS,Kochi,atm,DEV0236
TXN002981,2026-08-20 09:54:21,ACC0206,ACC0376,2951.68,INR,RTGS,Bengaluru,atm,DEV0146
TXN000068,2026-08-20 09:56:27,ACC0277,ACC0456,4998.18,INR,UPI,Mumbai,web,DEV0691
TXN006519,2026-08-20 10:00:59,ACC0300,ACC0451,672.2,INR,NEFT,Chennai,mobile,DEV0684
TXN005089,2026-08-20 10:04:07,ACC0352,ACC0114,1224.8,INR,NEFT,Mumbai,atm,DEV0221
TXN006962,2026-08-20 10:06:47,ACC0113,ACC0491,375.41,INR,RTGS,Chennai,web,DEV0233
TXN009347,2026-08-20 10:12:45,ACC0400,ACC0180,1024.06,INR,RTGS,Kochi,mobile,DEV0311
TXN005322,2026-08-20 10:12:59,ACC0444,ACC0468,721.2,INR,IMPS,Kolkata,atm,DEV0273
TXN009649,2026-08-20 10:18:01,ACC0118,ACC0465,399.05,INR,IMPS,Pune,mobile,DEV0164
TXN008469,2026-08-20 10:18:10,ACC0378,ACC0468,4061.87,INR,IMPS,Kochi,mobile,DEV0898
TXN005967,2026-08-20 10:18:41,ACC0075,ACC0469,4362.62,INR,NEFT,Bengaluru,web,DEV0212
TXN000683,2026-08-20 10:21:41,ACC0408,ACC0490,1437.99,INR,NEFT,Mumbai,mobile,DEV0013
TXN008706,2026-08-20 10:27:00,ACC0038,ACC0472,13869.03,INR,UPI,Kolkata,web,DEV0104
TXN001741,2026-08-20 10:28:04,ACC0258,ACC0474,1902.89,INR,IMPS,Hyderabad,mobile,DEV0265
TXN006467,2026-08-20 10:30:41,ACC0082,ACC0497,2535.56,INR,NEFT,Kochi,web,DEV0116
TXN008975,2026-08-20 10:30:59,ACC0428,ACC0484,409.92,INR,IMPS,Kolkata,branch,DEV0083
TXN002921,2026-08-20 10:31:47,ACC0228,ACC0473,330.47,INR,NEFT,Chennai,mobile,DEV0059
TXN005669,2026-08-20 10:31:51,ACC0186,ACC0500,2256.58,INR,NEFT,Mumbai,atm,DEV0495
TXN006266,2026-08-20 10:31:56,ACC0150,ACC0476,3011.75,INR,NEFT,Delhi,web,DEV0290
TXN003220,2026-08-20 10:36:52,ACC0105,ACC0386,1648.98,INR,RTGS,Chennai,branch,DEV0684
TXN005008,2026-08-20 10:38:36,ACC0193,ACC0156,1442.44,INR,IMPS,Mumbai,web,DEV0727
TXN007568,2026-08-20 10:39:03,ACC0008,ACC0305,5255.77,INR,IMPS,Kolkata,mobile,DEV0474
TXN005415,2026-08-20 10:40:07,ACC0290,ACC0178,2880.78,INR,UPI,Bengaluru,atm,DEV0305
TXN005959,2026-08-20 10:40:11,ACC0172,ACC0118,3290.04,INR,NEFT,Kochi,atm,DEV0052
TXN009059,2026-08-20 10:42:32,ACC0004,ACC0476,910.31,INR,UPI,Kochi,web,DEV0583
TXN004449,2026-08-20 10:42:48,ACC0427,ACC0498,5143.62,INR,IMPS,Kochi,branch,DEV0617
TXN000023,2026-08-20 10:43:55,ACC0042,ACC0036,927.27,INR,NEFT,Chennai,mobile,DEV0430
TXN004711,2026-08-20 10:46:54,ACC0126,ACC0469,6545.78,INR,IMPS,Bengaluru,branch,DEV0571
TXN001814,2026-08-20 10:49:35,ACC0005,ACC0461,10892.48,INR,IMPS,Mumbai,mobile,DEV0704
TXN000053,2026-08-20 10:50:36,ACC0396,ACC0494,3703.5,INR,RTGS,Kolkata,mobile,DEV0519
TXN003859,2026-08-20 10:59:16,ACC0047,ACC0126,1456.66,INR,UPI,Bengaluru,branch,DEV0424
TXN009557,2026-08-20 11:04:01,ACC0450,ACC0370,5341.99,INR,IMPS,Mumbai,web,DEV0737
TXN004875,2026-08-20 11:09:11,ACC0324,ACC0451,1684.99,INR,UPI,Bengaluru,branch,DEV0840
TXN009383,2026-08-20 11:15:36,ACC0273,ACC0460,26698.17,INR,NEFT,Bengaluru,branch,DEV0416
TXN009656,2026-08-20 11:16:25,ACC0390,ACC0497,573.3,INR,NEFT,Kochi,branch,DEV0581
TXN005857,2026-08-20 11:20:35,ACC0111,ACC0497,1205.76,INR,RTGS,Hyderabad,branch,DEV0230
TXN006582,2026-08-20 11:20:51,ACC0276,ACC0494,2037.27,INR,RTGS,Delhi,branch,DEV0125
TXN001407,2026-08-20 11:22:01,ACC0442,ACC0459,1835.88,INR,RTGS,Kochi,atm,DEV0049
TXN008198,2026-08-20 11:24:16,ACC0315,ACC0491,5098.75,INR,RTGS,Kolkata,mobile,DEV0252
TXN005129,2026-08-20 11:27:17,ACC0240,ACC0499,4788.83,INR,IMPS,Delhi,atm,DEV0471
TXN008649,2026-08-20 11:30:50,ACC0155,ACC0087,6816.72,INR,NEFT,Bengaluru,atm,DEV0568
TXN006461,2026-08-20 11:35:14,ACC0437,ACC0496,2395.74,INR,NEFT,Hyderabad,branch,DEV0010
TXN002306,2026-08-20 11:35:21,ACC0373,ACC0475,956.57,INR,NEFT,Kolkata,mobile,DEV0592
TXN003802,2026-08-20 11:36:24,ACC0162,ACC0480,589.05,INR,NEFT,Kochi,web,DEV0172
TXN000525,2026-08-20 11:36:35,ACC0310,ACC0491,6116.99,INR,NEFT,Kochi,atm,DEV0286
TXN008364,2026-08-20 11:37:43,ACC0131,ACC0467,3195.16,INR,RTGS,Kochi,atm,DEV0653
TXN008254,2026-08-20 11:40:21,ACC0179,ACC0229,2145.03,INR,NEFT,Chennai,web,DEV0167
TXN001704,2026-08-20 11:45:59,ACC0152,ACC0458,1420.88,INR,UPI,Bengaluru,web,DEV0018
TXN000124,2026-08-20 11:46:28,ACC0093,ACC0395,422.19,INR,NEFT,Kochi,branch,DEV0771
TXN004034,2026-08-20 11:51:22,ACC0364,ACC0467,944.47,INR,IMPS,Chennai,web,DEV0415
TXN009062,2026-08-20 11:56:27,ACC0076,ACC0470,3086.9,INR,IMPS,Mumbai,mobile,DEV0574
TXN003324,2026-08-20 11:57:55,ACC0365,ACC0498,511.16,INR,RTGS,Bengaluru,atm,DEV0418
TXN007674,2026-08-20 11:58:29,ACC0272,ACC0458,1255.25,INR,RTGS,Delhi,web,DEV0777
TXN002118,2026-08-20 12:03:01,ACC0310,ACC0487,895.1,INR,IMPS,Pune,atm,DEV0357
TXN002362,2026-08-20 12:04:13,ACC0218,ACC0490,1366.1,INR,NEFT,Chennai,mobile,DEV0101
TXN007642,2026-08-20 12:06:36,ACC0339,ACC0498,587.96,INR,NEFT,Chennai,atm,DEV0522
TXN001046,2026-08-20 12:08:39,ACC0211,ACC0452,3299.35,INR,UPI,Kolkata,web,DEV0171
TXN008045,2026-08-20 12:09:04,ACC0341,ACC0500,250.52,INR,IMPS,Pune,branch,DEV0837
TXN009254,2026-08-20 12:13:14,ACC0306,ACC0496,385.24,INR,RTGS,Kolkata,mobile,DEV0799
TXN008441,2026-08-20 12:17:52,ACC0032,ACC0489,3877.6,INR,IMPS,Mumbai,branch,DEV0348
TXN006991,2026-08-20 12:19:16,ACC0280,ACC0483,251.36,INR,UPI,Mumbai,branch,DEV0691
TXN001583,2026-08-20 12:19:49,ACC0202,ACC0494,2763.66,INR,UPI,Chennai,branch,DEV0357
TXN006869,2026-08-20 12:24:48,ACC0088,ACC0460,836.47,INR,IMPS,Pune,mobile,DEV0340
TXN008904,2026-08-20 12:24:56,ACC0240,ACC0020,1115.88,INR,UPI,Kochi,mobile,DEV0138
TXN000875,2026-08-20 12:33:13,ACC0288,ACC0469,579.46,INR,UPI,Pune,atm,DEV0326
TXN008181,2026-08-20 12:39:06,ACC0414,ACC0496,3116.58,INR,NEFT,Mumbai,branch,DEV0894
TXN004251,2026-08-20 12:39:21,ACC0246,ACC0475,466.38,INR,RTGS,Bengaluru,web,DEV0219
TXN003970,2026-08-20 12:40:19,ACC0395,ACC0467,3839.29,INR,NEFT,Pune,mobile,DEV0401
TXN005191,2026-08-20 12:40:54,ACC0199,ACC0476,15519.06,INR,RTGS,Kolkata,mobile,DEV0187
TXN003088,2026-08-20 12:43:22,ACC0209,ACC0466,831.67,INR,NEFT,Kolkata,web,DEV0690
TXN000970,2026-08-20 12:45:11,ACC0223,ACC0486,2921.53,INR,NEFT,Kolkata,atm,DEV0544
TXN008375,2026-08-20 12:52:35,ACC0229,ACC0219,2013.48,INR,UPI,Chennai,branch,DEV0190
TXN008050,2026-08-20 12:55:22,ACC0174,ACC0454,756.23,INR,IMPS,Mumbai,mobile,DEV0293
TXN004926,2026-08-20 12:57:45,ACC0066,ACC0173,9330.54,INR,NEFT,Kochi,web,DEV0382
TXN003414,2026-08-20 13:00:20,ACC0166,ACC0060,1335.06,INR,UPI,Kochi,atm,DEV0168
TXN000454,2026-08-20 13:00:29,ACC0068,ACC0002,1621.44,INR,UPI,Kochi,web,DEV0223
TXN005667,2026-08-20 13:01:20,ACC0342,ACC0482,8556.03,INR,IMPS,Hyderabad,mobile,DEV0419
TXN009973,2026-08-20 13:02:39,ACC0444,ACC0456,939.57,INR,IMPS,Kolkata,web,DEV0413
TXN000435,2026-08-20 13:03:29,ACC0031,ACC0495,1226.14,INR,IMPS,Mumbai,mobile,DEV0300
TXN006023,2026-08-20 13:05:44,ACC0016,ACC0008,3313.44,INR,RTGS,Delhi,branch,DEV0091
TXN007835,2026-08-20 13:08:20,ACC0382,ACC0478,657.1,INR,RTGS,Kolkata,branch,DEV0603
TXN007668,2026-08-20 13:08:44,ACC0385,ACC0013,1500.71,INR,RTGS,Kochi,mobile,DEV0496
TXN009856,2026-08-20 13:09:35,ACC0338,ACC0457,5524.03,INR,NEFT,Pune,web,DEV0570
TXN008232,2026-08-20 13:14:17,ACC0153,ACC0471,1375.54,INR,NEFT,Kochi,mobile,DEV0682
TXN005021,2026-08-20 13:16:53,ACC0045,ACC0207,326.72,INR,NEFT,Pune,atm,DEV0686
TXN006252,2026-08-20 13:24:43,ACC0269,ACC0491,5618.77,INR,UPI,Mumbai,web,DEV0284
TXN007596,2026-08-20 13:29:24,ACC0369,ACC0498,17875.1,INR,NEFT,Kolkata,atm,DEV0187
TXN007173,2026-08-20 13:29:44,ACC0348,ACC0481,441.22,INR,NEFT,Delhi,mobile,DEV0754
TXN007192,2026-08-20 13:29:56,ACC0221,ACC0498,357.46,INR,IMPS,Mumbai,atm,DEV0119
TXN007294,2026-08-20 13:32:15,ACC0301,ACC0484,8775.48,INR,RTGS,Hyderabad,atm,DEV0278
TXN008574,2026-08-20 13:38:28,ACC0038,ACC0492,828.17,INR,NEFT,Bengaluru,atm,DEV0792
TXN005447,2026-08-20 13:39:13,ACC0412,ACC0397,1898.87,INR,IMPS,Hyderabad,mobile,DEV0753
TXN009864,2026-08-20 13:41:05,ACC0251,ACC0127,1579.22,INR,UPI,Delhi,atm,DEV0145
TXN002150,2026-08-20 13:48:22,ACC0007,ACC0061,369.37,INR,UPI,Mumbai,atm,DEV0511
TXN000004,2026-08-20 13:51:02,ACC0050,ACC0473,4166.26,INR,RTGS,Mumbai,branch,DEV0850
TXN001057,2026-08-20 13:54:24,ACC0413,ACC0460,903.99,INR,NEFT,Hyderabad,web,DEV0599
TXN008148,2026-08-20 13:57:53,ACC0115,ACC0468,1862.21,INR,NEFT,Mumbai,web,DEV0659
TXN004231,2026-08-20 13:58:14,ACC0105,ACC0394,2764.58,INR,UPI,Kolkata,branch,DEV0318
TXN006860,2026-08-20 13:58:14,ACC0008,ACC0496,3215.77,INR,IMPS,Hyderabad,mobile,DEV0253
TXN008868,2026-08-20 14:02:01,ACC0234,ACC0369,6247.01,INR,NEFT,Bengaluru,branch,DEV0107
TXN003340,2026-08-20 14:02:35,ACC0187,ACC0081,1121.41,INR,IMPS,Hyderabad,mobile,DEV0130
TXN008628,2026-08-20 14:03:45,ACC0391,ACC0462,1234.15,INR,UPI,Chennai,mobile,DEV0893
TXN004607,2026-08-20 14:05:42,ACC0004,ACC0457,199.13,INR,NEFT,Chennai,atm,DEV0795
TXN002030,2026-08-20 14:07:42,ACC0273,ACC0474,779.17,INR,RTGS,Hyderabad,web,DEV0207
TXN004888,2026-08-20 14:10:10,ACC0019,ACC0409,975.04,INR,RTGS,Kolkata,atm,DEV0119
TXN004334,2026-08-20 14:11:59,ACC0176,ACC0487,263.7,INR,IMPS,Chennai,mobile,DEV0356
TXN005437,2026-08-20 14:12:07,ACC0264,ACC0117,396.45,INR,IMPS,Mumbai,branch,DEV0824
TXN006045,2026-08-20 14:18:55,ACC0158,ACC0472,2099.44,INR,IMPS,Chennai,web,DEV0822
TXN003504,2026-08-20 14:19:57,ACC0001,ACC0476,1908.03,INR,UPI,Bengaluru,branch,DEV0008
TXN009331,2026-08-20 14:20:39,ACC0349,ACC0473,304.64,INR,IMPS,Kochi,mobile,DEV0732
TXN000950,2026-08-20 14:21:26,ACC0145,ACC0471,5427.92,INR,IMPS,Chennai,web,DEV0378
TXN001632,2026-08-20 14:22:45,ACC0102,ACC0475,183.06,INR,NEFT,Kochi,web,DEV0353
TXN001237,2026-08-20 14:27:07,ACC0438,ACC0469,349.99,INR,NEFT,Chennai,atm,DEV0795
TXN004077,2026-08-20 14:27:26,ACC0223,ACC0077,4906.3,INR,NEFT,Hyderabad,web,DEV0427
TXN009728,2026-08-20 14:28:56,ACC0264,ACC0472,1175.54,INR,NEFT,Kolkata,atm,DEV0431
TXN004433,2026-08-20 14:30:27,ACC0092,ACC0145,2898.86,INR,UPI,Chennai,branch,DEV0806
TXN006421,2026-08-20 14:31:47,ACC0421,ACC0310,3993.84,INR,UPI,Mumbai,web,DEV0259
TXN000473,2026-08-20 14:34:28,ACC0126,ACC0470,1286.45,INR,RTGS,Delhi,atm,DEV0632
TXN001225,2026-08-20 14:34:40,ACC0441,ACC0075,3447.37,INR,NEFT,Bengaluru,atm,DEV0084
TXN008902,2026-08-20 14:38:43,ACC0047,ACC0463,1506.79,INR,NEFT,Kolkata,atm,DEV0594
TXN003692,2026-08-20 14:41:46,ACC0439,ACC0452,359.5,INR,NEFT,Pune,web,DEV0190
TXN005886,2026-08-20 14:43:08,ACC0191,ACC0482,2065.74,INR,UPI,Kolkata,branch,DEV0018
TXN003957,2026-08-20 14:51:30,ACC0138,ACC0026,6395.48,INR,RTGS,Hyderabad,atm,DEV0396
TXN002512,2026-08-20 14:53:35,ACC0168,ACC0476,906.35,INR,UPI,Delhi,web,DEV0819
TXN007432,2026-08-20 14:53:41,ACC0032,ACC0463,777.7,INR,IMPS,Mumbai,atm,DEV0030
TXN000206,2026-08-20 14:55:24,ACC0182,ACC0489,340.4,INR,UPI,Bengaluru,web,DEV0702
TXN005156,2026-08-20 14:59:20,ACC0272,ACC0210,3093.89,INR,UPI,Mumbai,mobile,DEV0714
TXN006253,2026-08-20 15:03:27,ACC0367,ACC0460,2826.6,INR,NEFT,Mumbai,atm,DEV0729
TXN000847,2026-08-20 15:03:59,ACC0110,ACC0453,3811.16,INR,IMPS,Delhi,mobile,DEV0146
TXN008030,2026-08-20 15:04:05,ACC0346,ACC0463,6280.09,INR,IMPS,Kochi,web,DEV0299
TXN006152,2026-08-20 15:05:16,ACC0319,ACC0495,5625.31,INR,IMPS,Mumbai,branch,DEV0106
TXN000616,2026-08-20 15:05:25,ACC0029,ACC0281,890.7,INR,RTGS,Mumbai,mobile,DEV0873
TXN008625,2026-08-20 15:06:47,ACC0136,ACC0495,2121.32,INR,NEFT,Mumbai,mobile,DEV0626
TXN000100,2026-08-20 15:06:50,ACC0272,ACC0483,21734.42,INR,NEFT,Pune,atm,DEV0234
TXN008010,2026-08-20 15:07:24,ACC0419,ACC0473,393.49,INR,IMPS,Chennai,web,DEV0341
TXN006236,2026-08-20 15:08:31,ACC0180,ACC0473,1386.68,INR,RTGS,Pune,web,DEV0792
TXN008272,2026-08-20 15:09:36,ACC0150,ACC0476,645.52,INR,IMPS,Chennai,atm,DEV0247
TXN005748,2026-08-20 15:14:22,ACC0057,ACC0088,5188.85,INR,NEFT,Delhi,web,DEV0153
TXN000682,2026-08-20 15:14:55,ACC0436,ACC0457,2841.88,INR,UPI,Kochi,atm,DEV0476
TXN006423,2026-08-20 15:15:17,ACC0081,ACC0496,6733.54,INR,NEFT,Pune,web,DEV0748
TXN008208,2026-08-20 15:16:29,ACC0205,ACC0494,1597.42,INR,IMPS,Bengaluru,branch,DEV0284
TXN002370,2026-08-20 15:17:20,ACC0328,ACC0452,3390.82,INR,IMPS,Hyderabad,branch,DEV0851
TXN000139,2026-08-20 15:17:40,ACC0229,ACC0473,179.06,INR,IMPS,Delhi,mobile,DEV0147
TXN005271,2026-08-20 15:20:26,ACC0057,ACC0371,863.98,INR,NEFT,Delhi,branch,DEV0019
TXN004790,2026-08-20 15:23:06,ACC0030,ACC0479,1105.61,INR,UPI,Pune,branch,DEV0221
TXN008455,2026-08-20 15:25:11,ACC0147,ACC0478,351.77,INR,RTGS,Bengaluru,mobile,DEV0108
TXN003241,2026-08-20 15:25:54,ACC0006,ACC0296,212.28,INR,RTGS,Delhi,mobile,DEV0205
TXN008824,2026-08-20 15:26:58,ACC0402,ACC0478,768.48,INR,RTGS,Bengaluru,branch,DEV0794
TXN001721,2026-08-20 15:27:37,ACC0322,ACC0499,6157.07,INR,RTGS,Pune,atm,DEV0023
TXN009573,2026-08-20 15:30:07,ACC0211,ACC0144,1311.46,INR,UPI,Hyderabad,branch,DEV0391
TXN009100,2026-08-20 15:31:05,ACC0278,ACC0494,4886.25,INR,RTGS,Delhi,web,DEV0711
TXN005626,2026-08-20 15:32:13,ACC0348,ACC0489,3270.06,INR,RTGS,Delhi,mobile,DEV0524
TXN002757,2026-08-20 15:32:20,ACC0418,ACC0453,2571.0,INR,RTGS,Delhi,branch,DEV0060
TXN009829,2026-08-20 15:41:11,ACC0082,ACC0459,2302.39,INR,UPI,Mumbai,mobile,DEV0268
TXN003172,2026-08-20 15:48:24,ACC0191,ACC0480,5424.58,INR,RTGS,Hyderabad,web,DEV0034
TXN008158,2026-08-20 15:49:40,ACC0152,ACC0452,3604.55,INR,NEFT,Chennai,mobile,DEV0792
TXN003038,2026-08-20 15:49:47,ACC0226,ACC0464,1921.61,INR,IMPS,Mumbai,mobile,DEV0013
TXN003907,2026-08-20 15:51:18,ACC0104,ACC0398,2983.2,INR,RTGS,Bengaluru,web,DEV0350
TXN001093,2026-08-20 15:52:10,ACC0379,ACC0474,1360.15,INR,NEFT,Delhi,branch,DEV0113
TXN007746,2026-08-20 15:54:51,ACC0265,ACC0274,441.66,INR,IMPS,Hyderabad,mobile,DEV0890
TXN006318,2026-08-20 15:57:20,ACC0027,ACC0253,676.01,INR,NEFT,Mumbai,mobile,DEV0164
TXN009190,2026-08-20 15:57:39,ACC0095,ACC0049,444.44,INR,UPI,Chennai,web,DEV0125
TXN000286,2026-08-20 16:02:11,ACC0197,ACC0487,997.23,INR,RTGS,Chennai,atm,DEV0340
TXN007136,2026-08-20 16:02:27,ACC0340,ACC0240,3616.05,INR,IMPS,Mumbai,branch,DEV0804
TXN005434,2026-08-20 16:03:27,ACC0433,ACC0011,448.09,INR,IMPS,Chennai,atm,DEV0676
TXN000735,2026-08-20 16:04:21,ACC0233,ACC0486,449.49,INR,NEFT,Bengaluru,mobile,DEV0014
TXN001358,2026-08-20 16:04:27,ACC0326,ACC0460,4104.09,INR,IMPS,Kochi,web,DEV0698
TXN006655,2026-08-20 16:07:56,ACC0360,ACC0490,1520.73,INR,UPI,Pune,atm,DEV0296
TXN005769,2026-08-20 16:09:47,ACC0392,ACC0493,2235.11,INR,NEFT,Mumbai,web,DEV0867
TXN001066,2026-08-20 16:19:36,ACC0052,ACC0464,322.84,INR,UPI,Kochi,web,DEV0604
TXN003885,2026-08-20 16:23:24,ACC0076,ACC0155,13340.28,INR,RTGS,Bengaluru,web,DEV0609
TXN005832,2026-08-20 16:25:40,ACC0137,ACC0486,2949.57,INR,IMPS,Kochi,mobile,DEV0764
TXN003998,2026-08-20 16:29:37,ACC0276,ACC0441,4646.48,INR,UPI,Hyderabad,mobile,DEV0566
TXN009471,2026-08-20 16:31:32,ACC0314,ACC0471,740.29,INR,RTGS,Bengaluru,atm,DEV0368
TXN008955,2026-08-20 16:40:07,ACC0093,ACC0464,3202.39,INR,UPI,Delhi,web,DEV0817
TXN005211,2026-08-20 16:41:08,ACC0218,ACC0296,1780.39,INR,RTGS,Mumbai,web,DEV0665
TXN007120,2026-08-20 16:42:10,ACC0090,ACC0482,743.32,INR,UPI,Delhi,atm,DEV0702
TXN000893,2026-08-20 16:47:19,ACC0095,ACC0495,13793.97,INR,NEFT,Kolkata,mobile,DEV0171
TXN005215,2026-08-20 16:49:40,ACC0325,ACC0491,3360.44,INR,RTGS,Kolkata,atm,DEV0224
TXN002864,2026-08-20 16:56:13,ACC0184,ACC0482,2311.39,INR,NEFT,Hyderabad,branch,DEV0654
TXN009755,2026-08-20 16:56:34,ACC0283,ACC0499,486.1,INR,IMPS,Bengaluru,atm,DEV0090
TXN004333,2026-08-20 16:58:14,ACC0436,ACC0262,394.61,INR,UPI,Kolkata,atm,DEV0867
TXN001698,2026-08-20 17:01:41,ACC0039,ACC0467,2650.33,INR,NEFT,Bengaluru,mobile,DEV0229
TXN006680,2026-08-20 17:02:50,ACC0344,ACC0216,343.12,INR,RTGS,Bengaluru,atm,DEV0445
TXN003694,2026-08-20 17:03:16,ACC0002,ACC0254,5848.55,INR,RTGS,Kochi,atm,DEV0680
TXN004747,2026-08-20 17:06:36,ACC0242,ACC0376,8174.26,INR,IMPS,Chennai,mobile,DEV0393
TXN005313,2026-08-20 17:06:54,ACC0380,ACC0486,2049.93,INR,RTGS,Chennai,atm,DEV0883
TXN003583,2026-08-20 17:09:13,ACC0244,ACC0481,412.26,INR,UPI,Delhi,web,DEV0790
TXN002726,2026-08-20 17:10:32,ACC0347,ACC0500,717.61,INR,IMPS,Chennai,mobile,DEV0199
TXN001606,2026-08-20 17:14:08,ACC0204,ACC0050,8093.3,INR,NEFT,Mumbai,atm,DEV0700
TXN004661,2026-08-20 17:15:22,ACC0298,ACC0135,2593.48,INR,IMPS,Pune,atm,DEV0212
TXN003232,2026-08-20 17:15:32,ACC0183,ACC0497,1646.37,INR,UPI,Mumbai,branch,DEV0124
TXN006399,2026-08-20 17:17:33,ACC0046,ACC0464,1130.03,INR,IMPS,Kochi,branch,DEV0531
TXN009272,2026-08-20 17:17:53,ACC0384,ACC0234,1595.19,INR,UPI,Delhi,branch,DEV0387
TXN004834,2026-08-20 17:19:34,ACC0165,ACC0466,2405.65,INR,UPI,Kolkata,mobile,DEV0401
TXN000927,2026-08-20 17:21:01,ACC0061,ACC0454,4743.1,INR,IMPS,Mumbai,web,DEV0295
TXN007947,2026-08-20 17:21:05,ACC0006,ACC0496,8745.28,INR,UPI,Kolkata,web,DEV0789
TXN008821,2026-08-20 17:22:04,ACC0038,ACC0479,4044.07,INR,UPI,Chennai,branch,DEV0873
TXN006083,2026-08-20 17:24:48,ACC0268,ACC0457,510.05,INR,RTGS,Bengaluru,web,DEV0126
TXN000130,2026-08-20 17:27:07,ACC0428,ACC0497,3240.93,INR,UPI,Chennai,web,DEV0430
TXN002337,2026-08-20 17:27:11,ACC0430,ACC0466,7439.62,INR,RTGS,Chennai,branch,DEV0497
TXN003888,2026-08-20 17:27:52,ACC0350,ACC0288,785.47,INR,IMPS,Pune,mobile,DEV0853
TXN004977,2026-08-20 17:28:04,ACC0406,ACC0468,2529.88,INR,UPI,Bengaluru,branch,DEV0468
TXN003163,2026-08-20 17:28:11,ACC0199,ACC0488,294.38,INR,IMPS,Bengaluru,atm,DEV0384
TXN007490,2026-08-20 17:28:46,ACC0391,ACC0473,214.4,INR,RTGS,Chennai,web,DEV0121
TXN007219,2026-08-20 17:30:16,ACC0193,ACC0488,299.45,INR,UPI,Mumbai,atm,DEV0758
TXN000339,2026-08-20 17:30:35,ACC0151,ACC0499,559.15,INR,NEFT,Chennai,branch,DEV0391
TXN005654,2026-08-20 17:31:34,ACC0170,ACC0458,643.78,INR,UPI,Kochi,web,DEV0203
TXN007633,2026-08-20 17:32:41,ACC0059,ACC0481,447.11,INR,UPI,Kolkata,atm,DEV0063
TXN004766,2026-08-20 17:32:57,ACC0243,ACC0451,1946.89,INR,NEFT,Mumbai,mobile,DEV0663
TXN005670,2026-08-20 17:33:19,ACC0383,ACC0486,1495.58,INR,NEFT,Mumbai,mobile,DEV0372
TXN000447,2026-08-20 17:33:41,ACC0314,ACC0293,1756.46,INR,UPI,Bengaluru,atm,DEV0753
TXN008215,2026-08-20 17:34:07,ACC0272,ACC0304,763.53,INR,NEFT,Hyderabad,branch,DEV0173
TXN009382,2026-08-20 17:40:02,ACC0226,ACC0463,7136.87,INR,IMPS,Mumbai,atm,DEV0421
TXN002280,2026-08-20 17:42:06,ACC0265,ACC0284,106.15,INR,IMPS,Pune,web,DEV0097
TXN002342,2026-08-20 17:49:34,ACC0418,ACC0464,1203.7,INR,UPI,Kochi,branch,DEV0352
TXN006805,2026-08-20 17:51:04,ACC0238,ACC0495,638.52,INR,UPI,Mumbai,mobile,DEV0160
TXN003353,2026-08-20 17:52:35,ACC0082,ACC0468,3381.76,INR,IMPS,Mumbai,web,DEV0399
TXN002014,2026-08-20 17:55:17,ACC0157,ACC0487,713.57,INR,IMPS,Pune,atm,DEV0639
TXN004737,2026-08-20 17:59:42,ACC0041,ACC0444,2199.74,INR,UPI,Kolkata,mobile,DEV0196
TXN007220,2026-08-20 17:59:53,ACC0081,ACC0446,3364.32,INR,UPI,Pune,atm,DEV0420
TXN002548,2026-08-20 18:04:26,ACC0097,ACC0491,5219.17,INR,UPI,Bengaluru,web,DEV0231
TXN006872,2026-08-20 18:05:40,ACC0271,ACC0459,1536.23,INR,RTGS,Pune,atm,DEV0102
TXN002351,2026-08-20 18:06:09,ACC0401,ACC0462,1036.47,INR,IMPS,Kolkata,web,DEV0057
TXN008024,2026-08-20 18:06:45,ACC0327,ACC0454,603.52,INR,NEFT,Mumbai,branch,DEV0095
TXN004722,2026-08-20 18:07:24,ACC0194,ACC0494,4525.48,INR,NEFT,Kochi,atm,DEV0691
TXN006802,2026-08-20 18:10:32,ACC0439,ACC0478,1495.13,INR,UPI,Chennai,web,DEV0216
TXN001041,2026-08-20 18:10:39,ACC0346,ACC0460,999.71,INR,UPI,Hyderabad,atm,DEV0241
TXN004215,2026-08-20 18:12:06,ACC0381,ACC0469,5272.13,INR,RTGS,Kolkata,mobile,DEV0206
TXN008182,2026-08-20 18:12:35,ACC0233,ACC0471,1350.98,INR,NEFT,Chennai,web,DEV0823
TXN004199,2026-08-20 18:12:49,ACC0026,ACC0201,8331.08,INR,RTGS,Hyderabad,branch,DEV0099
TXN005363,2026-08-20 18:13:51,ACC0128,ACC0459,663.18,INR,IMPS,Chennai,mobile,DEV0603
TXN000443,2026-08-20 18:17:38,ACC0068,ACC0499,1928.51,INR,NEFT,Bengaluru,mobile,DEV0368
TXN005050,2026-08-20 18:18:42,ACC0039,ACC0495,9536.88,INR,NEFT,Bengaluru,mobile,DEV0761
TXN007485,2026-08-20 18:20:08,ACC0183,ACC0466,1146.84,INR,UPI,Pune,web,DEV0088
TXN005937,2026-08-20 18:20:11,ACC0247,ACC0468,2665.15,INR,IMPS,Bengaluru,atm,DEV0487
TXN001496,2026-08-20 18:32:38,ACC0190,ACC0499,5488.11,INR,RTGS,Delhi,mobile,DEV0086
TXN007788,2026-08-20 18:35:33,ACC0380,ACC0470,2602.5,INR,UPI,Kochi,atm,DEV0253
TXN009667,2026-08-20 18:35:36,ACC0218,ACC0155,589.34,INR,RTGS,Delhi,atm,DEV0382
TXN008692,2026-08-20 18:38:47,ACC0142,ACC0467,597.17,INR,IMPS,Kolkata,branch,DEV0887
TXN009050,2026-08-20 18:40:36,ACC0081,ACC0462,142.62,INR,UPI,Delhi,atm,DEV0372
TXN008209,2026-08-20 18:43:19,ACC0123,ACC0224,2392.24,INR,RTGS,Mumbai,atm,DEV0470
TXN000310,2026-08-20 18:44:08,ACC0052,ACC0468,361.04,INR,UPI,Hyderabad,mobile,DEV0804
TXN007052,2026-08-20 18:44:35,ACC0367,ACC0476,925.27,INR,RTGS,Delhi,branch,DEV0105
TXN005994,2026-08-20 18:44:45,ACC0084,ACC0488,1135.58,INR,NEFT,Chennai,web,DEV0106
TXN003253,2026-08-20 18:47:52,ACC0093,ACC0479,3051.58,INR,NEFT,Delhi,web,DEV0572
TXN006150,2026-08-20 18:52:55,ACC0386,ACC0108,1432.16,INR,UPI,Hyderabad,branch,DEV0505
TXN008606,2026-08-20 18:54:04,ACC0173,ACC0465,922.11,INR,NEFT,Hyderabad,web,DEV0286
TXN002291,2026-08-20 18:55:11,ACC0017,ACC0498,3325.09,INR,NEFT,Kolkata,mobile,DEV0429
TXN007075,2026-08-20 18:57:33,ACC0120,ACC0474,773.53,INR,NEFT,Chennai,branch,DEV0537
TXN009769,2026-08-20 18:59:10,ACC0386,ACC0434,361.53,INR,NEFT,Mumbai,branch,DEV0087
TXN001683,2026-08-20 18:59:55,ACC0423,ACC0457,725.77,INR,RTGS,Kolkata,web,DEV0550
TXN001577,2026-08-20 19:01:09,ACC0260,ACC0049,1033.89,INR,RTGS,Pune,mobile,DEV0704
TXN005559,2026-08-20 19:08:26,ACC0153,ACC0011,2407.82,INR,NEFT,Bengaluru,mobile,DEV0052
TXN002287,2026-08-20 19:09:09,ACC0143,ACC0112,3383.25,INR,IMPS,Mumbai,branch,DEV0853
TXN003729,2026-08-20 19:10:27,ACC0361,ACC0455,5297.83,INR,UPI,Chennai,atm,DEV0695
TXN007275,2026-08-20 19:12:11,ACC0003,ACC0451,14788.88,INR,UPI,Delhi,branch,DEV0137
TXN006086,2026-08-20 19:12:21,ACC0386,ACC0490,603.31,INR,NEFT,Chennai,atm,DEV0851
TXN008129,2026-08-20 19:14:56,ACC0156,ACC0476,4331.49,INR,NEFT,Mumbai,atm,DEV0087
TXN006388,2026-08-20 19:15:24,ACC0240,ACC0458,179.83,INR,RTGS,Kolkata,mobile,DEV0266
TXN008928,2026-08-20 19:15:25,ACC0377,ACC0351,7454.53,INR,IMPS,Pune,web,DEV0282
TXN000083,2026-08-20 19:15:31,ACC0041,ACC0475,1482.86,INR,IMPS,Chennai,atm,DEV0295
TXN005180,2026-08-20 19:18:25,ACC0037,ACC0494,365.11,INR,NEFT,Kochi,branch,DEV0380
TXN000337,2026-08-20 19:19:31,ACC0027,ACC0321,5520.18,INR,UPI,Kolkata,web,DEV0189
TXN000038,2026-08-20 19:20:29,ACC0147,ACC0488,1166.0,INR,RTGS,Delhi,mobile,DEV0291
TXN007970,2026-08-20 19:21:59,ACC0425,ACC0482,6110.75,INR,NEFT,Pune,atm,DEV0133
TXN000056,2026-08-20 19:24:21,ACC0125,ACC0292,763.54,INR,IMPS,Kolkata,branch,DEV0611
TXN009705,2026-08-20 19:26:07,ACC0287,ACC0494,2800.09,INR,IMPS,Chennai,web,DEV0114
TXN002543,2026-08-20 19:32:05,ACC0130,ACC0383,4136.25,INR,NEFT,Hyderabad,atm,DEV0853
TXN005564,2026-08-20 19:36:21,ACC0430,ACC0460,28936.27,INR,IMPS,Delhi,atm,DEV0615
TXN001362,2026-08-20 19:36:34,ACC0044,ACC0460,1501.0,INR,UPI,Delhi,web,DEV0845
TXN004746,2026-08-20 19:37:06,ACC0044,ACC0470,5480.2,INR,IMPS,Bengaluru,branch,DEV0775
TXN009940,2026-08-20 19:38:59,ACC0443,ACC0453,365.39,INR,IMPS,Pune,atm,DEV0751
TXN002157,2026-08-20 19:40:32,ACC0074,ACC0473,4768.1,INR,NEFT,Delhi,atm,DEV0774
TXN002553,2026-08-20 19:42:50,ACC0171,ACC0473,8104.73,INR,RTGS,Delhi,atm,DEV0544
TXN007160,2026-08-20 19:45:52,ACC0085,ACC0453,6536.25,INR,RTGS,Chennai,branch,DEV0252
TXN000183,2026-08-20 19:45:55,ACC0052,ACC0479,1285.78,INR,NEFT,Chennai,web,DEV0516
TXN006145,2026-08-20 19:48:08,ACC0177,ACC0500,5831.96,INR,NEFT,Hyderabad,atm,DEV0417
TXN006600,2026-08-20 19:53:20,ACC0086,ACC0465,1122.78,INR,IMPS,Pune,mobile,DEV0660
TXN001546,2026-08-20 19:55:35,ACC0016,ACC0491,2595.81,INR,UPI,Hyderabad,web,DEV0382
TXN003791,2026-08-20 19:57:06,ACC0435,ACC0476,354.36,INR,IMPS,Pune,mobile,DEV0140
TXN000630,2026-08-20 19:57:52,ACC0249,ACC0497,4036.84,INR,UPI,Chennai,atm,DEV0591
TXN000500,2026-08-20 19:57:53,ACC0013,ACC0454,431.0,INR,UPI,Mumbai,mobile,DEV0877
TXN001926,2026-08-20 20:01:07,ACC0155,ACC0491,263.29,INR,RTGS,Kochi,mobile,DEV0390
TXN008832,2026-08-20 20:04:53,ACC0414,ACC0292,460.17,INR,RTGS,Hyderabad,branch,DEV0857
TXN008136,2026-08-20 20:08:41,ACC0255,ACC0487,1507.36,INR,UPI,Kochi,branch,DEV0609
TXN008080,2026-08-20 20:11:15,ACC0199,ACC0472,774.13,INR,RTGS,Kolkata,mobile,DEV0129
TXN004832,2026-08-20 20:13:16,ACC0014,ACC0490,1198.78,INR,UPI,Kochi,branch,DEV0218
TXN009722,2026-08-20 20:14:14,ACC0174,ACC0455,669.95,INR,RTGS,Bengaluru,atm,DEV0058
TXN001878,2026-08-20 20:14:21,ACC0437,ACC0059,220.71,INR,UPI,Bengaluru,atm,DEV0595
TXN000567,2026-08-20 20:19:43,ACC0060,ACC0480,8234.09,INR,RTGS,Hyderabad,atm,DEV0194
TXN006105,2026-08-20 20:21:34,ACC0143,ACC0009,1222.43,INR,RTGS,Delhi,web,DEV0801
TXN002062,2026-08-20 20:24:26,ACC0194,ACC0458,53.23,INR,UPI,Delhi,branch,DEV0765
TXN004556,2026-08-20 20:25:58,ACC0323,ACC0461,661.61,INR,UPI,Delhi,web,DEV0824
TXN006978,2026-08-20 20:26:30,ACC0402,ACC0240,1290.57,INR,NEFT,Bengaluru,web,DEV0126
TXN008412,2026-08-20 20:31:36,ACC0417,ACC0482,1580.37,INR,RTGS,Delhi,branch,DEV0332
TXN001830,2026-08-20 20:33:27,ACC0363,ACC0470,1624.6,INR,RTGS,Chennai,mobile,DEV0208
TXN007680,2026-08-20 20:33:53,ACC0083,ACC0477,589.16,INR,NEFT,Kochi,web,DEV0644
TXN003096,2026-08-20 20:34:39,ACC0026,ACC0481,2455.33,INR,NEFT,Hyderabad,atm,DEV0485
TXN007324,2026-08-20 20:39:23,ACC0105,ACC0476,1958.44,INR,NEFT,Hyderabad,mobile,DEV0626
TXN004705,2026-08-20 20:39:47,ACC0397,ACC0307,764.68,INR,RTGS,Chennai,branch,DEV0394
TXN003616,2026-08-20 20:41:50,ACC0242,ACC0465,1474.31,INR,UPI,Chennai,branch,DEV0258
TXN009343,2026-08-20 20:44:27,ACC0148,ACC0374,1278.2,INR,RTGS,Chennai,web,DEV0711
TXN008958,2026-08-20 20:45:35,ACC0068,ACC0494,495.82,INR,RTGS,Chennai,mobile,DEV0889
TXN001393,2026-08-20 20:46:43,ACC0283,ACC0499,776.18,INR,IMPS,Delhi,branch,DEV0594
TXN002205,2026-08-20 20:48:53,ACC0336,ACC0196,4545.44,INR,NEFT,Mumbai,atm,DEV0534
TXN008385,2026-08-20 20:54:05,ACC0077,ACC0467,2678.14,INR,NEFT,Kochi,web,DEV0793
TXN005629,2026-08-20 20:54:28,ACC0177,ACC0498,8756.86,INR,UPI,Mumbai,branch,DEV0686
TXN003501,2026-08-20 20:58:54,ACC0162,ACC0484,11812.96,INR,UPI,Pune,web,DEV0102
TXN003615,2026-08-21 09:02:27,ACC0338,ACC0479,3194.92,INR,NEFT,Pune,branch,DEV0591
TXN005225,2026-08-21 09:05:32,ACC0060,ACC0459,359.8,INR,RTGS,Delhi,mobile,DEV0512
TXN002178,2026-08-21 09:06:59,ACC0026,ACC0490,114.49,INR,RTGS,Hyderabad,atm,DEV0113
TXN008763,2026-08-21 09:08:45,ACC0108,ACC0316,495.48,INR,IMPS,Kolkata,web,DEV0360
TXN009364,2026-08-21 09:09:18,ACC0366,ACC0484,28030.19,INR,NEFT,Kochi,mobile,DEV0610
TXN001978,2026-08-21 09:09:23,ACC0031,ACC0122,282.23,INR,IMPS,Delhi,web,DEV0786
TXN006690,2026-08-21 09:13:15,ACC0221,ACC0409,1135.92,INR,UPI,Mumbai,branch,DEV0709
TXN005510,2026-08-21 09:14:27,ACC0298,ACC0465,803.23,INR,UPI,Kochi,atm,DEV0282
TXN003105,2026-08-21 09:15:18,ACC0284,ACC0480,783.62,INR,NEFT,Bengaluru,web,DEV0729
TXN000728,2026-08-21 09:15:59,ACC0104,ACC0464,688.36,INR,NEFT,Hyderabad,branch,DEV0660
TXN006660,2026-08-21 09:23:08,ACC0244,ACC0498,3350.84,INR,RTGS,Kolkata,branch,DEV0202
TXN005970,2026-08-21 09:23:58,ACC0180,ACC0461,1205.09,INR,UPI,Bengaluru,web,DEV0847
TXN003169,2026-08-21 09:24:21,ACC0252,ACC0495,4086.49,INR,IMPS,Chennai,mobile,DEV0111
TXN006116,2026-08-21 09:24:22,ACC0287,ACC0196,1299.15,INR,RTGS,Hyderabad,atm,DEV0143
TXN009109,2026-08-21 09:30:22,ACC0022,ACC0476,2148.8,INR,RTGS,Pune,mobile,DEV0458
TXN000511,2026-08-21 09:30:58,ACC0019,ACC0251,2532.33,INR,NEFT,Chennai,branch,DEV0841
TXN003284,2026-08-21 09:32:19,ACC0181,ACC0457,1729.3,INR,RTGS,Pune,mobile,DEV0758
TXN003466,2026-08-21 09:32:57,ACC0206,ACC0258,1314.29,INR,NEFT,Pune,web,DEV0211
TXN007208,2026-08-21 09:35:45,ACC0432,ACC0498,524.89,INR,RTGS,Bengaluru,atm,DEV0347
TXN000856,2026-08-21 09:39:59,ACC0413,ACC0046,1173.26,INR,UPI,Kochi,mobile,DEV0684
TXN004067,2026-08-21 09:40:42,ACC0419,ACC0495,959.52,INR,IMPS,Chennai,web,DEV0589
TXN004486,2026-08-21 09:43:23,ACC0395,ACC0482,694.18,INR,RTGS,Chennai,branch,DEV0409
TXN007342,2026-08-21 09:55:45,ACC0008,ACC0457,4450.42,INR,RTGS,Mumbai,atm,DEV0357
TXN006286,2026-08-21 10:00:39,ACC0309,ACC0477,1372.04,INR,NEFT,Delhi,web,DEV0700
TXN005195,2026-08-21 10:10:37,ACC0151,ACC0188,6126.92,INR,RTGS,Bengaluru,branch,DEV0860
TXN008039,2026-08-21 10:13:11,ACC0342,ACC0047,1377.04,INR,IMPS,Delhi,mobile,DEV0450
TXN002177,2026-08-21 10:17:32,ACC0170,ACC0491,2768.67,INR,RTGS,Kolkata,branch,DEV0518
TXN002794,2026-08-21 10:17:55,ACC0417,ACC0495,7810.97,INR,NEFT,Hyderabad,web,DEV0698
TXN002518,2026-08-21 10:19:00,ACC0440,ACC0288,5923.43,INR,UPI,Bengaluru,web,DEV0323
TXN003554,2026-08-21 10:19:55,ACC0115,ACC0443,1844.01,INR,RTGS,Chennai,mobile,DEV0864
TXN005258,2026-08-21 10:28:06,ACC0270,ACC0460,2507.41,INR,IMPS,Bengaluru,mobile,DEV0348
TXN007065,2026-08-21 10:28:40,ACC0308,ACC0463,613.24,INR,IMPS,Kochi,branch,DEV0116
TXN006986,2026-08-21 10:30:51,ACC0341,ACC0463,1246.97,INR,RTGS,Chennai,mobile,DEV0339
TXN006097,2026-08-21 10:32:18,ACC0027,ACC0458,3157.42,INR,RTGS,Hyderabad,mobile,DEV0759
TXN001883,2026-08-21 10:36:13,ACC0094,ACC0468,5176.17,INR,UPI,Delhi,web,DEV0406
TXN000117,2026-08-21 10:39:38,ACC0189,ACC0040,1677.1,INR,UPI,Kochi,web,DEV0330
TXN000291,2026-08-21 10:43:01,ACC0422,ACC0476,631.06,INR,RTGS,Delhi,atm,DEV0601
TXN004324,2026-08-21 10:47:44,ACC0122,ACC0479,2554.8,INR,IMPS,Mumbai,atm,DEV0233
TXN001826,2026-08-21 10:49:07,ACC0338,ACC0469,1609.56,INR,UPI,Delhi,atm,DEV0256
TXN002373,2026-08-21 10:50:39,ACC0390,ACC0498,2415.21,INR,IMPS,Bengaluru,branch,DEV0628
TXN008814,2026-08-21 10:50:48,ACC0007,ACC0495,1659.77,INR,NEFT,Kolkata,mobile,DEV0844
TXN007882,2026-08-21 10:52:05,ACC0373,ACC0462,1343.75,INR,IMPS,Chennai,mobile,DEV0442
TXN005046,2026-08-21 10:59:05,ACC0242,ACC0309,1791.0,INR,RTGS,Pune,branch,DEV0639
TXN005302,2026-08-21 10:59:19,ACC0017,ACC0467,1047.68,INR,UPI,Pune,web,DEV0255
TXN003587,2026-08-21 11:01:51,ACC0303,ACC0456,762.24,INR,UPI,Kolkata,atm,DEV0443
TXN007999,2026-08-21 11:05:25,ACC0114,ACC0498,1100.01,INR,IMPS,Kolkata,mobile,DEV0654
TXN007975,2026-08-21 11:07:16,ACC0180,ACC0474,392.03,INR,RTGS,Hyderabad,atm,DEV0479
TXN003171,2026-08-21 11:07:59,ACC0441,ACC0465,409.27,INR,UPI,Hyderabad,branch,DEV0145
TXN006411,2026-08-21 11:19:56,ACC0026,ACC0493,5346.76,INR,RTGS,Kochi,web,DEV0506
TXN002799,2026-08-21 11:20:19,ACC0388,ACC0422,1018.34,INR,IMPS,Bengaluru,branch,DEV0120
TXN006941,2026-08-21 11:24:59,ACC0431,ACC0467,10716.09,INR,UPI,Bengaluru,atm,DEV0665
TXN003870,2026-08-21 11:30:28,ACC0265,ACC0456,14494.27,INR,NEFT,Bengaluru,web,DEV0245
TXN008012,2026-08-21 11:34:48,ACC0387,ACC0461,103.9,INR,UPI,Chennai,atm,DEV0323
TXN006705,2026-08-21 11:37:00,ACC0354,ACC0452,3764.91,INR,RTGS,Chennai,branch,DEV0323
TXN001739,2026-08-21 11:40:29,ACC0399,ACC0500,1607.5,INR,IMPS,Bengaluru,branch,DEV0570
TXN007114,2026-08-21 11:50:01,ACC0314,ACC0485,2061.51,INR,UPI,Bengaluru,atm,DEV0443
TXN005528,2026-08-21 11:52:01,ACC0349,ACC0307,1631.89,INR,NEFT,Bengaluru,mobile,DEV0014
TXN003818,2026-08-21 11:56:44,ACC0120,ACC0244,470.31,INR,UPI,Mumbai,branch,DEV0354
TXN001818,2026-08-21 11:57:09,ACC0024,ACC0157,7738.48,INR,NEFT,Hyderabad,atm,DEV0846
TXN008068,2026-08-21 11:59:19,ACC0233,ACC0460,37.17,INR,IMPS,Hyderabad,mobile,DEV0574
TXN004317,2026-08-21 12:00:42,ACC0099,ACC0469,1893.41,INR,RTGS,Delhi,branch,DEV0261
TXN004794,2026-08-21 12:01:31,ACC0042,ACC0453,2715.55,INR,RTGS,Pune,web,DEV0256
TXN000167,2026-08-21 12:03:06,ACC0343,ACC0116,917.04,INR,UPI,Delhi,mobile,DEV0564
TXN007706,2026-08-21 12:06:50,ACC0400,ACC0480,3887.65,INR,NEFT,Mumbai,web,DEV0256
TXN001024,2026-08-21 12:08:31,ACC0307,ACC0040,775.48,INR,RTGS,Mumbai,branch,DEV0394
TXN006219,2026-08-21 12:16:38,ACC0178,ACC0463,644.74,INR,NEFT,Bengaluru,mobile,DEV0224
TXN002086,2026-08-21 12:17:42,ACC0233,ACC0481,2389.13,INR,IMPS,Delhi,atm,DEV0851
TXN009974,2026-08-21 12:18:54,ACC0261,ACC0144,1756.67,INR,NEFT,Chennai,web,DEV0329
TXN006796,2026-08-21 12:19:43,ACC0408,ACC0463,420.45,INR,UPI,Mumbai,web,DEV0567
TXN002300,2026-08-21 12:20:24,ACC0421,ACC0014,1027.89,INR,NEFT,Chennai,web,DEV0248
TXN007224,2026-08-21 12:26:01,ACC0160,ACC0465,8725.53,INR,RTGS,Kochi,branch,DEV0848
TXN007802,2026-08-21 12:26:26,ACC0263,ACC0409,1123.49,INR,UPI,Delhi,mobile,DEV0083
TXN009113,2026-08-21 12:30:33,ACC0200,ACC0071,524.7,INR,UPI,Mumbai,branch,DEV0124
TXN002440,2026-08-21 12:36:36,ACC0192,ACC0499,5706.38,INR,RTGS,Bengaluru,atm,DEV0480
TXN008657,2026-08-21 12:38:03,ACC0378,ACC0485,607.92,INR,IMPS,Hyderabad,mobile,DEV0233
TXN002222,2026-08-21 12:41:01,ACC0328,ACC0454,5766.26,INR,UPI,Mumbai,mobile,DEV0749
TXN001491,2026-08-21 12:41:04,ACC0311,ACC0482,408.29,INR,UPI,Pune,atm,DEV0618
TXN002597,2026-08-21 12:41:45,ACC0446,ACC0485,2423.64,INR,IMPS,Hyderabad,atm,DEV0571
TXN006675,2026-08-21 12:42:39,ACC0050,ACC0426,2730.12,INR,NEFT,Chennai,web,DEV0719
TXN008400,2026-08-21 12:49:26,ACC0062,ACC0456,759.56,INR,UPI,Chennai,branch,DEV0659
TXN000687,2026-08-21 12:50:04,ACC0177,ACC0463,664.98,INR,RTGS,Kolkata,branch,DEV0631
TXN000809,2026-08-21 12:52:13,ACC0069,ACC0454,1746.51,INR,IMPS,Kolkata,branch,DEV0086
TXN000586,2026-08-21 12:54:26,ACC0441,ACC0033,882.81,INR,NEFT,Hyderabad,web,DEV0416
TXN004093,2026-08-21 12:57:04,ACC0033,ACC0495,3766.45,INR,RTGS,Pune,atm,DEV0888
TXN001397,2026-08-21 12:57:33,ACC0344,ACC0474,31470.8,INR,IMPS,Chennai,branch,DEV0418
TXN003304,2026-08-21 13:00:19,ACC0274,ACC0488,802.77,INR,IMPS,Mumbai,atm,DEV0019
TXN009650,2026-08-21 13:03:07,ACC0369,ACC0318,5719.85,INR,UPI,Kolkata,web,DEV0525
TXN004147,2026-08-21 13:04:04,ACC0207,ACC0478,1374.62,INR,IMPS,Pune,atm,DEV0172
TXN005900,2026-08-21 13:04:57,ACC0229,ACC0456,390.02,INR,RTGS,Pune,branch,DEV0749
TXN001404,2026-08-21 13:05:18,ACC0193,ACC0490,2131.12,INR,IMPS,Chennai,atm,DEV0418
TXN003655,2026-08-21 13:06:42,ACC0231,ACC0461,4363.06,INR,RTGS,Chennai,web,DEV0127
TXN004628,2026-08-21 13:06:44,ACC0279,ACC0344,592.5,INR,NEFT,Kochi,atm,DEV0037
TXN001284,2026-08-21 13:09:09,ACC0366,ACC0497,3027.39,INR,RTGS,Hyderabad,atm,DEV0226
TXN006036,2026-08-21 13:10:09,ACC0156,ACC0452,6374.62,INR,UPI,Hyderabad,web,DEV0535
TXN005464,2026-08-21 13:10:25,ACC0087,ACC0454,2217.34,INR,IMPS,Hyderabad,atm,DEV0844
TXN009037,2026-08-21 13:16:19,ACC0317,ACC0469,382.08,INR,IMPS,Kolkata,mobile,DEV0631
TXN005256,2026-08-21 13:16:34,ACC0442,ACC0322,2670.31,INR,UPI,Kolkata,branch,DEV0288
TXN007098,2026-08-21 13:17:56,ACC0413,ACC0485,1005.8,INR,IMPS,Mumbai,web,DEV0679
TXN002869,2026-08-21 13:18:26,ACC0016,ACC0459,2482.18,INR,IMPS,Chennai,atm,DEV0872
TXN007688,2026-08-21 13:19:13,ACC0061,ACC0463,2745.0,INR,UPI,Kolkata,web,DEV0161
TXN007864,2026-08-21 13:19:49,ACC0131,ACC0274,494.7,INR,UPI,Kochi,branch,DEV0368
TXN000984,2026-08-21 13:21:09,ACC0190,ACC0457,652.56,INR,RTGS,Bengaluru,mobile,DEV0145
TXN007122,2026-08-21 13:25:47,ACC0409,ACC0467,1951.11,INR,IMPS,Delhi,atm,DEV0767
TXN006084,2026-08-21 13:28:25,ACC0024,ACC0422,343.76,INR,NEFT,Kolkata,web,DEV0242
TXN008668,2026-08-21 13:28:56,ACC0242,ACC0485,22091.8,INR,UPI,Kochi,branch,DEV0291
TXN000578,2026-08-21 13:37:05,ACC0339,ACC0466,938.45,INR,UPI,Kolkata,mobile,DEV0472
TXN005812,2026-08-21 13:44:35,ACC0408,ACC0451,1372.57,INR,RTGS,Kolkata,atm,DEV0072
TXN005936,2026-08-21 13:49:43,ACC0080,ACC0470,2421.64,INR,UPI,Bengaluru,web,DEV0312
TXN000358,2026-08-21 13:53:47,ACC0166,ACC0484,613.86,INR,NEFT,Pune,atm,DEV0375
TXN001954,2026-08-21 13:54:54,ACC0392,ACC0497,8334.55,INR,UPI,Delhi,branch,DEV0231
TXN004117,2026-08-21 13:57:38,ACC0324,ACC0101,1611.1,INR,UPI,Pune,mobile,DEV0120
TXN006081,2026-08-21 13:59:29,ACC0121,ACC0500,1366.52,INR,IMPS,Hyderabad,atm,DEV0787
TXN002924,2026-08-21 13:59:55,ACC0180,ACC0411,1185.89,INR,IMPS,Bengaluru,branch,DEV0479
TXN004852,2026-08-21 14:03:11,ACC0448,ACC0420,2441.52,INR,UPI,Kochi,web,DEV0617
TXN003266,2026-08-21 14:03:42,ACC0377,ACC0453,486.8,INR,UPI,Bengaluru,web,DEV0070
TXN000120,2026-08-21 14:04:21,ACC0307,ACC0491,374.5,INR,NEFT,Kolkata,mobile,DEV0597
TXN009294,2026-08-21 14:06:25,ACC0381,ACC0491,515.69,INR,RTGS,Pune,atm,DEV0273
TXN009172,2026-08-21 14:07:13,ACC0250,ACC0293,543.97,INR,IMPS,Delhi,atm,DEV0820
TXN007917,2026-08-21 14:09:52,ACC0043,ACC0477,748.99,INR,NEFT,Mumbai,branch,DEV0387
TXN000006,2026-08-21 14:10:23,ACC0052,ACC0480,714.75,INR,UPI,Delhi,web,DEV0168
TXN003972,2026-08-21 14:10:46,ACC0042,ACC0213,18233.55,INR,UPI,Kolkata,web,DEV0680
TXN007657,2026-08-21 14:13:12,ACC0263,ACC0453,628.96,INR,IMPS,Kochi,branch,DEV0779
TXN006544,2026-08-21 14:13:49,ACC0031,ACC0470,1914.59,INR,RTGS,Hyderabad,web,DEV0148
TXN005477,2026-08-21 14:16:29,ACC0396,ACC0485,590.64,INR,IMPS,Mumbai,atm,DEV0214
TXN006739,2026-08-21 14:19:11,ACC0187,ACC0478,824.49,INR,RTGS,Pune,mobile,DEV0840
TXN001794,2026-08-21 14:20:06,ACC0346,ACC0492,899.98,INR,RTGS,Mumbai,atm,DEV0618
TXN005756,2026-08-21 14:21:01,ACC0203,ACC0491,560.09,INR,IMPS,Mumbai,mobile,DEV0724
TXN000756,2026-08-21 14:24:58,ACC0393,ACC0034,7741.13,INR,RTGS,Pune,web,DEV0229
TXN003868,2026-08-21 14:25:33,ACC0198,ACC0469,1287.91,INR,UPI,Chennai,mobile,DEV0616
TXN002361,2026-08-21 14:27:51,ACC0049,ACC0169,394.86,INR,RTGS,Kochi,atm,DEV0356
TXN006583,2026-08-21 14:30:04,ACC0311,ACC0458,1546.09,INR,RTGS,Kochi,web,DEV0827
TXN009482,2026-08-21 14:37:39,ACC0222,ACC0451,554.76,INR,RTGS,Pune,atm,DEV0487
TXN007896,2026-08-21 14:44:56,ACC0260,ACC0373,735.19,INR,IMPS,Kochi,mobile,DEV0183
TXN007007,2026-08-21 14:45:07,ACC0312,ACC0489,9043.33,INR,UPI,Chennai,mobile,DEV0007
TXN007985,2026-08-21 14:49:44,ACC0063,ACC0482,173.75,INR,RTGS,Kochi,branch,DEV0527
TXN002314,2026-08-21 14:50:26,ACC0143,ACC0452,906.92,INR,NEFT,Kochi,branch,DEV0319
TXN007977,2026-08-21 14:50:34,ACC0069,ACC0462,6368.35,INR,NEFT,Hyderabad,mobile,DEV0386
TXN000411,2026-08-21 14:51:57,ACC0163,ACC0404,1417.58,INR,RTGS,Kolkata,web,DEV0257
TXN005881,2026-08-21 14:55:37,ACC0037,ACC0478,4395.6,INR,UPI,Bengaluru,atm,DEV0858
TXN009837,2026-08-21 14:55:58,ACC0174,ACC0493,1158.17,INR,IMPS,Kolkata,mobile,DEV0189
TXN006505,2026-08-21 15:00:01,ACC0173,ACC0337,1887.8,INR,NEFT,Kolkata,web,DEV0884
TXN005745,2026-08-21 15:02:49,ACC0157,ACC0082,16672.27,INR,NEFT,Delhi,web,DEV0154
TXN007912,2026-08-21 15:04:02,ACC0281,ACC0261,842.88,INR,RTGS,Kolkata,web,DEV0516
TXN000619,2026-08-21 15:05:02,ACC0189,ACC0478,4196.23,INR,NEFT,Delhi,atm,DEV0540
TXN005830,2026-08-21 15:06:53,ACC0048,ACC0491,420.99,INR,UPI,Hyderabad,web,DEV0668
TXN009517,2026-08-21 15:09:05,ACC0114,ACC0494,3952.78,INR,NEFT,Hyderabad,mobile,DEV0389
TXN004462,2026-08-21 15:11:34,ACC0369,ACC0493,1172.6,INR,RTGS,Pune,atm,DEV0687
TXN001697,2026-08-21 15:11:52,ACC0238,ACC0460,2272.11,INR,NEFT,Chennai,atm,DEV0387
TXN006731,2026-08-21 15:15:43,ACC0373,ACC0500,357.13,INR,RTGS,Chennai,mobile,DEV0882
TXN003168,2026-08-21 15:15:47,ACC0372,ACC0489,1411.03,INR,UPI,Delhi,mobile,DEV0532
TXN001885,2026-08-21 15:16:24,ACC0078,ACC0483,1268.78,INR,NEFT,Chennai,mobile,DEV0585
TXN001703,2026-08-21 15:18:55,ACC0168,ACC0199,1241.74,INR,UPI,Pune,web,DEV0223
TXN005920,2026-08-21 15:22:03,ACC0183,ACC0457,721.69,INR,NEFT,Bengaluru,mobile,DEV0354
TXN003296,2026-08-21 15:22:16,ACC0348,ACC0247,439.92,INR,IMPS,Delhi,branch,DEV0756
TXN007348,2026-08-21 15:25:41,ACC0105,ACC0199,1023.24,INR,RTGS,Kolkata,mobile,DEV0568
TXN004780,2026-08-21 15:26:15,ACC0273,ACC0279,3211.47,INR,IMPS,Bengaluru,atm,DEV0058
TXN003227,2026-08-21 15:27:24,ACC0309,ACC0464,1174.39,INR,IMPS,Kochi,web,DEV0520
TXN003179,2026-08-21 15:27:45,ACC0283,ACC0490,745.5,INR,RTGS,Pune,mobile,DEV0498
TXN003954,2026-08-21 15:32:01,ACC0358,ACC0448,3800.05,INR,RTGS,Chennai,mobile,DEV0107
TXN007247,2026-08-21 15:34:22,ACC0306,ACC0456,2797.97,INR,NEFT,Mumbai,web,DEV0497
TXN009493,2026-08-21 15:41:05,ACC0399,ACC0493,4688.63,INR,IMPS,Kolkata,atm,DEV0628
TXN004899,2026-08-21 15:44:39,ACC0202,ACC0480,905.75,INR,UPI,Mumbai,branch,DEV0084
TXN001912,2026-08-21 15:47:06,ACC0157,ACC0492,799.94,INR,IMPS,Hyderabad,web,DEV0469
TXN003016,2026-08-21 15:50:59,ACC0346,ACC0461,229.96,INR,NEFT,Hyderabad,web,DEV0324
TXN008811,2026-08-21 15:51:57,ACC0314,ACC0026,2445.67,INR,UPI,Delhi,branch,DEV0698
TXN009270,2026-08-21 15:56:26,ACC0192,ACC0134,1196.13,INR,UPI,Kolkata,branch,DEV0287
TXN002005,2026-08-21 15:56:50,ACC0413,ACC0473,763.46,INR,UPI,Hyderabad,atm,DEV0274
TXN007285,2026-08-21 15:59:25,ACC0341,ACC0465,604.44,INR,NEFT,Mumbai,branch,DEV0706
TXN006371,2026-08-21 16:00:58,ACC0316,ACC0484,603.11,INR,NEFT,Kochi,web,DEV0336
TXN000234,2026-08-21 16:01:07,ACC0391,ACC0457,83.31,INR,IMPS,Mumbai,branch,DEV0257
TXN004851,2026-08-21 16:01:29,ACC0392,ACC0465,2744.23,INR,IMPS,Delhi,mobile,DEV0047
TXN008515,2026-08-21 16:01:40,ACC0195,ACC0129,3889.72,INR,NEFT,Pune,atm,DEV0591
TXN009273,2026-08-21 16:02:03,ACC0096,ACC0472,2240.62,INR,UPI,Bengaluru,web,DEV0486
TXN008262,2026-08-21 16:02:32,ACC0016,ACC0452,1183.92,INR,RTGS,Kochi,branch,DEV0717
TXN002356,2026-08-21 16:03:45,ACC0067,ACC0283,845.56,INR,UPI,Kochi,branch,DEV0573
TXN000070,2026-08-21 16:05:30,ACC0093,ACC0224,1063.85,INR,UPI,Delhi,branch,DEV0422
TXN006166,2026-08-21 16:05:53,ACC0432,ACC0034,3348.45,INR,IMPS,Chennai,web,DEV0208
TXN008430,2026-08-21 16:06:39,ACC0363,ACC0478,6883.71,INR,IMPS,Delhi,web,DEV0189
TXN002036,2026-08-21 16:07:28,ACC0236,ACC0113,505.8,INR,UPI,Chennai,atm,DEV0324
TXN007033,2026-08-21 16:10:43,ACC0335,ACC0490,265.03,INR,RTGS,Mumbai,web,DEV0055
TXN007923,2026-08-21 16:17:49,ACC0169,ACC0473,1295.67,INR,RTGS,Chennai,web,DEV0096
TXN009750,2026-08-21 16:19:19,ACC0421,ACC0253,887.64,INR,RTGS,Chennai,mobile,DEV0083
TXN002264,2026-08-21 16:27:30,ACC0262,ACC0470,1211.27,INR,UPI,Chennai,atm,DEV0010
TXN009744,2026-08-21 16:28:25,ACC0397,ACC0043,962.93,INR,IMPS,Bengaluru,mobile,DEV0088
TXN009239,2026-08-21 16:28:50,ACC0303,ACC0184,5751.23,INR,IMPS,Mumbai,atm,DEV0128
TXN001162,2026-08-21 16:30:58,ACC0252,ACC0473,6490.67,INR,IMPS,Bengaluru,web,DEV0294
TXN005700,2026-08-21 16:32:28,ACC0060,ACC0494,1427.72,INR,RTGS,Delhi,web,DEV0060
TXN000955,2026-08-21 16:38:14,ACC0287,ACC0474,1386.16,INR,NEFT,Bengaluru,atm,DEV0691
TXN009917,2026-08-21 16:38:50,ACC0195,ACC0458,10366.4,INR,IMPS,Hyderabad,mobile,DEV0347
TXN006358,2026-08-21 16:41:17,ACC0118,ACC0075,3932.58,INR,UPI,Kochi,web,DEV0119
TXN000960,2026-08-21 16:47:53,ACC0182,ACC0210,991.51,INR,NEFT,Delhi,mobile,DEV0156
TXN005705,2026-08-21 16:48:14,ACC0098,ACC0292,1078.27,INR,NEFT,Chennai,mobile,DEV0692
TXN004121,2026-08-21 16:48:50,ACC0432,ACC0499,7250.85,INR,UPI,Mumbai,web,DEV0379
TXN000597,2026-08-21 16:50:41,ACC0027,ACC0462,520.19,INR,IMPS,Kolkata,mobile,DEV0114
TXN005278,2026-08-21 16:58:31,ACC0420,ACC0469,5380.05,INR,IMPS,Kochi,branch,DEV0066
TXN005075,2026-08-21 17:01:23,ACC0081,ACC0005,222.63,INR,RTGS,Delhi,atm,DEV0609
TXN006799,2026-08-21 17:01:29,ACC0310,ACC0477,1273.64,INR,UPI,Pune,atm,DEV0005
TXN006529,2026-08-21 17:03:06,ACC0417,ACC0284,5891.0,INR,UPI,Chennai,atm,DEV0609
TXN007149,2026-08-21 17:03:35,ACC0338,ACC0164,702.76,INR,UPI,Chennai,atm,DEV0477
TXN001240,2026-08-21 17:06:26,ACC0269,ACC0189,1527.01,INR,RTGS,Mumbai,mobile,DEV0090
TXN001471,2026-08-21 17:08:59,ACC0405,ACC0476,648.31,INR,NEFT,Chennai,web,DEV0718
TXN006864,2026-08-21 17:14:16,ACC0149,ACC0208,1758.38,INR,RTGS,Kolkata,mobile,DEV0703
TXN000647,2026-08-21 17:22:07,ACC0031,ACC0133,596.65,INR,UPI,Kochi,branch,DEV0242
TXN002155,2026-08-21 17:23:26,ACC0326,ACC0469,572.5,INR,UPI,Hyderabad,web,DEV0621
TXN008581,2026-08-21 17:26:44,ACC0183,ACC0469,1473.52,INR,RTGS,Bengaluru,atm,DEV0211
TXN004773,2026-08-21 17:26:58,ACC0044,ACC0072,1298.64,INR,RTGS,Hyderabad,branch,DEV0113
TXN005601,2026-08-21 17:27:00,ACC0066,ACC0113,1237.98,INR,RTGS,Delhi,atm,DEV0035
TXN000925,2026-08-21 17:31:12,ACC0374,ACC0373,7044.67,INR,RTGS,Kolkata,branch,DEV0634
TXN004155,2026-08-21 17:31:22,ACC0036,ACC0237,6834.72,INR,UPI,Kolkata,atm,DEV0643
TXN003539,2026-08-21 17:33:08,ACC0120,ACC0165,1823.81,INR,UPI,Chennai,web,DEV0579
TXN007099,2026-08-21 17:34:28,ACC0426,ACC0469,461.57,INR,UPI,Chennai,branch,DEV0480
TXN003161,2026-08-21 17:34:45,ACC0148,ACC0456,117.25,INR,IMPS,Pune,web,DEV0518
TXN006687,2026-08-21 17:38:17,ACC0210,ACC0123,440.76,INR,NEFT,Kolkata,web,DEV0661
TXN003562,2026-08-21 17:38:57,ACC0215,ACC0499,3143.42,INR,IMPS,Mumbai,web,DEV0190
TXN007511,2026-08-21 17:39:03,ACC0037,ACC0478,3978.07,INR,UPI,Kochi,atm,DEV0523
TXN006664,2026-08-21 17:41:56,ACC0101,ACC0467,26991.71,INR,RTGS,Hyderabad,web,DEV0697
TXN007929,2026-08-21 17:46:17,ACC0111,ACC0474,738.22,INR,RTGS,Kolkata,mobile,DEV0613
TXN004084,2026-08-21 17:48:36,ACC0120,ACC0300,687.41,INR,IMPS,Kolkata,web,DEV0409
TXN002302,2026-08-21 17:50:48,ACC0292,ACC0455,270.67,INR,NEFT,Hyderabad,web,DEV0288
TXN008636,2026-08-21 17:52:42,ACC0193,ACC0494,4769.55,INR,NEFT,Bengaluru,atm,DEV0238
TXN005418,2026-08-21 17:54:01,ACC0088,ACC0061,846.44,INR,UPI,Delhi,branch,DEV0119
TXN004364,2026-08-21 17:54:16,ACC0132,ACC0165,947.29,INR,UPI,Bengaluru,atm,DEV0114
TXN002141,2026-08-21 17:58:51,ACC0114,ACC0165,539.06,INR,UPI,Hyderabad,mobile,DEV0849
TXN000816,2026-08-21 18:00:50,ACC0395,ACC0460,576.81,INR,NEFT,Delhi,atm,DEV0778
TXN009749,2026-08-21 18:00:59,ACC0338,ACC0479,7131.93,INR,RTGS,Kolkata,atm,DEV0473
TXN001360,2026-08-21 18:05:05,ACC0085,ACC0414,3239.32,INR,UPI,Kochi,branch,DEV0059
TXN002965,2026-08-21 18:07:58,ACC0160,ACC0356,775.74,INR,UPI,Mumbai,mobile,DEV0196
TXN007517,2026-08-21 18:09:33,ACC0076,ACC0461,2749.92,INR,UPI,Pune,branch,DEV0339
TXN001454,2026-08-21 18:11:53,ACC0368,ACC0290,5391.91,INR,NEFT,Delhi,web,DEV0759
TXN005309,2026-08-21 18:13:01,ACC0185,ACC0470,2404.44,INR,RTGS,Bengaluru,branch,DEV0618
TXN008726,2026-08-21 18:14:41,ACC0085,ACC0463,2500.37,INR,NEFT,Delhi,mobile,DEV0305
TXN002321,2026-08-21 18:16:25,ACC0156,ACC0464,1703.9,INR,NEFT,Bengaluru,mobile,DEV0551
TXN006385,2026-08-21 18:20:16,ACC0087,ACC0426,1126.01,INR,UPI,Delhi,mobile,DEV0826
TXN007689,2026-08-21 18:20:27,ACC0255,ACC0464,2784.6,INR,UPI,Hyderabad,web,DEV0219
TXN008753,2026-08-21 18:20:54,ACC0039,ACC0457,1893.04,INR,IMPS,Delhi,atm,DEV0215
TXN006546,2026-08-21 18:21:15,ACC0346,ACC0484,2346.51,INR,NEFT,Hyderabad,mobile,DEV0505
TXN006990,2026-08-21 18:24:03,ACC0168,ACC0486,4342.51,INR,NEFT,Hyderabad,atm,DEV0366
TXN007311,2026-08-21 18:24:09,ACC0275,ACC0494,497.67,INR,RTGS,Pune,branch,DEV0725
TXN009360,2026-08-21 18:25:14,ACC0334,ACC0261,1495.76,INR,UPI,Hyderabad,mobile,DEV0428
TXN006181,2026-08-21 18:27:08,ACC0231,ACC0094,11141.5,INR,NEFT,Hyderabad,atm,DEV0493
TXN005553,2026-08-21 18:29:51,ACC0383,ACC0500,6705.74,INR,RTGS,Mumbai,web,DEV0846
TXN007692,2026-08-21 18:29:52,ACC0345,ACC0461,471.83,INR,UPI,Chennai,mobile,DEV0117
TXN001139,2026-08-21 18:31:11,ACC0036,ACC0097,25413.37,INR,UPI,Delhi,branch,DEV0588
TXN006569,2026-08-21 18:32:59,ACC0399,ACC0177,3709.87,INR,NEFT,Hyderabad,web,DEV0204
TXN009217,2026-08-21 18:35:25,ACC0412,ACC0473,6365.13,INR,RTGS,Bengaluru,mobile,DEV0475
TXN003125,2026-08-21 18:35:51,ACC0253,ACC0466,3812.78,INR,UPI,Mumbai,atm,DEV0221
TXN004374,2026-08-21 18:35:53,ACC0411,ACC0453,1999.88,INR,NEFT,Chennai,mobile,DEV0143
TXN003264,2026-08-21 18:36:03,ACC0166,ACC0477,13756.71,INR,IMPS,Mumbai,mobile,DEV0839
TXN000392,2026-08-21 18:36:25,ACC0414,ACC0216,715.91,INR,IMPS,Hyderabad,branch,DEV0620
TXN006603,2026-08-21 18:44:14,ACC0041,ACC0499,946.12,INR,RTGS,Kolkata,atm,DEV0567
TXN004273,2026-08-21 18:45:21,ACC0179,ACC0331,366.19,INR,RTGS,Kolkata,mobile,DEV0133
TXN009394,2026-08-21 18:49:13,ACC0041,ACC0499,3173.73,INR,UPI,Delhi,web,DEV0763
TXN005353,2026-08-21 18:52:22,ACC0113,ACC0326,1523.54,INR,RTGS,Hyderabad,branch,DEV0068
TXN006843,2026-08-21 18:54:31,ACC0158,ACC0378,2549.82,INR,IMPS,Kochi,web,DEV0334
TXN007675,2026-08-21 18:56:56,ACC0163,ACC0490,3102.3,INR,UPI,Hyderabad,branch,DEV0187
TXN001477,2026-08-21 19:00:14,ACC0443,ACC0494,28087.81,INR,UPI,Bengaluru,mobile,DEV0128
TXN001720,2026-08-21 19:00:48,ACC0309,ACC0478,1408.67,INR,NEFT,Chennai,atm,DEV0275
TXN004957,2026-08-21 19:01:04,ACC0185,ACC0473,226.26,INR,UPI,Hyderabad,branch,DEV0133
TXN005549,2026-08-21 19:01:40,ACC0179,ACC0460,3809.07,INR,NEFT,Pune,branch,DEV0149
TXN002034,2026-08-21 19:05:23,ACC0432,ACC0493,303.73,INR,NEFT,Hyderabad,web,DEV0391
TXN002487,2026-08-21 19:08:17,ACC0119,ACC0483,1375.18,INR,RTGS,Mumbai,atm,DEV0138
TXN001247,2026-08-21 19:10:15,ACC0405,ACC0477,2126.42,INR,UPI,Pune,mobile,DEV0428
TXN005991,2026-08-21 19:10:24,ACC0301,ACC0496,813.05,INR,NEFT,Pune,web,DEV0020
TXN005019,2026-08-21 19:10:39,ACC0110,ACC0328,5553.04,INR,RTGS,Kochi,branch,DEV0846
TXN001378,2026-08-21 19:12:31,ACC0102,ACC0456,666.32,INR,IMPS,Bengaluru,mobile,DEV0417
TXN006165,2026-08-21 19:13:11,ACC0139,ACC0492,1809.44,INR,RTGS,Bengaluru,web,DEV0142
TXN003127,2026-08-21 19:13:43,ACC0100,ACC0476,2028.07,INR,NEFT,Kochi,mobile,DEV0188
TXN008682,2026-08-21 19:13:48,ACC0409,ACC0499,7795.01,INR,UPI,Kochi,atm,DEV0249
TXN006609,2026-08-21 19:17:17,ACC0425,ACC0471,4642.73,INR,NEFT,Delhi,mobile,DEV0661
TXN007213,2026-08-21 19:17:38,ACC0182,ACC0113,2102.58,INR,IMPS,Chennai,web,DEV0042
TXN007356,2026-08-21 19:20:18,ACC0333,ACC0218,2039.27,INR,RTGS,Chennai,branch,DEV0482
TXN001044,2026-08-21 19:20:32,ACC0055,ACC0494,1827.33,INR,RTGS,Kochi,atm,DEV0294
TXN005802,2026-08-21 19:24:05,ACC0314,ACC0035,1250.91,INR,RTGS,Delhi,atm,DEV0672
TXN004698,2026-08-21 19:24:58,ACC0066,ACC0488,528.75,INR,IMPS,Chennai,mobile,DEV0516
TXN003106,2026-08-21 19:26:54,ACC0147,ACC0182,4274.39,INR,UPI,Kolkata,branch,DEV0767
TXN003880,2026-08-21 19:27:06,ACC0206,ACC0493,10218.46,INR,RTGS,Bengaluru,atm,DEV0160
TXN000218,2026-08-21 19:27:25,ACC0208,ACC0462,403.17,INR,RTGS,Chennai,web,DEV0211
TXN008168,2026-08-21 19:27:56,ACC0395,ACC0282,1682.29,INR,NEFT,Bengaluru,web,DEV0707
TXN004454,2026-08-21 19:28:14,ACC0162,ACC0498,1376.77,INR,IMPS,Kochi,atm,DEV0439
TXN009762,2026-08-21 19:28:52,ACC0070,ACC0455,5620.29,INR,RTGS,Mumbai,branch,DEV0081
TXN009103,2026-08-21 19:29:05,ACC0308,ACC0452,5311.28,INR,RTGS,Pune,mobile,DEV0437
TXN004246,2026-08-21 19:33:07,ACC0271,ACC0237,4342.72,INR,UPI,Chennai,web,DEV0891
TXN009639,2026-08-21 19:33:43,ACC0070,ACC0035,5956.51,INR,UPI,Pune,web,DEV0868
TXN001651,2026-08-21 19:36:57,ACC0431,ACC0464,399.29,INR,RTGS,Kolkata,branch,DEV0193
TXN003861,2026-08-21 19:39:13,ACC0016,ACC0487,8081.1,INR,NEFT,Kolkata,atm,DEV0463
TXN004160,2026-08-21 19:40:06,ACC0121,ACC0466,7756.56,INR,UPI,Kolkata,atm,DEV0508
TXN009072,2026-08-21 19:42:31,ACC0006,ACC0484,685.91,INR,UPI,Kochi,branch,DEV0244
TXN006108,2026-08-21 19:46:55,ACC0114,ACC0454,1041.64,INR,NEFT,Mumbai,branch,DEV0068
TXN007199,2026-08-21 19:47:17,ACC0133,ACC0485,34106.19,INR,RTGS,Mumbai,branch,DEV0597
TXN000863,2026-08-21 19:49:22,ACC0376,ACC0480,298.19,INR,NEFT,Hyderabad,web,DEV0549
TXN002995,2026-08-21 19:51:10,ACC0294,ACC0480,283.43,INR,NEFT,Chennai,branch,DEV0370
TXN002655,2026-08-21 19:52:08,ACC0398,ACC0498,633.18,INR,RTGS,Chennai,branch,DEV0727
TXN007695,2026-08-21 19:54:15,ACC0209,ACC0481,1100.16,INR,NEFT,Chennai,mobile,DEV0587
TXN001107,2026-08-21 19:54:39,ACC0082,ACC0461,3976.06,INR,RTGS,Bengaluru,branch,DEV0051
TXN002623,2026-08-21 19:55:59,ACC0332,ACC0495,1088.5,INR,RTGS,Kolkata,atm,DEV0767
TXN008200,2026-08-21 19:57:44,ACC0322,ACC0464,1002.83,INR,RTGS,Mumbai,branch,DEV0624
TXN007346,2026-08-21 19:58:34,ACC0331,ACC0462,432.33,INR,UPI,Pune,web,DEV0275
TXN002131,2026-08-21 20:01:43,ACC0388,ACC0486,1962.0,INR,NEFT,Mumbai,web,DEV0844
TXN000407,2026-08-21 20:02:47,ACC0160,ACC0082,9163.74,INR,IMPS,Kochi,branch,DEV0204
TXN001236,2026-08-21 20:03:16,ACC0290,ACC0485,2795.17,INR,RTGS,Delhi,atm,DEV0301
TXN009231,2026-08-21 20:03:43,ACC0386,ACC0143,1561.26,INR,NEFT,Delhi,branch,DEV0452
TXN009446,2026-08-21 20:08:52,ACC0357,ACC0463,7765.34,INR,UPI,Mumbai,atm,DEV0133
TXN002547,2026-08-21 20:14:53,ACC0197,ACC0491,983.68,INR,RTGS,Bengaluru,atm,DEV0519
TXN004072,2026-08-21 20:16:22,ACC0311,ACC0489,1024.14,INR,NEFT,Bengaluru,atm,DEV0574
TXN007765,2026-08-21 20:19:41,ACC0188,ACC0477,780.07,INR,IMPS,Pune,branch,DEV0783
TXN001576,2026-08-21 20:19:46,ACC0167,ACC0482,613.61,INR,UPI,Mumbai,atm,DEV0798
TXN000770,2026-08-21 20:27:19,ACC0304,ACC0481,1900.1,INR,UPI,Delhi,atm,DEV0833
TXN003216,2026-08-21 20:27:57,ACC0304,ACC0460,3734.74,INR,IMPS,Pune,atm,DEV0567
TXN007229,2026-08-21 20:28:56,ACC0323,ACC0452,4695.87,INR,IMPS,Kochi,atm,DEV0480
TXN003526,2026-08-21 20:31:12,ACC0143,ACC0255,613.03,INR,RTGS,Bengaluru,atm,DEV0884
TXN007764,2026-08-21 20:32:58,ACC0342,ACC0243,6756.37,INR,NEFT,Mumbai,branch,DEV0372
TXN000584,2026-08-21 20:33:55,ACC0391,ACC0452,502.11,INR,RTGS,Hyderabad,atm,DEV0580
TXN009175,2026-08-21 20:34:56,ACC0372,ACC0005,204.6,INR,NEFT,Pune,atm,DEV0473
TXN007334,2026-08-21 20:38:44,ACC0016,ACC0500,8545.33,INR,RTGS,Bengaluru,branch,DEV0158
TXN002930,2026-08-21 20:38:58,ACC0289,ACC0492,1176.96,INR,RTGS,Kochi,web,DEV0651
TXN006801,2026-08-21 20:39:43,ACC0248,ACC0490,1428.58,INR,IMPS,Delhi,mobile,DEV0365
TXN000489,2026-08-21 20:42:42,ACC0313,ACC0481,186.13,INR,IMPS,Chennai,branch,DEV0548
TXN000739,2026-08-21 20:43:01,ACC0245,ACC0474,4678.3,INR,IMPS,Kochi,web,DEV0261
TXN007352,2026-08-21 20:50:36,ACC0362,ACC0467,2189.97,INR,RTGS,Hyderabad,web,DEV0145
TXN004074,2026-08-21 20:51:03,ACC0183,ACC0031,1356.89,INR,RTGS,Kolkata,branch,DEV0001
TXN000253,2026-08-21 20:56:00,ACC0013,ACC0473,11683.57,INR,IMPS,Mumbai,web,DEV0543
TXN007255,2026-08-21 20:59:32,ACC0240,ACC0493,1429.97,INR,IMPS,Pune,mobile,DEV0801
TXN002431,2026-08-21 20:59:37,ACC0144,ACC0471,4607.85,INR,NEFT,Mumbai,atm,DEV0779
TXN005841,2026-08-22 09:00:12,ACC0099,ACC0370,4039.34,INR,NEFT,Kochi,branch,DEV0490
TXN005837,2026-08-22 09:01:38,ACC0061,ACC0455,2614.69,INR,NEFT,Delhi,branch,DEV0536
TXN009309,2026-08-22 09:03:21,ACC0446,ACC0389,3299.65,INR,NEFT,Kolkata,mobile,DEV0157
TXN003882,2026-08-22 09:03:37,ACC0009,ACC0467,2844.4,INR,IMPS,Chennai,atm,DEV0574
TXN006203,2026-08-22 09:05:37,ACC0096,ACC0238,244.86,INR,RTGS,Kolkata,branch,DEV0496
TXN003646,2026-08-22 09:08:12,ACC0211,ACC0123,3666.26,INR,NEFT,Bengaluru,mobile,DEV0678
TXN002502,2026-08-22 09:08:23,ACC0437,ACC0467,5487.68,INR,IMPS,Chennai,mobile,DEV0351
TXN009199,2026-08-22 09:12:08,ACC0338,ACC0483,1662.06,INR,IMPS,Delhi,atm,DEV0497
TXN003544,2026-08-22 09:14:31,ACC0059,ACC0131,1612.39,INR,RTGS,Chennai,web,DEV0498
TXN005704,2026-08-22 09:16:56,ACC0287,ACC0479,965.4,INR,UPI,Kochi,atm,DEV0140
TXN004302,2026-08-22 09:18:31,ACC0151,ACC0460,95.55,INR,NEFT,Mumbai,atm,DEV0857
TXN002519,2026-08-22 09:19:19,ACC0326,ACC0488,1355.69,INR,RTGS,Chennai,branch,DEV0812
TXN009255,2026-08-22 09:20:09,ACC0118,ACC0462,1579.31,INR,UPI,Chennai,atm,DEV0475
TXN007555,2026-08-22 09:22:04,ACC0160,ACC0484,3494.46,INR,NEFT,Kochi,atm,DEV0529
TXN002602,2026-08-22 09:25:06,ACC0228,ACC0472,1337.66,INR,RTGS,Kochi,mobile,DEV0739
TXN008882,2026-08-22 09:25:45,ACC0185,ACC0083,4698.45,INR,UPI,Pune,atm,DEV0633
TXN002442,2026-08-22 09:26:34,ACC0306,ACC0462,746.21,INR,NEFT,Bengaluru,web,DEV0054
TXN006521,2026-08-22 09:28:42,ACC0109,ACC0478,1134.63,INR,UPI,Kochi,web,DEV0831
TXN009152,2026-08-22 09:31:41,ACC0263,ACC0494,382.17,INR,RTGS,Bengaluru,web,DEV0444
TXN009206,2026-08-22 09:32:17,ACC0128,ACC0474,5943.56,INR,NEFT,Pune,branch,DEV0443
TXN009771,2026-08-22 09:32:44,ACC0343,ACC0487,1000.52,INR,IMPS,Mumbai,atm,DEV0353
TXN007694,2026-08-22 09:32:59,ACC0006,ACC0455,1122.66,INR,UPI,Kochi,branch,DEV0345
TXN003247,2026-08-22 09:36:20,ACC0399,ACC0454,1707.23,INR,UPI,Hyderabad,atm,DEV0126
TXN002703,2026-08-22 09:37:20,ACC0272,ACC0474,9201.17,INR,UPI,Bengaluru,branch,DEV0031
TXN006132,2026-08-22 09:37:37,ACC0122,ACC0482,1656.1,INR,UPI,Pune,mobile,DEV0393
TXN007583,2026-08-22 09:40:45,ACC0368,ACC0272,676.23,INR,IMPS,Chennai,branch,DEV0862
TXN002400,2026-08-22 09:42:54,ACC0040,ACC0490,1141.01,INR,IMPS,Chennai,atm,DEV0557
TXN009474,2026-08-22 09:45:39,ACC0429,ACC0479,6266.91,INR,UPI,Hyderabad,atm,DEV0615
TXN009558,2026-08-22 09:46:55,ACC0106,ACC0213,402.78,INR,UPI,Chennai,mobile,DEV0426
TXN005370,2026-08-22 09:51:06,ACC0014,ACC0478,275.24,INR,UPI,Mumbai,mobile,DEV0708
TXN008125,2026-08-22 09:52:29,ACC0293,ACC0493,3468.67,INR,RTGS,Hyderabad,web,DEV0280
TXN008531,2026-08-22 09:53:32,ACC0230,ACC0481,1011.16,INR,RTGS,Kochi,atm,DEV0735
TXN006605,2026-08-22 09:55:06,ACC0234,ACC0469,1580.38,INR,NEFT,Kochi,branch,DEV0600
TXN005066,2026-08-22 10:03:13,ACC0334,ACC0462,1523.92,INR,UPI,Delhi,web,DEV0846
TXN007388,2026-08-22 10:04:56,ACC0245,ACC0051,888.45,INR,UPI,Bengaluru,atm,DEV0149
TXN006076,2026-08-22 10:05:22,ACC0044,ACC0310,2778.19,INR,NEFT,Delhi,atm,DEV0685
TXN007454,2026-08-22 10:06:47,ACC0134,ACC0233,5217.85,INR,RTGS,Pune,branch,DEV0193
TXN001029,2026-08-22 10:09:00,ACC0273,ACC0446,2022.37,INR,RTGS,Pune,mobile,DEV0476
TXN007599,2026-08-22 10:09:16,ACC0420,ACC0499,1535.02,INR,NEFT,Pune,branch,DEV0421
TXN007492,2026-08-22 10:09:37,ACC0165,ACC0482,1625.22,INR,UPI,Pune,branch,DEV0305
TXN004835,2026-08-22 10:16:26,ACC0261,ACC0457,419.02,INR,RTGS,Delhi,mobile,DEV0481
TXN002536,2026-08-22 10:16:44,ACC0416,ACC0480,516.87,INR,UPI,Kochi,atm,DEV0451
TXN009224,2026-08-22 10:16:58,ACC0196,ACC0496,633.72,INR,IMPS,Pune,atm,DEV0589
TXN007828,2026-08-22 10:20:08,ACC0254,ACC0059,772.54,INR,IMPS,Mumbai,branch,DEV0650
TXN003746,2026-08-22 10:26:29,ACC0387,ACC0496,1281.72,INR,UPI,Kolkata,web,DEV0871
TXN008292,2026-08-22 10:34:27,ACC0150,ACC0456,820.11,INR,UPI,Kochi,atm,DEV0006
TXN001997,2026-08-22 10:38:37,ACC0109,ACC0254,2518.48,INR,UPI,Kochi,branch,DEV0840
TXN006921,2026-08-22 10:39:16,ACC0271,ACC0334,490.71,INR,IMPS,Pune,branch,DEV0177
TXN007090,2026-08-22 10:39:59,ACC0246,ACC0470,1180.07,INR,RTGS,Bengaluru,web,DEV0567
TXN007133,2026-08-22 10:42:26,ACC0312,ACC0481,1069.85,INR,RTGS,Hyderabad,web,DEV0480
TXN003431,2026-08-22 10:47:22,ACC0009,ACC0470,1393.73,INR,RTGS,Kochi,branch,DEV0209
TXN000479,2026-08-22 10:47:59,ACC0356,ACC0493,18949.31,INR,UPI,Kochi,branch,DEV0569
TXN009601,2026-08-22 10:48:55,ACC0273,ACC0380,14739.22,INR,RTGS,Chennai,branch,DEV0665
TXN000768,2026-08-22 10:49:29,ACC0355,ACC0344,11721.06,INR,IMPS,Kochi,branch,DEV0012
TXN005341,2026-08-22 10:50:28,ACC0401,ACC0491,359.79,INR,IMPS,Delhi,mobile,DEV0787
TXN003772,2026-08-22 10:51:46,ACC0019,ACC0186,896.61,INR,RTGS,Kochi,web,DEV0057
TXN007718,2026-08-22 10:54:53,ACC0013,ACC0492,12879.65,INR,IMPS,Bengaluru,atm,DEV0155
TXN007370,2026-08-22 10:56:12,ACC0308,ACC0487,1026.4,INR,RTGS,Hyderabad,branch,DEV0528
TXN006943,2026-08-22 10:59:09,ACC0263,ACC0495,3428.64,INR,IMPS,Kolkata,atm,DEV0330
TXN001996,2026-08-22 11:01:36,ACC0073,ACC0466,140.07,INR,NEFT,Hyderabad,branch,DEV0142
TXN000439,2026-08-22 11:05:46,ACC0078,ACC0476,2883.2,INR,NEFT,Pune,web,DEV0587
TXN004529,2026-08-22 11:10:12,ACC0277,ACC0295,1718.02,INR,RTGS,Bengaluru,branch,DEV0587
TXN003099,2026-08-22 11:11:02,ACC0405,ACC0216,13909.78,INR,IMPS,Mumbai,mobile,DEV0004
TXN001542,2026-08-22 11:16:24,ACC0246,ACC0479,114.5,INR,RTGS,Hyderabad,web,DEV0275
TXN009506,2026-08-22 11:26:36,ACC0274,ACC0472,471.81,INR,RTGS,Kolkata,branch,DEV0516
TXN003506,2026-08-22 11:28:13,ACC0449,ACC0457,2504.74,INR,UPI,Kochi,web,DEV0031
TXN004900,2026-08-22 11:28:49,ACC0022,ACC0467,6094.77,INR,RTGS,Bengaluru,mobile,DEV0755
TXN008560,2026-08-22 11:30:19,ACC0163,ACC0459,1473.63,INR,RTGS,Hyderabad,mobile,DEV0410
TXN009244,2026-08-22 11:31:25,ACC0290,ACC0471,6893.59,INR,UPI,Hyderabad,mobile,DEV0110
TXN000693,2026-08-22 11:33:51,ACC0123,ACC0474,3256.67,INR,RTGS,Kolkata,branch,DEV0614
TXN008897,2026-08-22 11:35:46,ACC0198,ACC0457,14717.91,INR,UPI,Chennai,atm,DEV0880
TXN008915,2026-08-22 11:37:13,ACC0218,ACC0481,819.47,INR,RTGS,Pune,mobile,DEV0563
TXN001945,2026-08-22 11:37:58,ACC0303,ACC0308,13951.22,INR,NEFT,Bengaluru,branch,DEV0770
TXN003949,2026-08-22 11:41:02,ACC0240,ACC0491,379.63,INR,UPI,Hyderabad,branch,DEV0872
TXN008014,2026-08-22 11:41:46,ACC0390,ACC0461,826.8,INR,RTGS,Bengaluru,web,DEV0407
TXN007262,2026-08-22 11:41:59,ACC0309,ACC0475,770.22,INR,NEFT,Kochi,atm,DEV0412
TXN007270,2026-08-22 11:42:21,ACC0045,ACC0457,8110.77,INR,UPI,Pune,web,DEV0671
TXN002054,2026-08-22 11:42:28,ACC0083,ACC0496,587.42,INR,NEFT,Chennai,web,DEV0579
TXN002702,2026-08-22 11:44:06,ACC0301,ACC0468,4662.45,INR,RTGS,Bengaluru,atm,DEV0817
TXN000212,2026-08-22 11:45:27,ACC0325,ACC0467,2948.59,INR,RTGS,Pune,atm,DEV0557
TXN005005,2026-08-22 11:46:58,ACC0043,ACC0321,2501.4,INR,UPI,Bengaluru,web,DEV0695
TXN006508,2026-08-22 11:47:05,ACC0080,ACC0499,2191.6,INR,UPI,Mumbai,mobile,DEV0554
TXN007339,2026-08-22 11:52:15,ACC0436,ACC0496,5077.02,INR,IMPS,Kolkata,mobile,DEV0053
TXN003872,2026-08-22 11:56:36,ACC0043,ACC0496,1376.38,INR,NEFT,Mumbai,branch,DEV0065
TXN004050,2026-08-22 11:57:11,ACC0420,ACC0492,2080.92,INR,NEFT,Pune,mobile,DEV0203
TXN001613,2026-08-22 11:58:53,ACC0076,ACC0477,1904.96,INR,NEFT,Mumbai,mobile,DEV0547
TXN006586,2026-08-22 12:02:20,ACC0447,ACC0474,4996.15,INR,RTGS,Kolkata,branch,DEV0557
TXN002632,2026-08-22 12:03:52,ACC0296,ACC0483,4839.54,INR,NEFT,Hyderabad,mobile,DEV0899
TXN004024,2026-08-22 12:04:01,ACC0021,ACC0468,4029.59,INR,UPI,Bengaluru,mobile,DEV0374
TXN007833,2026-08-22 12:05:27,ACC0077,ACC0422,3681.5,INR,NEFT,Hyderabad,atm,DEV0091
TXN008781,2026-08-22 12:05:52,ACC0092,ACC0486,1514.42,INR,IMPS,Mumbai,atm,DEV0416
TXN008288,2026-08-22 12:06:42,ACC0440,ACC0476,926.5,INR,UPI,Hyderabad,branch,DEV0699
TXN000408,2026-08-22 12:07:15,ACC0185,ACC0443,2371.56,INR,NEFT,Hyderabad,mobile,DEV0406
TXN004989,2026-08-22 12:11:31,ACC0376,ACC0459,5076.84,INR,NEFT,Delhi,branch,DEV0463
TXN008238,2026-08-22 12:14:44,ACC0388,ACC0202,3719.97,INR,RTGS,Kolkata,web,DEV0044
TXN000969,2026-08-22 12:16:30,ACC0301,ACC0465,3024.1,INR,NEFT,Mumbai,web,DEV0004
TXN008062,2026-08-22 12:18:35,ACC0419,ACC0486,2239.03,INR,RTGS,Bengaluru,atm,DEV0063
TXN007467,2026-08-22 12:20:42,ACC0263,ACC0474,753.29,INR,RTGS,Kochi,atm,DEV0249
TXN002090,2026-08-22 12:21:13,ACC0202,ACC0471,2400.21,INR,RTGS,Delhi,branch,DEV0766
TXN007564,2026-08-22 12:25:15,ACC0338,ACC0456,342.71,INR,RTGS,Delhi,atm,DEV0006
TXN000361,2026-08-22 12:26:51,ACC0309,ACC0061,1139.87,INR,RTGS,Kochi,web,DEV0605
TXN003030,2026-08-22 12:27:05,ACC0286,ACC0460,4814.63,INR,IMPS,Pune,branch,DEV0345
TXN000885,2026-08-22 12:29:52,ACC0254,ACC0451,1071.33,INR,IMPS,Bengaluru,branch,DEV0779
TXN003830,2026-08-22 12:30:47,ACC0208,ACC0125,4463.97,INR,UPI,Hyderabad,branch,DEV0227
TXN000357,2026-08-22 12:33:58,ACC0136,ACC0453,4019.23,INR,RTGS,Chennai,mobile,DEV0665
TXN003883,2026-08-22 12:37:01,ACC0255,ACC0472,3892.38,INR,IMPS,Bengaluru,web,DEV0764
TXN002490,2026-08-22 12:44:27,ACC0450,ACC0463,1377.43,INR,UPI,Bengaluru,web,DEV0498
TXN000605,2026-08-22 12:45:24,ACC0166,ACC0204,7263.51,INR,IMPS,Mumbai,mobile,DEV0571
TXN009567,2026-08-22 12:53:17,ACC0194,ACC0208,3268.41,INR,UPI,Mumbai,branch,DEV0788
TXN002649,2026-08-22 12:53:43,ACC0079,ACC0456,318.14,INR,RTGS,Mumbai,web,DEV0215
TXN006838,2026-08-22 12:57:36,ACC0377,ACC0473,2687.78,INR,IMPS,Pune,mobile,DEV0275
TXN009401,2026-08-22 12:58:10,ACC0238,ACC0484,204.49,INR,NEFT,Delhi,web,DEV0456
TXN003312,2026-08-22 13:01:21,ACC0017,ACC0500,883.64,INR,RTGS,Mumbai,mobile,DEV0532
TXN008413,2026-08-22 13:02:36,ACC0445,ACC0455,220.32,INR,UPI,Hyderabad,atm,DEV0180
TXN004425,2026-08-22 13:02:39,ACC0029,ACC0112,3194.84,INR,NEFT,Kochi,mobile,DEV0498
TXN003879,2026-08-22 13:03:48,ACC0449,ACC0459,3909.64,INR,IMPS,Mumbai,web,DEV0061
TXN009930,2026-08-22 13:03:52,ACC0312,ACC0185,3563.09,INR,NEFT,Kochi,mobile,DEV0790
TXN003678,2026-08-22 13:05:05,ACC0146,ACC0482,1724.5,INR,IMPS,Bengaluru,atm,DEV0352
TXN003665,2026-08-22 13:09:16,ACC0065,ACC0472,372.99,INR,RTGS,Kochi,web,DEV0625
TXN008910,2026-08-22 13:09:37,ACC0449,ACC0463,12456.24,INR,UPI,Kochi,mobile,DEV0868
TXN009058,2026-08-22 13:12:12,ACC0053,ACC0496,2008.68,INR,UPI,Kochi,atm,DEV0874
TXN005026,2026-08-22 13:14:58,ACC0381,ACC0479,271.37,INR,UPI,Chennai,mobile,DEV0319
TXN009950,2026-08-22 13:16:29,ACC0207,ACC0457,1722.23,INR,UPI,Kolkata,atm,DEV0635
TXN005594,2026-08-22 13:21:50,ACC0343,ACC0467,10609.01,INR,IMPS,Kochi,web,DEV0668
TXN009911,2026-08-22 13:25:32,ACC0236,ACC0063,515.09,INR,UPI,Chennai,web,DEV0868
TXN007710,2026-08-22 13:28:06,ACC0354,ACC0485,1602.09,INR,IMPS,Kolkata,atm,DEV0314
TXN006283,2026-08-22 13:32:27,ACC0207,ACC0451,1657.16,INR,RTGS,Chennai,atm,DEV0804
TXN008782,2026-08-22 13:33:10,ACC0163,ACC0454,1481.25,INR,IMPS,Kolkata,mobile,DEV0780
TXN006142,2026-08-22 13:33:47,ACC0447,ACC0461,928.61,INR,IMPS,Kochi,branch,DEV0716
TXN001079,2026-08-22 13:35:33,ACC0168,ACC0499,11258.79,INR,NEFT,Mumbai,branch,DEV0874
TXN006416,2026-08-22 13:36:08,ACC0269,ACC0494,739.14,INR,NEFT,Hyderabad,web,DEV0500
TXN006321,2026-08-22 13:38:30,ACC0125,ACC0485,1721.28,INR,IMPS,Chennai,web,DEV0641
TXN003527,2026-08-22 13:46:09,ACC0131,ACC0457,4501.01,INR,IMPS,Kochi,mobile,DEV0633
TXN009358,2026-08-22 13:47:13,ACC0143,ACC0464,3256.45,INR,NEFT,Delhi,branch,DEV0015
TXN008437,2026-08-22 13:47:31,ACC0336,ACC0476,2557.31,INR,NEFT,Bengaluru,mobile,DEV0008
TXN009003,2026-08-22 13:48:30,ACC0303,ACC0465,2514.56,INR,NEFT,Pune,web,DEV0798
TXN003705,2026-08-22 13:48:50,ACC0383,ACC0084,549.7,INR,UPI,Kochi,branch,DEV0457
TXN004666,2026-08-22 13:50:08,ACC0043,ACC0484,2366.93,INR,NEFT,Kochi,branch,DEV0600
TXN000944,2026-08-22 13:50:41,ACC0316,ACC0468,7285.05,INR,UPI,Hyderabad,branch,DEV0857
TXN009789,2026-08-22 13:50:56,ACC0092,ACC0455,1693.1,INR,UPI,Bengaluru,mobile,DEV0180
TXN002725,2026-08-22 13:51:21,ACC0437,ACC0469,1147.13,INR,RTGS,Kochi,atm,DEV0370
TXN007488,2026-08-22 13:55:07,ACC0064,ACC0470,11887.31,INR,NEFT,Bengaluru,branch,DEV0546
TXN002868,2026-08-22 14:00:52,ACC0257,ACC0457,2857.57,INR,IMPS,Mumbai,branch,DEV0755
TXN002214,2026-08-22 14:01:05,ACC0279,ACC0493,3344.81,INR,NEFT,Kochi,atm,DEV0177
TXN009026,2026-08-22 14:02:32,ACC0009,ACC0468,3742.83,INR,NEFT,Kochi,web,DEV0516
TXN008190,2026-08-22 14:04:53,ACC0379,ACC0457,3202.76,INR,RTGS,Kolkata,mobile,DEV0802
TXN001138,2026-08-22 14:06:10,ACC0032,ACC0031,417.2,INR,IMPS,Chennai,branch,DEV0880
TXN009478,2026-08-22 14:06:27,ACC0334,ACC0479,4868.95,INR,NEFT,Hyderabad,web,DEV0881
TXN003155,2026-08-22 14:08:45,ACC0371,ACC0408,960.69,INR,RTGS,Kochi,atm,DEV0171
TXN009368,2026-08-22 14:08:49,ACC0126,ACC0486,2273.71,INR,RTGS,Kochi,branch,DEV0024
TXN002412,2026-08-22 14:09:03,ACC0231,ACC0452,2210.35,INR,NEFT,Kochi,atm,DEV0526
TXN000568,2026-08-22 14:11:00,ACC0439,ACC0481,434.46,INR,UPI,Mumbai,web,DEV0405
TXN002651,2026-08-22 14:11:30,ACC0219,ACC0360,468.53,INR,RTGS,Chennai,web,DEV0154
TXN009670,2026-08-22 14:14:25,ACC0213,ACC0492,5216.41,INR,IMPS,Kochi,mobile,DEV0289
TXN001540,2026-08-22 14:15:41,ACC0352,ACC0497,2022.04,INR,RTGS,Hyderabad,atm,DEV0824
TXN000482,2026-08-22 14:19:36,ACC0296,ACC0464,9259.55,INR,RTGS,Kolkata,mobile,DEV0597
TXN004993,2026-08-22 14:19:59,ACC0436,ACC0452,592.56,INR,UPI,Mumbai,web,DEV0098
TXN001373,2026-08-22 14:21:34,ACC0207,ACC0370,2669.16,INR,UPI,Mumbai,atm,DEV0387
TXN006369,2026-08-22 14:26:47,ACC0167,ACC0270,3289.48,INR,RTGS,Mumbai,mobile,DEV0296
TXN001391,2026-08-22 14:28:44,ACC0371,ACC0457,4139.23,INR,UPI,Kolkata,mobile,DEV0823
TXN005779,2026-08-22 14:33:27,ACC0345,ACC0465,635.97,INR,NEFT,Delhi,web,DEV0845
TXN002688,2026-08-22 14:33:52,ACC0015,ACC0498,1483.0,INR,IMPS,Chennai,atm,DEV0203
TXN006539,2026-08-22 14:36:14,ACC0279,ACC0381,360.74,INR,IMPS,Kochi,mobile,DEV0453
TXN006903,2026-08-22 14:36:38,ACC0283,ACC0173,719.49,INR,NEFT,Kochi,branch,DEV0592
TXN009139,2026-08-22 14:36:44,ACC0019,ACC0495,4328.06,INR,IMPS,Delhi,branch,DEV0477
TXN006376,2026-08-22 14:38:27,ACC0443,ACC0467,528.35,INR,IMPS,Pune,mobile,DEV0462
TXN007503,2026-08-22 14:39:16,ACC0039,ACC0454,1979.2,INR,RTGS,Mumbai,web,DEV0092
TXN004110,2026-08-22 14:39:22,ACC0002,ACC0400,8342.84,INR,RTGS,Mumbai,atm,DEV0573
TXN005159,2026-08-22 14:40:11,ACC0436,ACC0491,481.02,INR,IMPS,Kolkata,branch,DEV0364
TXN006886,2026-08-22 14:41:25,ACC0155,ACC0459,1062.53,INR,NEFT,Delhi,mobile,DEV0051
TXN009404,2026-08-22 14:42:09,ACC0397,ACC0468,13131.9,INR,NEFT,Kochi,atm,DEV0314
TXN002896,2026-08-22 14:43:49,ACC0169,ACC0475,1395.32,INR,IMPS,Kochi,atm,DEV0576
TXN004932,2026-08-22 14:47:33,ACC0186,ACC0452,905.4,INR,IMPS,Delhi,web,DEV0551
TXN007609,2026-08-22 14:48:08,ACC0082,ACC0474,953.25,INR,IMPS,Delhi,branch,DEV0585
TXN001428,2026-08-22 14:48:24,ACC0027,ACC0452,906.38,INR,RTGS,Chennai,mobile,DEV0690
TXN006749,2026-08-22 14:49:41,ACC0128,ACC0470,1737.14,INR,IMPS,Chennai,atm,DEV0526
TXN008553,2026-08-22 14:50:09,ACC0129,ACC0494,996.7,INR,RTGS,Chennai,mobile,DEV0501
TXN008161,2026-08-22 14:51:46,ACC0007,ACC0500,381.21,INR,UPI,Pune,branch,DEV0030
TXN004785,2026-08-22 14:54:20,ACC0297,ACC0492,367.72,INR,UPI,Kolkata,branch,DEV0894
TXN005457,2026-08-22 14:54:58,ACC0416,ACC0480,1982.23,INR,IMPS,Mumbai,branch,DEV0684
TXN000821,2026-08-22 14:59:16,ACC0054,ACC0482,12469.7,INR,UPI,Chennai,web,DEV0797
TXN002600,2026-08-22 15:02:01,ACC0371,ACC0467,1845.8,INR,NEFT,Pune,atm,DEV0739
TXN001311,2026-08-22 15:05:21,ACC0280,ACC0451,3085.52,INR,IMPS,Hyderabad,atm,DEV0166
TXN004830,2026-08-22 15:07:49,ACC0067,ACC0469,1118.26,INR,NEFT,Kolkata,mobile,DEV0857
TXN001264,2026-08-22 15:10:50,ACC0361,ACC0495,1297.73,INR,IMPS,Pune,branch,DEV0255
TXN001644,2026-08-22 15:14:36,ACC0030,ACC0469,5304.4,INR,IMPS,Pune,mobile,DEV0322
TXN004019,2026-08-22 15:18:18,ACC0223,ACC0491,553.69,INR,NEFT,Chennai,atm,DEV0675
TXN009832,2026-08-22 15:18:57,ACC0396,ACC0487,1040.19,INR,UPI,Chennai,branch,DEV0512
TXN004305,2026-08-22 15:19:24,ACC0262,ACC0274,1896.1,INR,UPI,Hyderabad,web,DEV0085
TXN000513,2026-08-22 15:20:07,ACC0173,ACC0378,17084.67,INR,NEFT,Kolkata,mobile,DEV0124
TXN002229,2026-08-22 15:22:59,ACC0220,ACC0275,3946.93,INR,IMPS,Bengaluru,branch,DEV0576
TXN008231,2026-08-22 15:26:38,ACC0163,ACC0307,743.42,INR,IMPS,Mumbai,web,DEV0600
TXN001275,2026-08-22 15:35:34,ACC0236,ACC0482,1368.37,INR,IMPS,Pune,branch,DEV0537
TXN001021,2026-08-22 15:44:13,ACC0177,ACC0486,13744.86,INR,UPI,Pune,web,DEV0326
TXN009524,2026-08-22 15:45:10,ACC0166,ACC0496,1320.25,INR,NEFT,Chennai,branch,DEV0446
TXN001678,2026-08-22 15:50:29,ACC0035,ACC0063,411.22,INR,RTGS,Pune,web,DEV0795
TXN007852,2026-08-22 15:50:42,ACC0057,ACC0446,2058.46,INR,RTGS,Kolkata,branch,DEV0639
TXN004593,2026-08-22 15:51:11,ACC0346,ACC0464,1038.12,INR,IMPS,Mumbai,atm,DEV0239
TXN004106,2026-08-22 15:59:12,ACC0260,ACC0016,14733.34,INR,RTGS,Bengaluru,web,DEV0649
TXN007654,2026-08-22 15:59:15,ACC0373,ACC0251,2057.31,INR,NEFT,Mumbai,web,DEV0857
TXN001167,2026-08-22 15:59:33,ACC0173,ACC0461,169.64,INR,UPI,Bengaluru,atm,DEV0582
TXN006905,2026-08-22 16:05:03,ACC0002,ACC0499,1354.39,INR,UPI,Pune,web,DEV0784
TXN007079,2026-08-22 16:05:53,ACC0140,ACC0009,2214.35,INR,IMPS,Pune,web,DEV0228
TXN006193,2026-08-22 16:05:56,ACC0036,ACC0480,686.01,INR,IMPS,Pune,mobile,DEV0262
TXN004860,2026-08-22 16:06:24,ACC0176,ACC0106,865.42,INR,UPI,Mumbai,atm,DEV0825
TXN004578,2026-08-22 16:07:38,ACC0088,ACC0477,1873.12,INR,IMPS,Mumbai,branch,DEV0123
TXN007548,2026-08-22 16:07:52,ACC0037,ACC0389,5064.21,INR,UPI,Bengaluru,web,DEV0071
TXN007974,2026-08-22 16:08:01,ACC0382,ACC0369,6251.25,INR,NEFT,Kolkata,mobile,DEV0877
TXN004882,2026-08-22 16:12:02,ACC0090,ACC0490,803.12,INR,IMPS,Chennai,web,DEV0803
TXN007354,2026-08-22 16:14:09,ACC0330,ACC0466,3174.46,INR,UPI,Hyderabad,mobile,DEV0797
TXN004380,2026-08-22 16:16:15,ACC0027,ACC0469,2124.88,INR,RTGS,Kolkata,web,DEV0816
TXN008149,2026-08-22 16:17:10,ACC0127,ACC0481,4219.69,INR,NEFT,Kolkata,mobile,DEV0450
TXN007362,2026-08-22 16:21:50,ACC0072,ACC0181,3481.58,INR,NEFT,Delhi,atm,DEV0442
TXN005430,2026-08-22 16:21:59,ACC0321,ACC0458,1727.0,INR,UPI,Kolkata,web,DEV0784
TXN000763,2026-08-22 16:22:48,ACC0281,ACC0478,1311.77,INR,IMPS,Hyderabad,web,DEV0718
TXN009237,2026-08-22 16:24:35,ACC0422,ACC0481,6980.38,INR,UPI,Kochi,web,DEV0327
TXN009944,2026-08-22 16:26:40,ACC0298,ACC0498,1153.31,INR,RTGS,Hyderabad,mobile,DEV0801
TXN007310,2026-08-22 16:30:02,ACC0115,ACC0482,735.78,INR,UPI,Bengaluru,atm,DEV0094
TXN007457,2026-08-22 16:31:02,ACC0161,ACC0485,902.45,INR,RTGS,Hyderabad,mobile,DEV0230
TXN006859,2026-08-22 16:32:19,ACC0114,ACC0494,2031.55,INR,NEFT,Hyderabad,branch,DEV0387
TXN006225,2026-08-22 16:35:48,ACC0121,ACC0373,4700.12,INR,IMPS,Kochi,web,DEV0423
TXN004864,2026-08-22 16:36:27,ACC0287,ACC0471,257.64,INR,IMPS,Delhi,web,DEV0798
TXN009161,2026-08-22 16:37:44,ACC0415,ACC0458,1260.28,INR,RTGS,Pune,atm,DEV0487
TXN006782,2026-08-22 16:37:52,ACC0302,ACC0467,1351.61,INR,NEFT,Pune,branch,DEV0538
TXN005178,2026-08-22 16:43:52,ACC0321,ACC0368,1155.29,INR,NEFT,Kochi,web,DEV0262
TXN009815,2026-08-22 16:44:00,ACC0012,ACC0467,2061.16,INR,NEFT,Kolkata,web,DEV0832
TXN002943,2026-08-22 16:46:30,ACC0167,ACC0355,5497.55,INR,RTGS,Hyderabad,web,DEV0076
TXN009703,2026-08-22 16:48:06,ACC0370,ACC0308,4074.11,INR,IMPS,Hyderabad,branch,DEV0239
TXN006895,2026-08-22 16:48:58,ACC0149,ACC0474,3466.39,INR,NEFT,Mumbai,mobile,DEV0613
TXN005460,2026-08-22 16:49:02,ACC0275,ACC0494,779.08,INR,RTGS,Kochi,atm,DEV0608
TXN005232,2026-08-22 16:52:23,ACC0160,ACC0458,354.39,INR,UPI,Pune,web,DEV0090
TXN004626,2026-08-22 16:56:04,ACC0100,ACC0479,1224.78,INR,IMPS,Delhi,atm,DEV0734
TXN008561,2026-08-22 16:56:15,ACC0071,ACC0459,806.37,INR,IMPS,Kolkata,atm,DEV0740
TXN004836,2026-08-22 16:56:45,ACC0362,ACC0083,741.54,INR,UPI,Hyderabad,branch,DEV0893
TXN004289,2026-08-22 16:56:48,ACC0323,ACC0007,2916.29,INR,RTGS,Pune,web,DEV0252
TXN000379,2026-08-22 16:57:37,ACC0174,ACC0235,6116.71,INR,IMPS,Mumbai,atm,DEV0649
TXN007758,2026-08-22 16:58:52,ACC0323,ACC0462,3896.26,INR,NEFT,Mumbai,mobile,DEV0008
TXN004913,2026-08-22 16:59:52,ACC0225,ACC0374,511.25,INR,RTGS,Pune,atm,DEV0461
TXN009211,2026-08-22 17:04:55,ACC0220,ACC0463,12778.43,INR,UPI,Hyderabad,web,DEV0751
TXN000544,2026-08-22 17:07:19,ACC0246,ACC0072,719.69,INR,IMPS,Chennai,web,DEV0598
TXN005231,2026-08-22 17:09:16,ACC0137,ACC0499,2781.0,INR,RTGS,Hyderabad,web,DEV0319
TXN009049,2026-08-22 17:10:15,ACC0122,ACC0459,2232.59,INR,RTGS,Pune,branch,DEV0413
TXN000299,2026-08-22 17:11:18,ACC0154,ACC0431,151.96,INR,NEFT,Kolkata,mobile,DEV0228
TXN003958,2026-08-22 17:13:21,ACC0125,ACC0028,1158.09,INR,UPI,Mumbai,mobile,DEV0038
TXN003759,2026-08-22 17:18:16,ACC0333,ACC0486,3398.59,INR,RTGS,Delhi,mobile,DEV0861
TXN005314,2026-08-22 17:19:59,ACC0198,ACC0261,808.75,INR,UPI,Pune,branch,DEV0034
TXN006787,2026-08-22 17:21:32,ACC0063,ACC0465,2468.93,INR,UPI,Kolkata,branch,DEV0103
TXN005931,2026-08-22 17:24:10,ACC0041,ACC0469,3035.14,INR,RTGS,Bengaluru,web,DEV0653
TXN005638,2026-08-22 17:27:52,ACC0066,ACC0481,16434.89,INR,NEFT,Pune,mobile,DEV0826
TXN001991,2026-08-22 17:29:25,ACC0311,ACC0491,1788.61,INR,RTGS,Chennai,web,DEV0249
TXN005871,2026-08-22 17:29:30,ACC0055,ACC0490,801.79,INR,NEFT,Kochi,mobile,DEV0747
TXN001617,2026-08-22 17:31:25,ACC0362,ACC0435,3872.69,INR,IMPS,Kochi,branch,DEV0816
TXN006128,2026-08-22 17:32:37,ACC0105,ACC0486,16327.6,INR,RTGS,Hyderabad,mobile,DEV0711
TXN000042,2026-08-22 17:35:38,ACC0063,ACC0480,399.94,INR,RTGS,Pune,atm,DEV0163
TXN004588,2026-08-22 17:40:19,ACC0271,ACC0494,7439.93,INR,UPI,Kochi,web,DEV0052
TXN004839,2026-08-22 17:41:32,ACC0073,ACC0490,1068.63,INR,UPI,Delhi,mobile,DEV0367
TXN002488,2026-08-22 17:42:23,ACC0433,ACC0344,924.8,INR,UPI,Kochi,atm,DEV0075
TXN004694,2026-08-22 17:44:14,ACC0434,ACC0340,656.96,INR,NEFT,Delhi,web,DEV0738
TXN000781,2026-08-22 17:45:09,ACC0304,ACC0451,2314.19,INR,IMPS,Chennai,branch,DEV0725
TXN006750,2026-08-22 17:46:50,ACC0274,ACC0263,838.21,INR,RTGS,Kochi,atm,DEV0555
TXN002800,2026-08-22 17:48:11,ACC0035,ACC0270,1902.73,INR,NEFT,Hyderabad,branch,DEV0375
TXN002608,2026-08-22 17:53:44,ACC0100,ACC0495,1152.13,INR,UPI,Hyderabad,branch,DEV0426
TXN001339,2026-08-22 17:54:39,ACC0130,ACC0388,10490.47,INR,NEFT,Kochi,mobile,DEV0153
TXN005290,2026-08-22 17:56:45,ACC0380,ACC0460,334.29,INR,RTGS,Pune,mobile,DEV0058
TXN004278,2026-08-22 17:57:18,ACC0367,ACC0452,335.47,INR,RTGS,Kolkata,branch,DEV0584
TXN009430,2026-08-22 17:59:05,ACC0115,ACC0474,1701.16,INR,NEFT,Kolkata,branch,DEV0206
TXN006753,2026-08-22 18:01:10,ACC0004,ACC0109,2129.9,INR,IMPS,Delhi,branch,DEV0624
TXN000431,2026-08-22 18:05:07,ACC0137,ACC0166,2870.46,INR,IMPS,Bengaluru,branch,DEV0353
TXN003622,2026-08-22 18:06:10,ACC0402,ACC0484,2367.14,INR,IMPS,Hyderabad,atm,DEV0644
TXN001614,2026-08-22 18:06:47,ACC0377,ACC0489,2418.91,INR,NEFT,Hyderabad,mobile,DEV0674
TXN004100,2026-08-22 18:12:52,ACC0234,ACC0478,3961.95,INR,RTGS,Hyderabad,branch,DEV0250
TXN008807,2026-08-22 18:13:41,ACC0124,ACC0472,5772.28,INR,NEFT,Kolkata,branch,DEV0448
TXN001955,2026-08-22 18:20:54,ACC0038,ACC0481,1363.55,INR,RTGS,Kochi,atm,DEV0202
TXN003452,2026-08-22 18:24:07,ACC0162,ACC0451,2629.89,INR,RTGS,Bengaluru,mobile,DEV0510
TXN000657,2026-08-22 18:26:24,ACC0373,ACC0490,710.58,INR,UPI,Kochi,branch,DEV0662
TXN007857,2026-08-22 18:28:02,ACC0101,ACC0451,8339.87,INR,UPI,Delhi,mobile,DEV0783
TXN001049,2026-08-22 18:28:15,ACC0296,ACC0466,1636.73,INR,IMPS,Delhi,web,DEV0474
TXN005962,2026-08-22 18:33:33,ACC0197,ACC0483,717.89,INR,UPI,Kochi,branch,DEV0007
TXN007769,2026-08-22 18:35:31,ACC0168,ACC0490,707.81,INR,NEFT,Kolkata,atm,DEV0172
TXN009773,2026-08-22 18:36:43,ACC0052,ACC0091,328.25,INR,IMPS,Pune,mobile,DEV0417
TXN007579,2026-08-22 18:37:58,ACC0398,ACC0309,4427.14,INR,RTGS,Chennai,atm,DEV0120
TXN007207,2026-08-22 18:40:05,ACC0348,ACC0283,255.74,INR,UPI,Delhi,mobile,DEV0176
TXN003585,2026-08-22 18:40:22,ACC0002,ACC0475,11950.72,INR,UPI,Delhi,branch,DEV0431
TXN002782,2026-08-22 18:40:34,ACC0222,ACC0465,5434.65,INR,UPI,Kochi,branch,DEV0146
TXN000867,2026-08-22 18:40:38,ACC0153,ACC0462,3492.76,INR,IMPS,Kolkata,atm,DEV0629
TXN003176,2026-08-22 18:41:34,ACC0256,ACC0481,3758.1,INR,RTGS,Pune,mobile,DEV0481
TXN005221,2026-08-22 18:47:49,ACC0424,ACC0109,798.56,INR,UPI,Pune,branch,DEV0396
TXN001168,2026-08-22 18:49:09,ACC0342,ACC0498,3063.23,INR,NEFT,Delhi,atm,DEV0325
TXN003701,2026-08-22 18:49:36,ACC0256,ACC0470,375.34,INR,RTGS,Chennai,mobile,DEV0360
TXN001710,2026-08-22 18:49:39,ACC0432,ACC0088,363.48,INR,RTGS,Delhi,atm,DEV0775
TXN000599,2026-08-22 18:52:20,ACC0377,ACC0462,3312.19,INR,RTGS,Kolkata,web,DEV0403
TXN009387,2026-08-22 18:52:55,ACC0259,ACC0497,1908.76,INR,UPI,Hyderabad,branch,DEV0897
TXN007886,2026-08-22 18:53:59,ACC0400,ACC0491,6200.55,INR,IMPS,Pune,branch,DEV0747
TXN004897,2026-08-22 18:54:34,ACC0121,ACC0359,344.2,INR,UPI,Chennai,atm,DEV0183
TXN005169,2026-08-22 18:54:47,ACC0127,ACC0249,1604.1,INR,IMPS,Mumbai,branch,DEV0650
TXN007211,2026-08-22 18:54:58,ACC0358,ACC0460,12400.87,INR,IMPS,Hyderabad,mobile,DEV0416
TXN007190,2026-08-22 18:58:29,ACC0054,ACC0041,10140.11,INR,UPI,Delhi,web,DEV0064
TXN009324,2026-08-22 18:59:34,ACC0214,ACC0483,336.42,INR,UPI,Kochi,branch,DEV0110
TXN005811,2026-08-22 19:01:11,ACC0401,ACC0397,12245.69,INR,RTGS,Kochi,atm,DEV0311
TXN009153,2026-08-22 19:04:23,ACC0383,ACC0486,224.53,INR,IMPS,Kochi,web,DEV0562
TXN006684,2026-08-22 19:04:51,ACC0240,ACC0481,2163.39,INR,IMPS,Kochi,web,DEV0751
TXN006104,2026-08-22 19:06:39,ACC0035,ACC0493,2056.02,INR,NEFT,Kochi,web,DEV0230
TXN001971,2026-08-22 19:10:09,ACC0152,ACC0409,638.36,INR,IMPS,Hyderabad,branch,DEV0492
TXN008758,2026-08-22 19:17:18,ACC0209,ACC0481,2890.28,INR,RTGS,Mumbai,atm,DEV0283
TXN003953,2026-08-22 19:20:28,ACC0443,ACC0499,1102.34,INR,NEFT,Kolkata,branch,DEV0839
TXN003417,2026-08-22 19:22:57,ACC0154,ACC0489,2584.7,INR,UPI,Bengaluru,mobile,DEV0819
TXN005570,2026-08-22 19:23:53,ACC0421,ACC0480,6378.15,INR,RTGS,Hyderabad,mobile,DEV0271
TXN009737,2026-08-22 19:28:27,ACC0356,ACC0458,10995.42,INR,RTGS,Mumbai,web,DEV0536
TXN003310,2026-08-22 19:28:54,ACC0140,ACC0104,1486.51,INR,UPI,Pune,atm,DEV0547
TXN000961,2026-08-22 19:29:24,ACC0004,ACC0474,1084.0,INR,IMPS,Mumbai,web,DEV0305
TXN006055,2026-08-22 19:30:30,ACC0125,ACC0463,644.89,INR,IMPS,Delhi,mobile,DEV0453
TXN000383,2026-08-22 19:31:39,ACC0055,ACC0456,1147.05,INR,IMPS,Kochi,web,DEV0783
TXN003459,2026-08-22 19:32:47,ACC0221,ACC0473,3060.15,INR,RTGS,Hyderabad,branch,DEV0264
TXN001725,2026-08-22 19:32:51,ACC0006,ACC0086,1337.98,INR,NEFT,Mumbai,mobile,DEV0168
TXN002784,2026-08-22 19:34:18,ACC0092,ACC0463,1152.84,INR,UPI,Kolkata,web,DEV0046
TXN002224,2026-08-22 19:38:22,ACC0387,ACC0206,728.97,INR,NEFT,Bengaluru,atm,DEV0620
TXN000261,2026-08-22 19:41:05,ACC0102,ACC0191,2017.47,INR,UPI,Chennai,mobile,DEV0203
TXN006137,2026-08-22 19:41:57,ACC0063,ACC0455,8978.96,INR,NEFT,Mumbai,web,DEV0155
TXN001495,2026-08-22 19:42:01,ACC0046,ACC0461,3384.8,INR,IMPS,Mumbai,mobile,DEV0241
TXN003917,2026-08-22 19:47:14,ACC0313,ACC0373,158.61,INR,RTGS,Mumbai,mobile,DEV0371
TXN009398,2026-08-22 19:48:48,ACC0403,ACC0478,1754.96,INR,NEFT,Kolkata,web,DEV0583
TXN005071,2026-08-22 19:53:58,ACC0419,ACC0453,3797.98,INR,UPI,Mumbai,branch,DEV0679
TXN007785,2026-08-22 19:54:58,ACC0246,ACC0500,2965.79,INR,NEFT,Kolkata,web,DEV0179
TXN002885,2026-08-22 19:56:15,ACC0301,ACC0451,2048.53,INR,NEFT,Mumbai,web,DEV0541
TXN002544,2026-08-22 19:56:58,ACC0294,ACC0499,4012.87,INR,RTGS,Kochi,web,DEV0202
TXN001295,2026-08-22 19:58:52,ACC0017,ACC0474,5064.94,INR,UPI,Chennai,web,DEV0318
TXN004652,2026-08-22 20:01:42,ACC0090,ACC0170,4004.9,INR,IMPS,Pune,web,DEV0148
TXN006130,2026-08-22 20:02:42,ACC0110,ACC0463,6313.32,INR,UPI,Chennai,web,DEV0795
TXN004022,2026-08-22 20:03:28,ACC0300,ACC0454,755.9,INR,UPI,Hyderabad,web,DEV0032
TXN002454,2026-08-22 20:04:03,ACC0272,ACC0459,4235.34,INR,RTGS,Delhi,atm,DEV0328
TXN001558,2026-08-22 20:08:31,ACC0234,ACC0456,624.05,INR,UPI,Mumbai,web,DEV0288
TXN004748,2026-08-22 20:09:42,ACC0440,ACC0487,1210.23,INR,NEFT,Delhi,atm,DEV0370
TXN002562,2026-08-22 20:10:31,ACC0425,ACC0478,2378.6,INR,NEFT,Pune,branch,DEV0068
TXN004817,2026-08-22 20:12:47,ACC0198,ACC0464,1214.82,INR,RTGS,Delhi,mobile,DEV0068
TXN004488,2026-08-22 20:14:58,ACC0050,ACC0500,957.53,INR,IMPS,Pune,atm,DEV0857
TXN004012,2026-08-22 20:16:57,ACC0350,ACC0491,5242.34,INR,UPI,Kolkata,branch,DEV0757
TXN004211,2026-08-22 20:18:14,ACC0333,ACC0463,378.77,INR,UPI,Mumbai,atm,DEV0236
TXN007641,2026-08-22 20:19:04,ACC0286,ACC0283,5832.8,INR,UPI,Mumbai,atm,DEV0884
TXN005690,2026-08-22 20:19:30,ACC0118,ACC0497,339.58,INR,UPI,Kochi,web,DEV0365
TXN006245,2026-08-22 20:24:55,ACC0176,ACC0464,655.45,INR,IMPS,Pune,web,DEV0440
TXN005557,2026-08-22 20:27:19,ACC0243,ACC0175,2426.39,INR,UPI,Kochi,web,DEV0596
TXN007514,2026-08-22 20:28:47,ACC0230,ACC0498,72.0,INR,UPI,Chennai,mobile,DEV0251
TXN002796,2026-08-22 20:33:05,ACC0319,ACC0444,1656.12,INR,UPI,Pune,web,DEV0883
TXN006122,2026-08-22 20:34:59,ACC0091,ACC0499,850.74,INR,UPI,Hyderabad,atm,DEV0648
TXN008478,2026-08-22 20:35:15,ACC0063,ACC0498,1820.33,INR,RTGS,Bengaluru,mobile,DEV0544
TXN001759,2026-08-22 20:36:40,ACC0012,ACC0317,1281.64,INR,IMPS,Kolkata,web,DEV0574
TXN004620,2026-08-22 20:40:33,ACC0259,ACC0499,2866.79,INR,UPI,Hyderabad,web,DEV0287
TXN004131,2026-08-22 20:48:44,ACC0138,ACC0460,1780.36,INR,UPI,Bengaluru,web,DEV0125
TXN005367,2026-08-22 20:50:19,ACC0253,ACC0486,1234.31,INR,NEFT,Delhi,web,DEV0176
TXN000122,2026-08-22 20:53:47,ACC0406,ACC0459,1662.9,INR,IMPS,Delhi,web,DEV0350
TXN009654,2026-08-22 20:54:25,ACC0372,ACC0496,928.39,INR,IMPS,Mumbai,atm,DEV0567
TXN006298,2026-08-23 09:04:39,ACC0380,ACC0346,12558.87,INR,UPI,Hyderabad,web,DEV0733
TXN009251,2026-08-23 09:10:27,ACC0210,ACC0460,6141.38,INR,NEFT,Kolkata,web,DEV0676
TXN002428,2026-08-23 09:12:02,ACC0253,ACC0482,912.46,INR,UPI,Hyderabad,mobile,DEV0133
TXN002593,2026-08-23 09:12:08,ACC0231,ACC0489,1577.24,INR,RTGS,Kolkata,mobile,DEV0600
TXN004971,2026-08-23 09:17:48,ACC0433,ACC0458,940.19,INR,IMPS,Chennai,mobile,DEV0838
TXN000830,2026-08-23 09:18:07,ACC0173,ACC0492,1646.3,INR,RTGS,Kochi,branch,DEV0586
TXN009822,2026-08-23 09:21:57,ACC0196,ACC0471,1357.28,INR,IMPS,Bengaluru,branch,DEV0303
TXN000930,2026-08-23 09:22:04,ACC0413,ACC0313,2060.63,INR,RTGS,Delhi,branch,DEV0741
TXN003243,2026-08-23 09:22:25,ACC0328,ACC0491,2555.86,INR,IMPS,Bengaluru,atm,DEV0501
TXN000453,2026-08-23 09:26:19,ACC0445,ACC0500,345.99,INR,RTGS,Hyderabad,web,DEV0121
TXN002324,2026-08-23 09:32:39,ACC0201,ACC0471,8962.33,INR,RTGS,Kochi,branch,DEV0803
TXN008687,2026-08-23 09:34:05,ACC0294,ACC0466,9294.43,INR,IMPS,Kolkata,mobile,DEV0480
TXN002863,2026-08-23 09:36:15,ACC0271,ACC0401,5638.27,INR,IMPS,Kochi,web,DEV0529
TXN004526,2026-08-23 09:39:35,ACC0031,ACC0454,2503.9,INR,RTGS,Hyderabad,mobile,DEV0718
TXN005632,2026-08-23 09:42:32,ACC0429,ACC0492,4195.36,INR,RTGS,Hyderabad,web,DEV0384
TXN004259,2026-08-23 09:50:11,ACC0336,ACC0107,797.03,INR,RTGS,Pune,atm,DEV0856
TXN006378,2026-08-23 09:50:42,ACC0406,ACC0499,596.75,INR,UPI,Chennai,branch,DEV0190
TXN006406,2026-08-23 09:55:39,ACC0209,ACC0451,561.02,INR,IMPS,Mumbai,mobile,DEV0598
TXN005185,2026-08-23 09:58:22,ACC0238,ACC0199,3179.41,INR,NEFT,Kochi,web,DEV0474
TXN002793,2026-08-23 10:00:38,ACC0077,ACC0496,4353.68,INR,IMPS,Bengaluru,mobile,DEV0812
TXN006214,2026-08-23 10:00:38,ACC0438,ACC0488,5607.38,INR,RTGS,Kochi,web,DEV0849
TXN008533,2026-08-23 10:03:29,ACC0376,ACC0335,3435.39,INR,UPI,Bengaluru,web,DEV0022
TXN007347,2026-08-23 10:05:45,ACC0364,ACC0452,1697.54,INR,NEFT,Pune,branch,DEV0047
TXN001386,2026-08-23 10:07:47,ACC0405,ACC0266,1716.38,INR,RTGS,Pune,mobile,DEV0838
TXN000535,2026-08-23 10:12:57,ACC0318,ACC0494,1272.56,INR,UPI,Mumbai,web,DEV0283
TXN003068,2026-08-23 10:13:55,ACC0403,ACC0480,5117.56,INR,IMPS,Pune,atm,DEV0815
TXN007919,2026-08-23 10:18:56,ACC0138,ACC0113,599.87,INR,NEFT,Hyderabad,mobile,DEV0072
TXN001516,2026-08-23 10:20:21,ACC0260,ACC0470,720.68,INR,NEFT,Chennai,atm,DEV0370
TXN001717,2026-08-23 10:22:37,ACC0060,ACC0483,577.41,INR,NEFT,Hyderabad,branch,DEV0677
TXN009848,2026-08-23 10:24:03,ACC0022,ACC0488,446.45,INR,IMPS,Kochi,branch,DEV0432
TXN001054,2026-08-23 10:29:57,ACC0136,ACC0492,8056.08,INR,IMPS,Kolkata,branch,DEV0706
TXN008474,2026-08-23 10:33:05,ACC0039,ACC0480,225.8,INR,UPI,Delhi,mobile,DEV0181
TXN004294,2026-08-23 10:34:51,ACC0392,ACC0453,3317.5,INR,RTGS,Hyderabad,web,DEV0264
TXN007126,2026-08-23 10:35:42,ACC0278,ACC0472,23079.13,INR,NEFT,Delhi,branch,DEV0891
TXN008025,2026-08-23 10:38:05,ACC0440,ACC0452,20573.75,INR,IMPS,Chennai,web,DEV0157
TXN005572,2026-08-23 10:42:25,ACC0243,ACC0135,736.71,INR,RTGS,Pune,branch,DEV0475
TXN009602,2026-08-23 10:43:51,ACC0272,ACC0487,276.87,INR,RTGS,Kolkata,branch,DEV0615
TXN003860,2026-08-23 10:43:57,ACC0268,ACC0312,1014.51,INR,RTGS,Chennai,atm,DEV0367
TXN008548,2026-08-23 10:45:12,ACC0153,ACC0493,704.0,INR,UPI,Kochi,mobile,DEV0041
TXN004315,2026-08-23 10:49:38,ACC0146,ACC0480,1238.86,INR,IMPS,Chennai,web,DEV0190
TXN001631,2026-08-23 10:49:58,ACC0310,ACC0487,675.07,INR,UPI,Kochi,web,DEV0036
TXN006818,2026-08-23 10:50:15,ACC0122,ACC0477,20068.22,INR,IMPS,Kolkata,web,DEV0345
TXN002463,2026-08-23 10:50:19,ACC0426,ACC0155,4996.62,INR,RTGS,Bengaluru,atm,DEV0163
TXN008908,2026-08-23 10:50:52,ACC0221,ACC0485,397.29,INR,IMPS,Kolkata,mobile,DEV0334
TXN004679,2026-08-23 10:51:00,ACC0147,ACC0464,7425.88,INR,IMPS,Kochi,web,DEV0388
TXN002349,2026-08-23 10:57:03,ACC0226,ACC0493,11675.29,INR,RTGS,Kolkata,branch,DEV0680
TXN003935,2026-08-23 10:58:20,ACC0070,ACC0251,1058.9,INR,IMPS,Bengaluru,mobile,DEV0854
TXN000199,2026-08-23 11:05:31,ACC0244,ACC0451,10251.68,INR,IMPS,Mumbai,mobile,DEV0236
TXN001268,2026-08-23 11:05:39,ACC0025,ACC0047,2411.48,INR,UPI,Hyderabad,atm,DEV0153
TXN007350,2026-08-23 11:08:23,ACC0212,ACC0499,2975.24,INR,UPI,Delhi,web,DEV0213
TXN002749,2026-08-23 11:10:46,ACC0407,ACC0497,1329.01,INR,UPI,Pune,atm,DEV0006
TXN005229,2026-08-23 11:10:48,ACC0116,ACC0477,1274.86,INR,UPI,Delhi,mobile,DEV0244
TXN002814,2026-08-23 11:10:54,ACC0345,ACC0194,7540.56,INR,NEFT,Mumbai,web,DEV0880
TXN006287,2026-08-23 11:11:15,ACC0434,ACC0491,1054.73,INR,IMPS,Kochi,web,DEV0477
TXN001219,2026-08-23 11:13:04,ACC0289,ACC0497,1199.23,INR,UPI,Kochi,atm,DEV0851
TXN009694,2026-08-23 11:13:53,ACC0449,ACC0497,6019.15,INR,UPI,Mumbai,atm,DEV0245
TXN001352,2026-08-23 11:17:45,ACC0213,ACC0465,1782.77,INR,IMPS,Kochi,web,DEV0849
TXN003294,2026-08-23 11:17:47,ACC0030,ACC0465,4616.86,INR,UPI,Bengaluru,web,DEV0375
TXN007380,2026-08-23 11:18:22,ACC0407,ACC0495,2525.94,INR,RTGS,Mumbai,branch,DEV0584
TXN006393,2026-08-23 11:20:50,ACC0133,ACC0305,801.15,INR,NEFT,Hyderabad,atm,DEV0582
TXN009391,2026-08-23 11:24:03,ACC0213,ACC0467,981.74,INR,NEFT,Kolkata,mobile,DEV0809
TXN003430,2026-08-23 11:25:22,ACC0314,ACC0462,413.32,INR,IMPS,Hyderabad,atm,DEV0244
TXN008027,2026-08-23 11:27:32,ACC0088,ACC0454,608.06,INR,UPI,Chennai,atm,DEV0195
TXN000838,2026-08-23 11:32:33,ACC0349,ACC0500,1978.19,INR,RTGS,Delhi,branch,DEV0298
TXN007327,2026-08-23 11:35:48,ACC0159,ACC0489,57242.73,INR,NEFT,Mumbai,atm,DEV0258
TXN009060,2026-08-23 11:36:04,ACC0211,ACC0479,11272.28,INR,IMPS,Hyderabad,web,DEV0862
TXN009781,2026-08-23 11:36:44,ACC0298,ACC0210,2638.84,INR,IMPS,Delhi,branch,DEV0051
TXN005179,2026-08-23 11:38:10,ACC0443,ACC0366,2378.04,INR,NEFT,Hyderabad,mobile,DEV0403
TXN003429,2026-08-23 11:38:25,ACC0187,ACC0479,311.56,INR,UPI,Mumbai,mobile,DEV0453
TXN009052,2026-08-23 11:44:56,ACC0198,ACC0477,450.9,INR,IMPS,Bengaluru,mobile,DEV0642
TXN009846,2026-08-23 11:46:06,ACC0060,ACC0474,6424.54,INR,IMPS,Kolkata,atm,DEV0474
TXN003402,2026-08-23 11:47:38,ACC0185,ACC0456,314.69,INR,IMPS,Mumbai,branch,DEV0816
TXN005542,2026-08-23 11:47:46,ACC0148,ACC0493,1910.45,INR,UPI,Delhi,web,DEV0184
TXN000129,2026-08-23 11:48:45,ACC0020,ACC0481,1405.93,INR,UPI,Chennai,branch,DEV0221
TXN001928,2026-08-23 11:50:55,ACC0403,ACC0454,12762.0,INR,UPI,Kochi,mobile,DEV0425
TXN002201,2026-08-23 11:52:42,ACC0449,ACC0482,1243.48,INR,NEFT,Hyderabad,atm,DEV0552
TXN009518,2026-08-23 11:52:52,ACC0352,ACC0456,1087.39,INR,NEFT,Bengaluru,web,DEV0264
TXN007717,2026-08-23 11:53:02,ACC0167,ACC0452,1218.2,INR,IMPS,Kochi,web,DEV0825
TXN003722,2026-08-23 12:00:55,ACC0130,ACC0096,2514.58,INR,IMPS,Hyderabad,atm,DEV0834
TXN009706,2026-08-23 12:03:22,ACC0239,ACC0031,5130.29,INR,IMPS,Hyderabad,mobile,DEV0409
TXN003763,2026-08-23 12:06:07,ACC0086,ACC0496,574.04,INR,RTGS,Hyderabad,atm,DEV0008
TXN004527,2026-08-23 12:07:58,ACC0161,ACC0492,4179.95,INR,UPI,Mumbai,web,DEV0445
TXN005461,2026-08-23 12:08:53,ACC0367,ACC0245,1178.24,INR,RTGS,Pune,mobile,DEV0839
TXN004577,2026-08-23 12:13:14,ACC0100,ACC0456,270.13,INR,NEFT,Mumbai,atm,DEV0002
TXN001745,2026-08-23 12:15:52,ACC0112,ACC0455,46125.11,INR,NEFT,Pune,mobile,DEV0526
TXN002540,2026-08-23 12:16:42,ACC0434,ACC0307,167.43,INR,UPI,Pune,atm,DEV0766
TXN001483,2026-08-23 12:21:05,ACC0053,ACC0480,8832.36,INR,NEFT,Pune,web,DEV0117
TXN008229,2026-08-23 12:23:13,ACC0395,ACC0475,15376.86,INR,IMPS,Kochi,atm,DEV0177
TXN004740,2026-08-23 12:24:12,ACC0211,ACC0452,693.69,INR,IMPS,Pune,branch,DEV0020
TXN003218,2026-08-23 12:24:36,ACC0254,ACC0467,649.19,INR,UPI,Pune,branch,DEV0137
TXN003548,2026-08-23 12:24:51,ACC0339,ACC0472,6647.61,INR,UPI,Delhi,mobile,DEV0834
TXN006102,2026-08-23 12:25:44,ACC0377,ACC0482,1090.82,INR,UPI,Mumbai,atm,DEV0220
TXN000162,2026-08-23 12:26:32,ACC0161,ACC0477,721.81,INR,RTGS,Pune,branch,DEV0178
TXN005923,2026-08-23 12:27:31,ACC0243,ACC0473,309.58,INR,IMPS,Delhi,mobile,DEV0107
TXN003109,2026-08-23 12:28:47,ACC0328,ACC0118,1066.91,INR,RTGS,Hyderabad,branch,DEV0653
TXN009214,2026-08-23 12:30:19,ACC0350,ACC0477,1484.32,INR,NEFT,Kolkata,atm,DEV0421
TXN003438,2026-08-23 12:36:02,ACC0124,ACC0478,6112.98,INR,NEFT,Chennai,atm,DEV0573
TXN003300,2026-08-23 12:36:06,ACC0148,ACC0487,3245.8,INR,RTGS,Hyderabad,mobile,DEV0031
TXN004063,2026-08-23 12:41:16,ACC0386,ACC0484,398.0,INR,UPI,Delhi,branch,DEV0608
TXN004397,2026-08-23 12:48:26,ACC0367,ACC0451,885.51,INR,IMPS,Mumbai,branch,DEV0888
TXN005562,2026-08-23 12:49:38,ACC0418,ACC0467,2364.39,INR,NEFT,Chennai,branch,DEV0287
TXN001456,2026-08-23 12:50:36,ACC0086,ACC0474,7042.51,INR,IMPS,Hyderabad,branch,DEV0428
TXN000380,2026-08-23 12:51:20,ACC0404,ACC0347,1267.17,INR,UPI,Hyderabad,web,DEV0295
TXN004308,2026-08-23 12:54:33,ACC0391,ACC0001,2596.15,INR,UPI,Delhi,branch,DEV0487
TXN006795,2026-08-23 12:59:18,ACC0434,ACC0475,1590.21,INR,UPI,Kolkata,branch,DEV0774
TXN005095,2026-08-23 13:01:10,ACC0449,ACC0245,1158.29,INR,IMPS,Delhi,branch,DEV0376
TXN007637,2026-08-23 13:01:47,ACC0164,ACC0453,3116.24,INR,NEFT,Kochi,web,DEV0873
TXN009534,2026-08-23 13:03:23,ACC0238,ACC0458,2257.49,INR,IMPS,Hyderabad,web,DEV0159
TXN005566,2026-08-23 13:04:56,ACC0273,ACC0475,1244.62,INR,NEFT,Mumbai,mobile,DEV0739
TXN000504,2026-08-23 13:06:02,ACC0315,ACC0479,249.6,INR,IMPS,Kochi,mobile,DEV0510
TXN006889,2026-08-23 13:09:03,ACC0162,ACC0484,1899.23,INR,IMPS,Hyderabad,branch,DEV0442
TXN002057,2026-08-23 13:24:11,ACC0407,ACC0481,3148.94,INR,IMPS,Hyderabad,mobile,DEV0643
TXN004905,2026-08-23 13:26:01,ACC0057,ACC0483,642.12,INR,IMPS,Pune,branch,DEV0654
TXN007620,2026-08-23 13:28:38,ACC0107,ACC0116,1948.71,INR,NEFT,Kochi,mobile,DEV0493
TXN004603,2026-08-23 13:30:14,ACC0332,ACC0380,1857.03,INR,NEFT,Mumbai,web,DEV0117
TXN002611,2026-08-23 13:30:31,ACC0112,ACC0480,1984.54,INR,UPI,Kochi,mobile,DEV0830
TXN002011,2026-08-23 13:31:19,ACC0099,ACC0272,2421.74,INR,RTGS,Kochi,mobile,DEV0868
TXN000596,2026-08-23 13:32:04,ACC0420,ACC0461,810.28,INR,IMPS,Kochi,mobile,DEV0781
TXN005988,2026-08-23 13:34:15,ACC0120,ACC0111,1041.64,INR,UPI,Kolkata,atm,DEV0307
TXN005155,2026-08-23 13:34:59,ACC0218,ACC0497,1351.25,INR,IMPS,Pune,mobile,DEV0137
TXN001055,2026-08-23 13:36:17,ACC0228,ACC0479,3451.58,INR,NEFT,Hyderabad,mobile,DEV0227
TXN001513,2026-08-23 13:38:34,ACC0034,ACC0065,2219.02,INR,UPI,Chennai,atm,DEV0473
TXN000026,2026-08-23 13:39:51,ACC0146,ACC0485,3843.35,INR,UPI,Delhi,branch,DEV0119
TXN010141,2026-08-23 13:40:38,ACC0578,ACC0199,19319.64,INR,UPI,Kochi,atm,DEV0276
TXN010142,2026-08-23 13:42:26,ACC0578,ACC0391,15189.98,INR,UPI,Bengaluru,mobile,DEV0875
TXN003032,2026-08-23 13:43:46,ACC0099,ACC0253,1439.6,INR,NEFT,Delhi,web,DEV0700
TXN010143,2026-08-23 13:44:29,ACC0578,ACC0345,10666.49,INR,UPI,Hyderabad,mobile,DEV0342
TXN010144,2026-08-23 13:46:24,ACC0578,ACC0302,27152.99,INR,UPI,Pune,branch,DEV0872
TXN010145,2026-08-23 13:48:25,ACC0578,ACC0297,29739.9,INR,UPI,Mumbai,atm,DEV0094
TXN006816,2026-08-23 13:49:15,ACC0439,ACC0485,461.67,INR,IMPS,Kolkata,web,DEV0298
TXN007042,2026-08-23 13:49:17,ACC0427,ACC0484,848.3,INR,RTGS,Kochi,atm,DEV0694
TXN003862,2026-08-23 13:49:43,ACC0429,ACC0481,2869.0,INR,RTGS,Delhi,atm,DEV0417
TXN009253,2026-08-23 13:49:59,ACC0101,ACC0255,1551.95,INR,IMPS,Kochi,branch,DEV0721
TXN010146,2026-08-23 13:50:05,ACC0578,ACC0230,10475.03,INR,UPI,Bengaluru,branch,DEV0627
TXN010147,2026-08-23 13:51:39,ACC0578,ACC0300,26348.38,INR,UPI,Kochi,branch,DEV0416
TXN004468,2026-08-23 13:53:14,ACC0072,ACC0494,1725.42,INR,IMPS,Chennai,mobile,DEV0593
TXN010148,2026-08-23 13:54:04,ACC0578,ACC0325,12576.6,INR,UPI,Kolkata,web,DEV0864
TXN010149,2026-08-23 13:56:11,ACC0578,ACC0113,27628.15,INR,UPI,Kochi,branch,DEV0192
TXN006532,2026-08-23 13:57:58,ACC0227,ACC0465,8884.75,INR,NEFT,Delhi,mobile,DEV0061
TXN010150,2026-08-23 13:58:37,ACC0578,ACC0374,26558.43,INR,UPI,Kochi,atm,DEV0284
TXN000221,2026-08-23 13:58:39,ACC0235,ACC0494,2748.85,INR,IMPS,Mumbai,web,DEV0313
TXN008848,2026-08-23 14:00:17,ACC0402,ACC0468,118.48,INR,RTGS,Mumbai,web,DEV0336
TXN010151,2026-08-23 14:00:37,ACC0578,ACC0197,12970.0,INR,UPI,Pune,branch,DEV0208
TXN010152,2026-08-23 14:02:22,ACC0578,ACC0262,13867.61,INR,UPI,Kochi,mobile,DEV0828
TXN006556,2026-08-23 14:05:14,ACC0267,ACC0457,1237.72,INR,RTGS,Mumbai,web,DEV0900
TXN002914,2026-08-23 14:05:55,ACC0272,ACC0488,4652.74,INR,UPI,Kochi,branch,DEV0193
TXN003150,2026-08-23 14:14:19,ACC0106,ACC0467,798.7,INR,RTGS,Kochi,web,DEV0331
TXN007520,2026-08-23 14:17:51,ACC0179,ACC0457,1816.92,INR,RTGS,Chennai,atm,DEV0319
TXN003843,2026-08-23 14:24:38,ACC0355,ACC0469,1380.03,INR,UPI,Hyderabad,web,DEV0236
TXN000369,2026-08-23 14:26:23,ACC0004,ACC0464,448.74,INR,IMPS,Hyderabad,atm,DEV0579
TXN008655,2026-08-23 14:26:24,ACC0183,ACC0461,470.21,INR,NEFT,Kolkata,web,DEV0788
TXN002653,2026-08-23 14:30:15,ACC0446,ACC0326,974.2,INR,NEFT,Delhi,atm,DEV0512
TXN003305,2026-08-23 14:30:28,ACC0071,ACC0500,757.41,INR,RTGS,Pune,branch,DEV0573
TXN003988,2026-08-23 14:31:45,ACC0287,ACC0473,2713.36,INR,RTGS,Chennai,branch,DEV0011
TXN000991,2026-08-23 14:33:38,ACC0351,ACC0490,682.68,INR,IMPS,Delhi,web,DEV0537
TXN009658,2026-08-23 14:35:06,ACC0067,ACC0497,1259.52,INR,UPI,Bengaluru,atm,DEV0060
TXN008886,2026-08-23 14:35:38,ACC0204,ACC0469,874.67,INR,NEFT,Hyderabad,web,DEV0375
TXN006460,2026-08-23 14:36:45,ACC0424,ACC0103,2631.89,INR,UPI,Kolkata,web,DEV0641
TXN001134,2026-08-23 14:37:07,ACC0004,ACC0028,2857.91,INR,UPI,Pune,web,DEV0751
TXN006187,2026-08-23 14:41:33,ACC0053,ACC0469,1350.73,INR,UPI,Kochi,branch,DEV0057
TXN001462,2026-08-23 14:42:32,ACC0108,ACC0497,1149.78,INR,RTGS,Chennai,mobile,DEV0207
TXN003319,2026-08-23 14:43:35,ACC0272,ACC0497,217.36,INR,UPI,Hyderabad,web,DEV0467
TXN003918,2026-08-23 14:43:43,ACC0327,ACC0312,2243.92,INR,IMPS,Mumbai,atm,DEV0129
TXN004880,2026-08-23 14:45:43,ACC0330,ACC0499,428.3,INR,IMPS,Hyderabad,atm,DEV0135
TXN001859,2026-08-23 14:49:23,ACC0348,ACC0454,3318.19,INR,IMPS,Chennai,web,DEV0486
TXN007666,2026-08-23 14:51:53,ACC0399,ACC0438,63.16,INR,NEFT,Kolkata,atm,DEV0106
TXN005839,2026-08-23 14:53:43,ACC0030,ACC0130,2231.36,INR,IMPS,Pune,web,DEV0535
TXN000446,2026-08-23 14:55:29,ACC0225,ACC0251,5870.48,INR,UPI,Pune,branch,DEV0404
TXN003327,2026-08-23 15:00:49,ACC0062,ACC0463,2660.64,INR,NEFT,Chennai,branch,DEV0063
TXN004249,2026-08-23 15:10:19,ACC0201,ACC0487,9167.12,INR,NEFT,Hyderabad,web,DEV0059
TXN007119,2026-08-23 15:11:56,ACC0400,ACC0257,752.22,INR,RTGS,Hyderabad,atm,DEV0767
TXN004402,2026-08-23 15:12:02,ACC0114,ACC0125,497.29,INR,RTGS,Pune,atm,DEV0896
TXN000800,2026-08-23 15:15:20,ACC0187,ACC0473,4069.24,INR,UPI,Chennai,branch,DEV0218
TXN001329,2026-08-23 15:16:41,ACC0316,ACC0064,276.72,INR,IMPS,Delhi,web,DEV0834
TXN005031,2026-08-23 15:18:48,ACC0319,ACC0485,578.97,INR,RTGS,Chennai,branch,DEV0617
TXN008696,2026-08-23 15:21:16,ACC0117,ACC0487,396.04,INR,RTGS,Hyderabad,web,DEV0632
TXN001984,2026-08-23 15:24:00,ACC0316,ACC0471,114.75,INR,UPI,Pune,web,DEV0318
TXN000484,2026-08-23 15:25:24,ACC0303,ACC0471,1401.01,INR,NEFT,Kochi,web,DEV0193
TXN004102,2026-08-23 15:28:20,ACC0052,ACC0470,5750.29,INR,IMPS,Kolkata,atm,DEV0483
TXN005982,2026-08-23 15:28:28,ACC0386,ACC0125,8039.03,INR,IMPS,Bengaluru,branch,DEV0151
TXN006183,2026-08-23 15:28:54,ACC0372,ACC0493,3587.94,INR,UPI,Mumbai,branch,DEV0476
TXN009614,2026-08-23 15:28:55,ACC0042,ACC0469,1190.83,INR,UPI,Hyderabad,branch,DEV0058
TXN004734,2026-08-23 15:29:11,ACC0073,ACC0500,669.88,INR,RTGS,Delhi,atm,DEV0059
TXN000933,2026-08-23 15:35:08,ACC0194,ACC0478,15722.2,INR,IMPS,Bengaluru,branch,DEV0448
TXN002803,2026-08-23 15:35:23,ACC0107,ACC0464,2036.72,INR,NEFT,Pune,web,DEV0098
TXN008789,2026-08-23 15:37:52,ACC0062,ACC0402,1359.94,INR,RTGS,Bengaluru,branch,DEV0231
TXN005181,2026-08-23 15:39:22,ACC0014,ACC0370,2385.35,INR,UPI,Pune,mobile,DEV0205
TXN001370,2026-08-23 15:39:43,ACC0080,ACC0460,1026.35,INR,IMPS,Pune,branch,DEV0163
TXN008006,2026-08-23 15:41:37,ACC0395,ACC0498,1798.79,INR,RTGS,Chennai,atm,DEV0061
TXN000331,2026-08-23 15:43:47,ACC0246,ACC0493,8059.76,INR,RTGS,Chennai,mobile,DEV0026
TXN008122,2026-08-23 15:47:46,ACC0239,ACC0262,4607.08,INR,RTGS,Chennai,branch,DEV0654
TXN007145,2026-08-23 15:50:16,ACC0398,ACC0460,1454.99,INR,UPI,Bengaluru,atm,DEV0819
TXN001648,2026-08-23 15:57:39,ACC0104,ACC0499,1108.81,INR,RTGS,Pune,mobile,DEV0580
TXN002582,2026-08-23 15:59:03,ACC0325,ACC0169,543.75,INR,RTGS,Kolkata,web,DEV0526
TXN001487,2026-08-23 16:01:02,ACC0033,ACC0459,524.56,INR,RTGS,Pune,mobile,DEV0319
TXN001921,2026-08-23 16:03:16,ACC0071,ACC0458,3089.8,INR,UPI,Pune,atm,DEV0031
TXN009592,2026-08-23 16:05:48,ACC0007,ACC0406,1967.91,INR,NEFT,Pune,branch,DEV0524
TXN007732,2026-08-23 16:09:57,ACC0445,ACC0459,7529.38,INR,RTGS,Kolkata,web,DEV0186
TXN002494,2026-08-23 16:10:52,ACC0018,ACC0460,2234.35,INR,IMPS,Kochi,web,DEV0648
TXN005374,2026-08-23 16:11:49,ACC0414,ACC0458,1138.04,INR,RTGS,Bengaluru,mobile,DEV0538
TXN002693,2026-08-23 16:12:25,ACC0288,ACC0281,1740.98,INR,NEFT,Pune,branch,DEV0450
TXN009600,2026-08-23 16:13:02,ACC0173,ACC0476,2238.63,INR,NEFT,Bengaluru,mobile,DEV0473
TXN001381,2026-08-23 16:16:46,ACC0194,ACC0491,2187.54,INR,IMPS,Kolkata,web,DEV0060
TXN003028,2026-08-23 16:18:12,ACC0185,ACC0457,507.67,INR,UPI,Bengaluru,web,DEV0381
TXN003462,2026-08-23 16:18:42,ACC0244,ACC0451,2648.34,INR,IMPS,Hyderabad,mobile,DEV0816
TXN000312,2026-08-23 16:21:15,ACC0281,ACC0464,2380.03,INR,UPI,Mumbai,mobile,DEV0263
TXN009274,2026-08-23 16:21:21,ACC0088,ACC0455,8637.91,INR,UPI,Bengaluru,branch,DEV0568
TXN003004,2026-08-23 16:23:42,ACC0089,ACC0457,1555.43,INR,IMPS,Mumbai,mobile,DEV0711
TXN001262,2026-08-23 16:28:09,ACC0052,ACC0210,3405.79,INR,RTGS,Chennai,branch,DEV0211
TXN002465,2026-08-23 16:30:10,ACC0389,ACC0223,4320.08,INR,NEFT,Hyderabad,web,DEV0645
TXN003760,2026-08-23 16:31:54,ACC0102,ACC0496,514.88,INR,NEFT,Mumbai,mobile,DEV0701
TXN002970,2026-08-23 16:31:55,ACC0155,ACC0485,2310.5,INR,IMPS,Chennai,mobile,DEV0247
TXN006315,2026-08-23 16:36:20,ACC0247,ACC0483,1320.7,INR,UPI,Pune,web,DEV0144
TXN009442,2026-08-23 16:36:52,ACC0329,ACC0465,208.3,INR,IMPS,Kochi,mobile,DEV0470
TXN003593,2026-08-23 16:37:56,ACC0286,ACC0391,602.19,INR,IMPS,Mumbai,web,DEV0876
TXN000738,2026-08-23 16:40:44,ACC0385,ACC0261,1256.41,INR,RTGS,Pune,web,DEV0249
TXN009400,2026-08-23 16:42:26,ACC0184,ACC0451,35.65,INR,RTGS,Kolkata,branch,DEV0512
TXN009275,2026-08-23 16:42:59,ACC0088,ACC0500,925.09,INR,IMPS,Mumbai,atm,DEV0009
TXN009660,2026-08-23 16:44:21,ACC0254,ACC0361,3288.45,INR,UPI,Chennai,mobile,DEV0337
TXN008965,2026-08-23 16:49:13,ACC0191,ACC0456,4111.04,INR,RTGS,Kochi,mobile,DEV0189
TXN008041,2026-08-23 16:49:38,ACC0072,ACC0487,1931.56,INR,IMPS,Kolkata,branch,DEV0312
TXN006368,2026-08-23 16:53:34,ACC0162,ACC0048,2011.12,INR,UPI,Pune,web,DEV0306
TXN001232,2026-08-23 16:55:51,ACC0164,ACC0467,1016.52,INR,UPI,Pune,branch,DEV0702
TXN003831,2026-08-23 16:56:33,ACC0176,ACC0481,1209.88,INR,IMPS,Kolkata,web,DEV0424
TXN004125,2026-08-23 17:02:12,ACC0264,ACC0312,1552.74,INR,RTGS,Bengaluru,mobile,DEV0158
TXN003877,2026-08-23 17:05:53,ACC0383,ACC0482,15373.23,INR,IMPS,Kochi,branch,DEV0868
TXN000215,2026-08-23 17:09:22,ACC0238,ACC0302,3185.8,INR,IMPS,Kochi,web,DEV0534
TXN001018,2026-08-23 17:12:36,ACC0086,ACC0306,2824.85,INR,IMPS,Chennai,mobile,DEV0317
TXN006721,2026-08-23 17:14:30,ACC0339,ACC0459,436.94,INR,RTGS,Kolkata,branch,DEV0261
TXN000007,2026-08-23 17:14:43,ACC0237,ACC0491,391.03,INR,UPI,Bengaluru,mobile,DEV0825
TXN008873,2026-08-23 17:15:54,ACC0143,ACC0465,954.34,INR,IMPS,Pune,mobile,DEV0462
TXN006439,2026-08-23 17:17:32,ACC0121,ACC0487,12532.66,INR,NEFT,Chennai,web,DEV0173
TXN005074,2026-08-23 17:24:47,ACC0428,ACC0464,4672.36,INR,RTGS,Kolkata,mobile,DEV0877
TXN007677,2026-08-23 17:26:58,ACC0016,ACC0484,4784.83,INR,IMPS,Kochi,branch,DEV0590
TXN006961,2026-08-23 17:28:00,ACC0286,ACC0486,10229.6,INR,IMPS,Chennai,mobile,DEV0051
TXN005175,2026-08-23 17:30:52,ACC0297,ACC0451,71.08,INR,RTGS,Chennai,web,DEV0488
TXN008493,2026-08-23 17:31:03,ACC0312,ACC0484,6719.15,INR,NEFT,Hyderabad,atm,DEV0464
TXN003373,2026-08-23 17:31:34,ACC0272,ACC0476,17776.42,INR,IMPS,Kochi,branch,DEV0705
TXN009317,2026-08-23 17:35:09,ACC0410,ACC0124,1375.4,INR,NEFT,Mumbai,mobile,DEV0114
TXN004059,2026-08-23 17:37:20,ACC0170,ACC0456,1045.5,INR,RTGS,Hyderabad,web,DEV0871
TXN002009,2026-08-23 17:37:45,ACC0052,ACC0461,9494.9,INR,UPI,Mumbai,branch,DEV0631
TXN000213,2026-08-23 17:38:40,ACC0019,ACC0185,396.65,INR,NEFT,Chennai,atm,DEV0771
TXN004193,2026-08-23 17:39:17,ACC0074,ACC0497,4674.72,INR,NEFT,Kochi,atm,DEV0760
TXN008744,2026-08-23 17:41:17,ACC0401,ACC0385,351.2,INR,UPI,Delhi,web,DEV0495
TXN008783,2026-08-23 17:45:01,ACC0098,ACC0478,491.67,INR,NEFT,Mumbai,atm,DEV0261
TXN007424,2026-08-23 17:46:05,ACC0288,ACC0464,2739.28,INR,NEFT,Hyderabad,atm,DEV0189
TXN009786,2026-08-23 17:46:10,ACC0294,ACC0046,483.48,INR,UPI,Pune,atm,DEV0400
TXN007170,2026-08-23 17:47:45,ACC0147,ACC0451,739.09,INR,NEFT,Delhi,branch,DEV0527
TXN009646,2026-08-23 17:49:31,ACC0221,ACC0480,3484.22,INR,UPI,Chennai,atm,DEV0891
TXN000449,2026-08-23 17:57:09,ACC0217,ACC0454,1347.21,INR,UPI,Mumbai,web,DEV0798
TXN008855,2026-08-23 18:02:42,ACC0239,ACC0479,1082.89,INR,NEFT,Bengaluru,mobile,DEV0450
TXN001738,2026-08-23 18:03:00,ACC0179,ACC0461,3466.92,INR,NEFT,Mumbai,mobile,DEV0735
TXN008961,2026-08-23 18:03:17,ACC0218,ACC0485,952.37,INR,UPI,Kochi,atm,DEV0576
TXN001969,2026-08-23 18:05:34,ACC0348,ACC0307,546.18,INR,UPI,Mumbai,branch,DEV0551
TXN000582,2026-08-23 18:06:37,ACC0116,ACC0456,1176.02,INR,RTGS,Pune,web,DEV0356
TXN002386,2026-08-23 18:06:38,ACC0342,ACC0289,1663.88,INR,IMPS,Kolkata,mobile,DEV0157
TXN009269,2026-08-23 18:10:09,ACC0383,ACC0497,2349.41,INR,UPI,Pune,atm,DEV0277
TXN000565,2026-08-23 18:11:28,ACC0436,ACC0188,2360.97,INR,IMPS,Pune,atm,DEV0220
TXN001442,2026-08-23 18:18:11,ACC0408,ACC0404,1645.03,INR,UPI,Mumbai,atm,DEV0341
TXN007792,2026-08-23 18:18:20,ACC0202,ACC0498,1032.47,INR,UPI,Bengaluru,branch,DEV0635
TXN005963,2026-08-23 18:18:45,ACC0222,ACC0021,1806.15,INR,RTGS,Kolkata,mobile,DEV0867
TXN000159,2026-08-23 18:19:30,ACC0425,ACC0482,4202.04,INR,UPI,Pune,branch,DEV0816
TXN006339,2026-08-23 18:20:14,ACC0052,ACC0464,1678.71,INR,RTGS,Mumbai,branch,DEV0421
TXN003108,2026-08-23 18:23:58,ACC0292,ACC0473,2047.04,INR,RTGS,Chennai,mobile,DEV0805
TXN006260,2026-08-23 18:26:11,ACC0301,ACC0165,3073.41,INR,NEFT,Delhi,branch,DEV0352
TXN001117,2026-08-23 18:26:52,ACC0123,ACC0494,746.8,INR,IMPS,Kochi,atm,DEV0588
TXN002421,2026-08-23 18:28:43,ACC0417,ACC0458,248.68,INR,IMPS,Mumbai,web,DEV0407
TXN002294,2026-08-23 18:33:56,ACC0436,ACC0049,11853.87,INR,UPI,Pune,web,DEV0190
TXN006885,2026-08-23 18:35:15,ACC0303,ACC0486,290.97,INR,UPI,Pune,web,DEV0372
TXN005345,2026-08-23 18:37:02,ACC0316,ACC0457,9601.94,INR,RTGS,Kolkata,mobile,DEV0232
TXN009820,2026-08-23 18:37:40,ACC0104,ACC0472,1055.36,INR,UPI,Bengaluru,atm,DEV0760
TXN007406,2026-08-23 18:38:58,ACC0312,ACC0494,1033.18,INR,IMPS,Delhi,mobile,DEV0512
TXN007227,2026-08-23 18:41:24,ACC0079,ACC0472,1103.14,INR,UPI,Chennai,mobile,DEV0511
TXN003256,2026-08-23 18:42:13,ACC0101,ACC0461,11842.59,INR,RTGS,Chennai,web,DEV0395
TXN006472,2026-08-23 18:43:17,ACC0272,ACC0474,333.38,INR,UPI,Delhi,web,DEV0397
TXN002549,2026-08-23 18:46:14,ACC0401,ACC0455,4192.5,INR,NEFT,Kochi,branch,DEV0620
TXN006095,2026-08-23 18:46:53,ACC0233,ACC0239,2311.58,INR,UPI,Kolkata,atm,DEV0447
TXN006156,2026-08-23 18:50:06,ACC0330,ACC0479,1690.77,INR,IMPS,Hyderabad,atm,DEV0053
TXN005924,2026-08-23 18:59:40,ACC0176,ACC0500,525.48,INR,NEFT,Pune,mobile,DEV0592
TXN005986,2026-08-23 19:00:27,ACC0063,ACC0493,2383.68,INR,NEFT,Pune,atm,DEV0274
TXN000530,2026-08-23 19:00:55,ACC0447,ACC0480,2417.64,INR,IMPS,Chennai,branch,DEV0437
TXN004617,2026-08-23 19:01:44,ACC0254,ACC0484,856.46,INR,NEFT,Kolkata,atm,DEV0503
TXN006154,2026-08-23 19:03:20,ACC0301,ACC0098,3157.38,INR,RTGS,Hyderabad,branch,DEV0835
TXN006819,2026-08-23 19:03:33,ACC0201,ACC0479,1828.42,INR,NEFT,Kolkata,atm,DEV0804
TXN009386,2026-08-23 19:09:14,ACC0372,ACC0484,1243.59,INR,NEFT,Mumbai,web,DEV0521
TXN003948,2026-08-23 19:09:37,ACC0250,ACC0452,1293.55,INR,UPI,Hyderabad,mobile,DEV0439
TXN000593,2026-08-23 19:15:16,ACC0379,ACC0454,1889.47,INR,IMPS,Mumbai,web,DEV0879
TXN004682,2026-08-23 19:19:36,ACC0213,ACC0398,8077.88,INR,UPI,Mumbai,atm,DEV0679
TXN004690,2026-08-23 19:22:09,ACC0428,ACC0354,4010.53,INR,UPI,Pune,branch,DEV0797
TXN005465,2026-08-23 19:25:32,ACC0002,ACC0491,1766.09,INR,NEFT,Delhi,mobile,DEV0639
TXN009810,2026-08-23 19:26:06,ACC0410,ACC0473,2040.78,INR,IMPS,Mumbai,branch,DEV0793
TXN002684,2026-08-23 19:29:09,ACC0385,ACC0184,3012.36,INR,RTGS,Chennai,web,DEV0679
TXN000318,2026-08-23 19:33:49,ACC0134,ACC0451,8641.67,INR,NEFT,Kolkata,mobile,DEV0444
TXN008579,2026-08-23 19:34:42,ACC0450,ACC0476,10052.78,INR,UPI,Chennai,atm,DEV0403
TXN004227,2026-08-23 19:36:09,ACC0186,ACC0476,155.64,INR,IMPS,Bengaluru,atm,DEV0709
TXN003388,2026-08-23 19:37:28,ACC0341,ACC0470,2104.92,INR,RTGS,Kochi,mobile,DEV0645
TXN001189,2026-08-23 19:38:43,ACC0302,ACC0186,12233.22,INR,IMPS,Kochi,branch,DEV0761
TXN002622,2026-08-23 19:39:11,ACC0391,ACC0118,3894.06,INR,RTGS,Kolkata,atm,DEV0276
TXN004443,2026-08-23 19:40:20,ACC0042,ACC0477,456.99,INR,NEFT,Kochi,mobile,DEV0283
TXN004509,2026-08-23 19:43:31,ACC0325,ACC0161,748.81,INR,IMPS,Kochi,branch,DEV0029
TXN003376,2026-08-23 19:45:41,ACC0159,ACC0477,614.8,INR,RTGS,Kochi,atm,DEV0538
TXN007604,2026-08-23 19:48:39,ACC0152,ACC0480,188.23,INR,RTGS,Pune,mobile,DEV0178
TXN008241,2026-08-23 19:48:39,ACC0164,ACC0470,1491.99,INR,RTGS,Bengaluru,mobile,DEV0368
TXN004049,2026-08-23 19:50:02,ACC0225,ACC0452,149.57,INR,IMPS,Bengaluru,mobile,DEV0341
TXN000474,2026-08-23 19:51:34,ACC0183,ACC0463,5190.18,INR,UPI,Kochi,mobile,DEV0467
TXN007070,2026-08-23 19:52:59,ACC0391,ACC0465,3375.09,INR,NEFT,Kolkata,mobile,DEV0245
TXN001063,2026-08-23 19:54:15,ACC0132,ACC0094,266.69,INR,NEFT,Chennai,branch,DEV0566
TXN002712,2026-08-23 19:54:56,ACC0437,ACC0491,3735.55,INR,IMPS,Delhi,web,DEV0656
TXN008570,2026-08-23 19:55:30,ACC0057,ACC0070,2895.09,INR,NEFT,Chennai,web,DEV0133
TXN003693,2026-08-23 19:55:48,ACC0228,ACC0467,3994.44,INR,RTGS,Kolkata,atm,DEV0157
TXN003129,2026-08-23 20:00:00,ACC0326,ACC0487,5504.71,INR,UPI,Kochi,atm,DEV0890
TXN005150,2026-08-23 20:00:58,ACC0397,ACC0463,12226.66,INR,UPI,Kolkata,mobile,DEV0565
TXN006458,2026-08-23 20:03:38,ACC0293,ACC0498,5574.34,INR,UPI,Kochi,web,DEV0595
TXN002763,2026-08-23 20:04:40,ACC0404,ACC0483,2274.06,INR,UPI,Hyderabad,mobile,DEV0322
TXN009625,2026-08-23 20:10:08,ACC0040,ACC0074,2463.74,INR,IMPS,Kochi,branch,DEV0062
TXN003898,2026-08-23 20:17:13,ACC0379,ACC0475,10763.31,INR,UPI,Hyderabad,web,DEV0570
TXN009872,2026-08-23 20:17:22,ACC0074,ACC0498,2485.21,INR,IMPS,Kolkata,mobile,DEV0133
TXN009816,2026-08-23 20:17:31,ACC0216,ACC0342,1127.84,INR,NEFT,Bengaluru,web,DEV0022
TXN006846,2026-08-23 20:18:49,ACC0214,ACC0248,1796.86,INR,UPI,Kochi,mobile,DEV0207
TXN007722,2026-08-23 20:23:01,ACC0183,ACC0480,1473.62,INR,NEFT,Kochi,web,DEV0363
TXN005381,2026-08-23 20:23:27,ACC0144,ACC0361,587.12,INR,UPI,Mumbai,web,DEV0750
TXN000528,2026-08-23 20:26:13,ACC0043,ACC0451,611.41,INR,UPI,Chennai,atm,DEV0686
TXN008844,2026-08-23 20:26:33,ACC0147,ACC0456,161.29,INR,UPI,Hyderabad,branch,DEV0814
TXN007235,2026-08-23 20:29:05,ACC0220,ACC0246,5127.08,INR,RTGS,Hyderabad,atm,DEV0617
TXN008366,2026-08-23 20:31:30,ACC0423,ACC0476,939.23,INR,RTGS,Bengaluru,mobile,DEV0249
TXN005361,2026-08-23 20:33:59,ACC0230,ACC0461,2090.65,INR,NEFT,Kochi,atm,DEV0003
TXN004484,2026-08-23 20:34:22,ACC0335,ACC0467,4347.27,INR,RTGS,Kolkata,branch,DEV0628
TXN002551,2026-08-23 20:34:27,ACC0383,ACC0500,1821.93,INR,UPI,Mumbai,branch,DEV0802
TXN003770,2026-08-23 20:36:35,ACC0381,ACC0454,5045.22,INR,NEFT,Bengaluru,branch,DEV0028
TXN001582,2026-08-23 20:37:43,ACC0305,ACC0473,1261.6,INR,NEFT,Mumbai,mobile,DEV0010
TXN005754,2026-08-23 20:39:24,ACC0216,ACC0475,1393.1,INR,RTGS,Chennai,branch,DEV0490
TXN002147,2026-08-23 20:43:17,ACC0095,ACC0193,2448.54,INR,IMPS,Kolkata,branch,DEV0003
TXN006462,2026-08-23 20:43:34,ACC0361,ACC0461,3639.61,INR,RTGS,Mumbai,branch,DEV0458
TXN003529,2026-08-23 20:43:35,ACC0393,ACC0473,1571.91,INR,NEFT,Pune,branch,DEV0688
TXN008138,2026-08-23 20:43:37,ACC0050,ACC0052,1167.36,INR,NEFT,Pune,atm,DEV0017
TXN001844,2026-08-23 20:44:07,ACC0081,ACC0464,8832.72,INR,NEFT,Hyderabad,branch,DEV0516
TXN004198,2026-08-23 20:45:30,ACC0120,ACC0354,546.05,INR,IMPS,Bengaluru,web,DEV0328
TXN005904,2026-08-23 20:49:40,ACC0279,ACC0487,6958.75,INR,NEFT,Pune,branch,DEV0896
TXN004559,2026-08-23 20:51:54,ACC0122,ACC0359,953.03,INR,NEFT,Kochi,atm,DEV0516
TXN006643,2026-08-23 20:57:18,ACC0292,ACC0498,717.44,INR,RTGS,Bengaluru,web,DEV0777
TXN008938,2026-08-23 20:59:01,ACC0251,ACC0459,991.27,INR,RTGS,Mumbai,atm,DEV0476
TXN007549,2026-08-23 20:59:08,ACC0223,ACC0460,8656.6,INR,IMPS,Mumbai,atm,DEV0381
TXN004254,2026-08-23 20:59:51,ACC0349,ACC0325,4700.9,INR,IMPS,Hyderabad,branch,DEV0504
TXN005131,2026-08-24 09:01:59,ACC0119,ACC0059,388.26,INR,RTGS,Kochi,atm,DEV0393
TXN002233,2026-08-24 09:03:29,ACC0138,ACC0461,820.1,INR,NEFT,Chennai,atm,DEV0458
TXN006866,2026-08-24 09:04:28,ACC0027,ACC0465,8249.64,INR,NEFT,Mumbai,mobile,DEV0630
TXN007236,2026-08-24 09:08:35,ACC0127,ACC0364,841.41,INR,RTGS,Mumbai,atm,DEV0537
TXN005206,2026-08-24 09:09:29,ACC0009,ACC0485,3263.91,INR,NEFT,Kochi,web,DEV0013
TXN004623,2026-08-24 09:09:53,ACC0449,ACC0472,881.4,INR,UPI,Chennai,branch,DEV0626
TXN009149,2026-08-24 09:10:36,ACC0180,ACC0494,832.88,INR,NEFT,Hyderabad,mobile,DEV0812
TXN001777,2026-08-24 09:12:19,ACC0427,ACC0398,12850.59,INR,UPI,Kochi,web,DEV0562
TXN008660,2026-08-24 09:14:14,ACC0324,ACC0465,1096.67,INR,NEFT,Delhi,mobile,DEV0398
TXN003451,2026-08-24 09:16:22,ACC0312,ACC0453,32640.86,INR,RTGS,Kochi,web,DEV0863
TXN007807,2026-08-24 09:17:20,ACC0384,ACC0497,1286.65,INR,IMPS,Kochi,mobile,DEV0265
TXN008216,2026-08-24 09:18:04,ACC0214,ACC0474,1142.28,INR,UPI,Chennai,web,DEV0534
TXN000758,2026-08-24 09:19:03,ACC0161,ACC0296,2017.83,INR,RTGS,Pune,branch,DEV0790
TXN007175,2026-08-24 09:19:39,ACC0382,ACC0246,1157.09,INR,NEFT,Mumbai,atm,DEV0711
TXN003662,2026-08-24 09:22:41,ACC0279,ACC0465,6093.31,INR,RTGS,Delhi,mobile,DEV0541
TXN008026,2026-08-24 09:26:16,ACC0396,ACC0485,669.69,INR,RTGS,Bengaluru,web,DEV0684
TXN007202,2026-08-24 09:26:36,ACC0279,ACC0466,6824.07,INR,RTGS,Mumbai,web,DEV0099
TXN008390,2026-08-24 09:27:10,ACC0278,ACC0398,3764.29,INR,RTGS,Hyderabad,mobile,DEV0165
TXN005914,2026-08-24 09:27:18,ACC0335,ACC0479,339.23,INR,UPI,Chennai,atm,DEV0672
TXN001417,2026-08-24 09:31:50,ACC0118,ACC0479,3791.2,INR,RTGS,Pune,mobile,DEV0465
TXN002023,2026-08-24 09:34:39,ACC0024,ACC0171,2901.95,INR,IMPS,Mumbai,web,DEV0276
TXN001366,2026-08-24 09:35:45,ACC0088,ACC0193,317.55,INR,RTGS,Bengaluru,web,DEV0421
TXN003549,2026-08-24 09:39:22,ACC0231,ACC0383,1293.49,INR,UPI,Bengaluru,branch,DEV0713
TXN003990,2026-08-24 09:41:25,ACC0305,ACC0325,6492.14,INR,NEFT,Delhi,web,DEV0174
TXN001050,2026-08-24 09:43:43,ACC0370,ACC0004,1132.28,INR,RTGS,Pune,mobile,DEV0802
TXN003508,2026-08-24 09:45:57,ACC0439,ACC0476,7904.19,INR,NEFT,Hyderabad,mobile,DEV0126
TXN006724,2026-08-24 09:47:27,ACC0329,ACC0479,1509.14,INR,NEFT,Chennai,web,DEV0280
TXN003747,2026-08-24 09:49:13,ACC0070,ACC0479,7211.63,INR,IMPS,Pune,atm,DEV0217
TXN002765,2026-08-24 09:49:55,ACC0115,ACC0471,4626.57,INR,UPI,Mumbai,mobile,DEV0071
TXN006716,2026-08-24 09:54:20,ACC0185,ACC0481,1522.83,INR,RTGS,Bengaluru,mobile,DEV0790
TXN007276,2026-08-24 09:58:48,ACC0287,ACC0462,301.51,INR,UPI,Bengaluru,branch,DEV0137
TXN006341,2026-08-24 09:58:51,ACC0127,ACC0475,975.69,INR,UPI,Kochi,web,DEV0091
TXN004318,2026-08-24 09:59:31,ACC0246,ACC0487,712.01,INR,NEFT,Kolkata,atm,DEV0635
TXN001346,2026-08-24 09:59:53,ACC0086,ACC0495,128.13,INR,RTGS,Kolkata,mobile,DEV0091
TXN002331,2026-08-24 10:04:03,ACC0015,ACC0293,18078.43,INR,IMPS,Pune,mobile,DEV0081
TXN009456,2026-08-24 10:04:57,ACC0173,ACC0495,1878.17,INR,IMPS,Mumbai,mobile,DEV0726
TXN002685,2026-08-24 10:05:41,ACC0255,ACC0258,8493.31,INR,RTGS,Chennai,web,DEV0778
TXN009891,2026-08-24 10:05:59,ACC0386,ACC0473,94.39,INR,RTGS,Chennai,atm,DEV0010
TXN001849,2026-08-24 10:08:34,ACC0127,ACC0471,5152.37,INR,UPI,Delhi,web,DEV0607
TXN003291,2026-08-24 10:10:36,ACC0390,ACC0467,2752.51,INR,NEFT,Delhi,mobile,DEV0841
TXN004575,2026-08-24 10:11:58,ACC0086,ACC0460,849.46,INR,IMPS,Bengaluru,atm,DEV0499
TXN005543,2026-08-24 10:13:36,ACC0100,ACC0081,2593.12,INR,IMPS,Mumbai,branch,DEV0192
TXN006021,2026-08-24 10:14:27,ACC0027,ACC0250,5502.32,INR,IMPS,Mumbai,mobile,DEV0256
TXN006412,2026-08-24 10:14:29,ACC0044,ACC0473,7384.52,INR,RTGS,Kochi,mobile,DEV0573
TXN009029,2026-08-24 10:14:53,ACC0003,ACC0490,844.27,INR,UPI,Chennai,web,DEV0424
TXN005671,2026-08-24 10:26:19,ACC0378,ACC0166,802.34,INR,NEFT,Bengaluru,atm,DEV0865
TXN007012,2026-08-24 10:26:50,ACC0273,ACC0467,322.77,INR,UPI,Kolkata,mobile,DEV0856
TXN003422,2026-08-24 10:28:14,ACC0007,ACC0473,987.6,INR,IMPS,Chennai,branch,DEV0747
TXN009385,2026-08-24 10:28:14,ACC0382,ACC0476,2438.08,INR,NEFT,Bengaluru,web,DEV0311
TXN001537,2026-08-24 10:32:04,ACC0442,ACC0325,3205.39,INR,RTGS,Hyderabad,mobile,DEV0863
TXN000202,2026-08-24 10:32:47,ACC0379,ACC0495,783.76,INR,IMPS,Pune,branch,DEV0031
TXN006292,2026-08-24 10:36:44,ACC0417,ACC0478,6017.83,INR,IMPS,Chennai,mobile,DEV0223
TXN007280,2026-08-24 10:37:06,ACC0104,ACC0453,1393.43,INR,NEFT,Chennai,atm,DEV0854
TXN009835,2026-08-24 10:40:51,ACC0261,ACC0477,2116.52,INR,NEFT,Delhi,branch,DEV0585
TXN007433,2026-08-24 10:40:52,ACC0319,ACC0470,782.3,INR,IMPS,Bengaluru,mobile,DEV0758
TXN001026,2026-08-24 10:41:55,ACC0413,ACC0494,643.16,INR,NEFT,Kolkata,web,DEV0589
TXN008127,2026-08-24 10:43:24,ACC0292,ACC0462,5808.07,INR,UPI,Pune,web,DEV0358
TXN008710,2026-08-24 10:43:55,ACC0391,ACC0030,13573.74,INR,IMPS,Bengaluru,atm,DEV0050
TXN004687,2026-08-24 10:49:07,ACC0181,ACC0315,4205.77,INR,UPI,Pune,atm,DEV0332
TXN006092,2026-08-24 10:49:34,ACC0086,ACC0493,704.91,INR,RTGS,Kolkata,web,DEV0542
TXN008131,2026-08-24 10:54:54,ACC0341,ACC0485,4467.05,INR,UPI,Chennai,mobile,DEV0490
TXN007108,2026-08-24 10:56:29,ACC0440,ACC0465,1723.53,INR,NEFT,Kolkata,web,DEV0889
TXN001064,2026-08-24 10:57:57,ACC0143,ACC0463,605.16,INR,NEFT,Bengaluru,web,DEV0600
TXN002117,2026-08-24 10:59:45,ACC0325,ACC0482,1424.98,INR,IMPS,Kolkata,atm,DEV0400
TXN000749,2026-08-24 11:01:38,ACC0234,ACC0206,359.2,INR,NEFT,Kolkata,atm,DEV0634
TXN001630,2026-08-24 11:04:19,ACC0248,ACC0092,543.17,INR,NEFT,Mumbai,atm,DEV0028
TXN000569,2026-08-24 11:04:23,ACC0206,ACC0457,6348.08,INR,RTGS,Mumbai,web,DEV0859
TXN004410,2026-08-24 11:08:26,ACC0226,ACC0471,290.75,INR,UPI,Kolkata,web,DEV0703
TXN001448,2026-08-24 11:12:53,ACC0279,ACC0055,583.33,INR,NEFT,Chennai,branch,DEV0640
TXN004816,2026-08-24 11:13:00,ACC0195,ACC0490,1015.97,INR,NEFT,Kochi,mobile,DEV0413
TXN006261,2026-08-24 11:15:43,ACC0308,ACC0056,3796.97,INR,UPI,Hyderabad,web,DEV0084
TXN009548,2026-08-24 11:19:19,ACC0127,ACC0146,2903.55,INR,UPI,Kochi,mobile,DEV0508
TXN006708,2026-08-24 11:24:34,ACC0228,ACC0455,524.26,INR,IMPS,Pune,branch,DEV0204
TXN008773,2026-08-24 11:24:47,ACC0016,ACC0484,560.34,INR,IMPS,Pune,mobile,DEV0885
TXN009692,2026-08-24 11:26:06,ACC0396,ACC0457,628.74,INR,RTGS,Bengaluru,web,DEV0002
TXN000079,2026-08-24 11:26:55,ACC0270,ACC0008,2310.92,INR,RTGS,Hyderabad,branch,DEV0639
TXN000810,2026-08-24 11:26:57,ACC0362,ACC0136,2233.89,INR,UPI,Chennai,branch,DEV0225
TXN006197,2026-08-24 11:30:19,ACC0125,ACC0445,2874.51,INR,IMPS,Bengaluru,web,DEV0632
TXN006956,2026-08-24 11:34:49,ACC0264,ACC0482,267.86,INR,RTGS,Kolkata,mobile,DEV0049
TXN000653,2026-08-24 11:35:23,ACC0109,ACC0453,3454.06,INR,IMPS,Hyderabad,mobile,DEV0536
TXN002336,2026-08-24 11:36:45,ACC0120,ACC0451,585.92,INR,IMPS,Chennai,branch,DEV0285
TXN009959,2026-08-24 11:40:17,ACC0265,ACC0498,202.28,INR,IMPS,Hyderabad,web,DEV0294
TXN000493,2026-08-24 11:42:28,ACC0058,ACC0488,1214.35,INR,NEFT,Kochi,web,DEV0819
TXN008791,2026-08-24 11:42:36,ACC0353,ACC0481,3262.92,INR,NEFT,Bengaluru,atm,DEV0137
TXN004327,2026-08-24 11:43:22,ACC0233,ACC0486,2022.55,INR,RTGS,Kolkata,branch,DEV0507
TXN005405,2026-08-24 11:44:33,ACC0388,ACC0476,1280.0,INR,RTGS,Kolkata,branch,DEV0502
TXN002031,2026-08-24 11:53:38,ACC0002,ACC0499,634.48,INR,RTGS,Hyderabad,mobile,DEV0585
TXN005678,2026-08-24 11:53:56,ACC0388,ACC0492,3970.83,INR,RTGS,Kolkata,mobile,DEV0717
TXN000414,2026-08-24 11:56:01,ACC0398,ACC0475,2333.93,INR,NEFT,Kolkata,mobile,DEV0675
TXN004969,2026-08-24 11:57:14,ACC0121,ACC0349,5812.02,INR,RTGS,Kochi,branch,DEV0798
TXN002000,2026-08-24 11:58:08,ACC0397,ACC0321,1594.57,INR,NEFT,Bengaluru,mobile,DEV0425
TXN001095,2026-08-24 11:58:26,ACC0015,ACC0018,414.16,INR,NEFT,Delhi,mobile,DEV0016
TXN006957,2026-08-24 11:59:13,ACC0440,ACC0456,1171.12,INR,NEFT,Pune,atm,DEV0161
TXN000978,2026-08-24 12:00:02,ACC0170,ACC0486,1808.99,INR,RTGS,Chennai,web,DEV0290
TXN000188,2026-08-24 12:03:17,ACC0434,ACC0485,909.8,INR,UPI,Mumbai,web,DEV0824
TXN008611,2026-08-24 12:04:03,ACC0331,ACC0035,2038.51,INR,RTGS,Chennai,branch,DEV0597
TXN007263,2026-08-24 12:05:14,ACC0113,ACC0485,1385.84,INR,NEFT,Kochi,atm,DEV0568
TXN003170,2026-08-24 12:05:26,ACC0085,ACC0459,3002.66,INR,RTGS,Delhi,atm,DEV0809
TXN007651,2026-08-24 12:06:23,ACC0025,ACC0466,2229.71,INR,RTGS,Chennai,branch,DEV0416
TXN006494,2026-08-24 12:06:43,ACC0399,ACC0470,2512.97,INR,RTGS,Pune,atm,DEV0095
TXN006572,2026-08-24 12:09:56,ACC0295,ACC0497,1482.24,INR,IMPS,Pune,web,DEV0647
TXN001080,2026-08-24 12:11:20,ACC0185,ACC0229,1464.32,INR,IMPS,Bengaluru,branch,DEV0262
TXN009090,2026-08-24 12:12:38,ACC0098,ACC0463,3712.1,INR,NEFT,Kochi,mobile,DEV0772
TXN001214,2026-08-24 12:12:48,ACC0022,ACC0457,2763.43,INR,NEFT,Hyderabad,branch,DEV0475
TXN000732,2026-08-24 12:15:27,ACC0372,ACC0461,725.6,INR,IMPS,Kochi,web,DEV0279
TXN002377,2026-08-24 12:19:49,ACC0144,ACC0406,2366.16,INR,RTGS,Pune,mobile,DEV0582
TXN006932,2026-08-24 12:23:42,ACC0020,ACC0382,185.37,INR,NEFT,Hyderabad,branch,DEV0505
TXN003992,2026-08-24 12:24:48,ACC0289,ACC0457,496.86,INR,UPI,Hyderabad,web,DEV0854
TXN001218,2026-08-24 12:29:55,ACC0090,ACC0456,17860.09,INR,IMPS,Hyderabad,mobile,DEV0720
TXN001748,2026-08-24 12:30:51,ACC0339,ACC0471,5335.22,INR,UPI,Mumbai,branch,DEV0436
TXN005043,2026-08-24 12:31:46,ACC0276,ACC0496,758.38,INR,RTGS,Bengaluru,atm,DEV0645
TXN007557,2026-08-24 12:32:11,ACC0441,ACC0492,2602.37,INR,NEFT,Pune,atm,DEV0550
TXN004109,2026-08-24 12:32:30,ACC0087,ACC0488,1770.68,INR,NEFT,Chennai,mobile,DEV0378
TXN003816,2026-08-24 12:33:47,ACC0069,ACC0302,7022.19,INR,NEFT,Hyderabad,mobile,DEV0671
TXN005344,2026-08-24 12:33:47,ACC0006,ACC0471,2498.63,INR,NEFT,Chennai,atm,DEV0780
TXN009914,2026-08-24 12:33:49,ACC0026,ACC0383,3774.28,INR,UPI,Kochi,branch,DEV0805
TXN006213,2026-08-24 12:34:02,ACC0276,ACC0376,1356.31,INR,NEFT,Kochi,web,DEV0798
TXN008771,2026-08-24 12:35:06,ACC0113,ACC0477,2901.61,INR,UPI,Hyderabad,atm,DEV0221
TXN000730,2026-08-24 12:38:55,ACC0128,ACC0357,1176.52,INR,RTGS,Chennai,mobile,DEV0891
TXN000762,2026-08-24 12:44:47,ACC0424,ACC0435,501.75,INR,RTGS,Hyderabad,web,DEV0023
TXN003245,2026-08-24 12:45:42,ACC0282,ACC0482,439.72,INR,RTGS,Mumbai,mobile,DEV0871
TXN004326,2026-08-24 12:48:46,ACC0340,ACC0453,507.2,INR,IMPS,Chennai,atm,DEV0802
TXN004379,2026-08-24 12:53:57,ACC0145,ACC0260,317.57,INR,NEFT,Kolkata,branch,DEV0894
TXN005373,2026-08-24 13:00:42,ACC0110,ACC0473,971.23,INR,RTGS,Hyderabad,web,DEV0587
TXN009611,2026-08-24 13:04:07,ACC0280,ACC0467,3402.17,INR,RTGS,Pune,atm,DEV0787
TXN007242,2026-08-24 13:06:22,ACC0238,ACC0489,7552.63,INR,RTGS,Chennai,atm,DEV0562
TXN001743,2026-08-24 13:07:53,ACC0271,ACC0437,4509.4,INR,IMPS,Hyderabad,atm,DEV0205
TXN008799,2026-08-24 13:08:35,ACC0249,ACC0465,2859.76,INR,UPI,Hyderabad,atm,DEV0842
TXN009895,2026-08-24 13:08:44,ACC0073,ACC0466,2209.69,INR,RTGS,Hyderabad,mobile,DEV0680
TXN005379,2026-08-24 13:09:19,ACC0059,ACC0113,1581.23,INR,IMPS,Delhi,web,DEV0851
TXN008738,2026-08-24 13:13:36,ACC0350,ACC0461,1113.3,INR,IMPS,Chennai,mobile,DEV0413
TXN005090,2026-08-24 13:14:03,ACC0130,ACC0498,1043.81,INR,IMPS,Kochi,branch,DEV0364
TXN001072,2026-08-24 13:14:59,ACC0305,ACC0400,4460.55,INR,IMPS,Kolkata,branch,DEV0850
TXN004569,2026-08-24 13:20:10,ACC0362,ACC0456,143.37,INR,NEFT,Bengaluru,web,DEV0333
TXN005045,2026-08-24 13:20:56,ACC0120,ACC0451,1531.22,INR,UPI,Kolkata,mobile,DEV0742
TXN006953,2026-08-24 13:23:45,ACC0294,ACC0454,7170.6,INR,IMPS,Mumbai,web,DEV0630
TXN009559,2026-08-24 13:31:50,ACC0398,ACC0166,3386.06,INR,IMPS,Chennai,atm,DEV0090
TXN001180,2026-08-24 13:35:12,ACC0176,ACC0473,1589.63,INR,RTGS,Mumbai,branch,DEV0883
TXN008981,2026-08-24 13:37:06,ACC0168,ACC0494,420.69,INR,NEFT,Kolkata,mobile,DEV0287
TXN008269,2026-08-24 13:38:11,ACC0222,ACC0478,966.74,INR,NEFT,Kolkata,branch,DEV0755
TXN005070,2026-08-24 13:41:26,ACC0178,ACC0479,3869.82,INR,NEFT,Bengaluru,mobile,DEV0279
TXN006348,2026-08-24 13:46:16,ACC0231,ACC0498,947.55,INR,RTGS,Kolkata,atm,DEV0293
TXN005083,2026-08-24 13:55:08,ACC0250,ACC0265,5426.35,INR,UPI,Delhi,atm,DEV0319
TXN009121,2026-08-24 13:56:43,ACC0383,ACC0080,6264.56,INR,NEFT,Pune,branch,DEV0242
TXN002315,2026-08-24 13:57:11,ACC0024,ACC0496,4385.25,INR,RTGS,Delhi,branch,DEV0821
TXN009455,2026-08-24 13:57:34,ACC0011,ACC0298,587.53,INR,IMPS,Chennai,atm,DEV0694
TXN000495,2026-08-24 14:03:41,ACC0327,ACC0487,139.27,INR,UPI,Delhi,atm,DEV0409
TXN007004,2026-08-24 14:08:21,ACC0402,ACC0252,1084.63,INR,RTGS,Mumbai,mobile,DEV0426
TXN006783,2026-08-24 14:08:37,ACC0048,ACC0466,5440.22,INR,IMPS,Chennai,mobile,DEV0358
TXN003224,2026-08-24 14:08:43,ACC0356,ACC0106,11974.44,INR,RTGS,Mumbai,mobile,DEV0571
TXN008502,2026-08-24 14:12:50,ACC0055,ACC0477,6503.31,INR,IMPS,Hyderabad,atm,DEV0178
TXN005488,2026-08-24 14:23:09,ACC0304,ACC0467,2610.1,INR,IMPS,Kolkata,branch,DEV0887
TXN008180,2026-08-24 14:30:38,ACC0100,ACC0464,8596.35,INR,RTGS,Bengaluru,branch,DEV0899
TXN004075,2026-08-24 14:30:50,ACC0018,ACC0098,13631.52,INR,RTGS,Chennai,web,DEV0402
TXN009599,2026-08-24 14:33:44,ACC0294,ACC0471,683.76,INR,NEFT,Bengaluru,atm,DEV0876
TXN009261,2026-08-24 14:34:31,ACC0444,ACC0458,1351.01,INR,NEFT,Bengaluru,branch,DEV0519
TXN002212,2026-08-24 14:41:01,ACC0120,ACC0477,2813.44,INR,RTGS,Pune,atm,DEV0707
TXN003031,2026-08-24 14:45:39,ACC0409,ACC0495,985.64,INR,UPI,Delhi,atm,DEV0743
TXN009218,2026-08-24 14:48:06,ACC0403,ACC0485,837.36,INR,UPI,Delhi,web,DEV0571
TXN002986,2026-08-24 14:50:37,ACC0124,ACC0478,15443.81,INR,UPI,Chennai,web,DEV0834
TXN000689,2026-08-24 14:51:47,ACC0320,ACC0481,1107.13,INR,UPI,Kolkata,mobile,DEV0076
TXN002984,2026-08-24 14:56:08,ACC0227,ACC0437,6384.07,INR,IMPS,Pune,web,DEV0776
TXN002485,2026-08-24 14:57:01,ACC0047,ACC0422,541.18,INR,IMPS,Hyderabad,mobile,DEV0632
TXN006491,2026-08-24 14:59:34,ACC0214,ACC0495,4660.73,INR,RTGS,Delhi,web,DEV0050
TXN006779,2026-08-24 14:59:45,ACC0402,ACC0491,918.95,INR,UPI,Hyderabad,atm,DEV0509
TXN004133,2026-08-24 14:59:48,ACC0361,ACC0476,194.83,INR,UPI,Delhi,mobile,DEV0398
TXN009083,2026-08-24 15:04:01,ACC0067,ACC0435,1216.63,INR,UPI,Kochi,web,DEV0533
TXN000548,2026-08-24 15:08:53,ACC0373,ACC0218,1958.65,INR,NEFT,Hyderabad,atm,DEV0889
TXN000767,2026-08-24 15:15:02,ACC0223,ACC0322,496.58,INR,IMPS,Delhi,atm,DEV0795
TXN000241,2026-08-24 15:18:41,ACC0266,ACC0463,8943.08,INR,UPI,Bengaluru,atm,DEV0654
TXN007434,2026-08-24 15:20:44,ACC0101,ACC0454,1240.31,INR,UPI,Delhi,mobile,DEV0541
TXN005199,2026-08-24 15:25:42,ACC0057,ACC0485,3345.51,INR,NEFT,Mumbai,branch,DEV0630
TXN002707,2026-08-24 15:27:36,ACC0182,ACC0490,1125.78,INR,UPI,Kochi,branch,DEV0866
TXN000713,2026-08-24 15:29:24,ACC0128,ACC0490,4227.84,INR,UPI,Pune,mobile,DEV0246
TXN005915,2026-08-24 15:31:10,ACC0080,ACC0315,114.74,INR,IMPS,Kolkata,mobile,DEV0350
TXN007416,2026-08-24 15:33:57,ACC0248,ACC0038,1335.62,INR,IMPS,Hyderabad,mobile,DEV0088
TXN006044,2026-08-24 15:35:00,ACC0372,ACC0489,11665.56,INR,UPI,Kochi,mobile,DEV0688
TXN003798,2026-08-24 15:40:30,ACC0270,ACC0457,1459.96,INR,NEFT,Mumbai,mobile,DEV0753
TXN009547,2026-08-24 15:41:20,ACC0322,ACC0452,729.49,INR,UPI,Mumbai,web,DEV0167
TXN003015,2026-08-24 15:41:37,ACC0006,ACC0466,123.03,INR,IMPS,Delhi,web,DEV0078
TXN005277,2026-08-24 15:43:17,ACC0125,ACC0394,41048.19,INR,UPI,Kolkata,mobile,DEV0525
TXN002976,2026-08-24 15:43:37,ACC0121,ACC0456,2807.62,INR,NEFT,Kolkata,web,DEV0320
TXN006676,2026-08-24 15:44:11,ACC0211,ACC0438,458.31,INR,IMPS,Kochi,web,DEV0090
TXN001455,2026-08-24 15:51:20,ACC0211,ACC0052,3345.38,INR,IMPS,Bengaluru,web,DEV0243
TXN009761,2026-08-24 15:51:23,ACC0359,ACC0201,14517.49,INR,IMPS,Delhi,web,DEV0869
TXN001078,2026-08-24 15:52:09,ACC0384,ACC0500,9139.44,INR,NEFT,Mumbai,atm,DEV0252
TXN000652,2026-08-24 15:52:10,ACC0353,ACC0251,758.32,INR,RTGS,Delhi,mobile,DEV0712
TXN004369,2026-08-24 15:52:23,ACC0397,ACC0307,7708.13,INR,IMPS,Delhi,mobile,DEV0807
TXN001472,2026-08-24 15:53:50,ACC0434,ACC0473,7363.53,INR,NEFT,Kolkata,web,DEV0798
TXN007793,2026-08-24 15:55:30,ACC0374,ACC0456,721.41,INR,NEFT,Mumbai,mobile,DEV0627
TXN008327,2026-08-24 15:55:50,ACC0281,ACC0400,1488.54,INR,IMPS,Kolkata,atm,DEV0223
TXN006272,2026-08-24 15:59:10,ACC0295,ACC0500,1708.78,INR,RTGS,Hyderabad,web,DEV0573
TXN008842,2026-08-24 15:59:23,ACC0304,ACC0077,512.85,INR,NEFT,Bengaluru,atm,DEV0621
TXN008118,2026-08-24 16:07:15,ACC0313,ACC0496,1203.44,INR,IMPS,Kolkata,web,DEV0700
TXN007997,2026-08-24 16:07:49,ACC0062,ACC0463,9085.54,INR,NEFT,Chennai,branch,DEV0891
TXN003432,2026-08-24 16:10:17,ACC0300,ACC0500,3757.87,INR,UPI,Kochi,mobile,DEV0519
TXN007316,2026-08-24 16:11:27,ACC0350,ACC0487,1034.38,INR,IMPS,Mumbai,atm,DEV0373
TXN000551,2026-08-24 16:14:01,ACC0300,ACC0486,3132.57,INR,IMPS,Kochi,mobile,DEV0670
TXN006972,2026-08-24 16:14:52,ACC0405,ACC0467,2692.56,INR,NEFT,Chennai,mobile,DEV0437
TXN009788,2026-08-24 16:17:42,ACC0155,ACC0215,4933.3,INR,IMPS,Chennai,mobile,DEV0445
TXN001529,2026-08-24 16:21:14,ACC0105,ACC0465,1059.31,INR,RTGS,Chennai,atm,DEV0568
TXN004998,2026-08-24 16:24:43,ACC0091,ACC0479,7965.77,INR,RTGS,Kochi,web,DEV0344
TXN000870,2026-08-24 16:27:32,ACC0283,ACC0480,908.75,INR,IMPS,Pune,mobile,DEV0598
TXN002756,2026-08-24 16:28:05,ACC0098,ACC0470,15844.71,INR,NEFT,Kochi,branch,DEV0252
TXN008989,2026-08-24 16:28:45,ACC0258,ACC0482,9250.87,INR,IMPS,Mumbai,atm,DEV0294
TXN009306,2026-08-24 16:29:16,ACC0329,ACC0464,1007.98,INR,NEFT,Chennai,atm,DEV0182
TXN009259,2026-08-24 16:30:17,ACC0305,ACC0471,425.93,INR,UPI,Kochi,branch,DEV0705
TXN008432,2026-08-24 16:33:04,ACC0107,ACC0178,325.13,INR,NEFT,Chennai,branch,DEV0713
TXN000227,2026-08-24 16:34:13,ACC0422,ACC0390,20029.51,INR,IMPS,Chennai,atm,DEV0270
TXN004646,2026-08-24 16:35:23,ACC0177,ACC0494,1231.29,INR,UPI,Delhi,branch,DEV0141
TXN007391,2026-08-24 16:35:28,ACC0297,ACC0458,826.72,INR,NEFT,Delhi,web,DEV0096
TXN006120,2026-08-24 16:36:49,ACC0259,ACC0463,2159.16,INR,IMPS,Delhi,mobile,DEV0338
TXN000521,2026-08-24 16:37:37,ACC0060,ACC0466,1085.87,INR,IMPS,Bengaluru,mobile,DEV0334
TXN004162,2026-08-24 16:38:50,ACC0234,ACC0452,3603.37,INR,RTGS,Chennai,branch,DEV0647
TXN000171,2026-08-24 16:41:16,ACC0415,ACC0461,1057.84,INR,NEFT,Delhi,atm,DEV0847
TXN004413,2026-08-24 16:43:27,ACC0071,ACC0407,22355.62,INR,IMPS,Kolkata,web,DEV0504
TXN005048,2026-08-24 16:47:49,ACC0102,ACC0223,3589.98,INR,RTGS,Mumbai,branch,DEV0737
TXN007044,2026-08-24 16:49:42,ACC0375,ACC0470,2347.91,INR,UPI,Chennai,branch,DEV0031
TXN009931,2026-08-24 16:49:56,ACC0175,ACC0457,3130.64,INR,RTGS,Chennai,atm,DEV0855
TXN001286,2026-08-24 16:50:04,ACC0084,ACC0136,238.06,INR,UPI,Mumbai,atm,DEV0832
TXN002326,2026-08-24 16:50:16,ACC0182,ACC0229,1504.07,INR,RTGS,Hyderabad,mobile,DEV0272
TXN008707,2026-08-24 16:56:54,ACC0174,ACC0191,608.13,INR,NEFT,Mumbai,branch,DEV0201
TXN004139,2026-08-24 16:57:55,ACC0041,ACC0180,2815.25,INR,UPI,Kolkata,branch,DEV0345
TXN006427,2026-08-24 16:58:45,ACC0034,ACC0481,1041.89,INR,UPI,Delhi,web,DEV0652
TXN009813,2026-08-24 16:58:45,ACC0145,ACC0492,573.36,INR,NEFT,Mumbai,mobile,DEV0708
TXN006088,2026-08-24 17:01:35,ACC0051,ACC0404,1486.1,INR,UPI,Mumbai,atm,DEV0201
TXN000022,2026-08-24 17:03:47,ACC0112,ACC0297,1129.68,INR,RTGS,Delhi,mobile,DEV0521
TXN003724,2026-08-24 17:04:17,ACC0168,ACC0499,5689.69,INR,RTGS,Hyderabad,mobile,DEV0657
TXN008849,2026-08-24 17:05:06,ACC0204,ACC0295,6641.79,INR,IMPS,Bengaluru,mobile,DEV0523
TXN006915,2026-08-24 17:09:10,ACC0366,ACC0482,20072.63,INR,NEFT,Hyderabad,web,DEV0797
TXN003609,2026-08-24 17:10:31,ACC0437,ACC0457,2943.29,INR,UPI,Hyderabad,mobile,DEV0392
TXN009912,2026-08-24 17:13:03,ACC0184,ACC0500,769.38,INR,UPI,Kochi,web,DEV0674
TXN000106,2026-08-24 17:13:24,ACC0325,ACC0047,1300.46,INR,IMPS,Hyderabad,branch,DEV0796
TXN006524,2026-08-24 17:14:00,ACC0167,ACC0488,595.88,INR,UPI,Hyderabad,branch,DEV0210
TXN006977,2026-08-24 17:14:08,ACC0141,ACC0460,448.75,INR,UPI,Chennai,branch,DEV0130
TXN002257,2026-08-24 17:15:35,ACC0068,ACC0194,1591.67,INR,NEFT,Hyderabad,branch,DEV0057
TXN002289,2026-08-24 17:16:20,ACC0133,ACC0464,786.55,INR,NEFT,Chennai,web,DEV0009
TXN002125,2026-08-24 17:17:28,ACC0001,ACC0453,2048.42,INR,IMPS,Mumbai,mobile,DEV0253
TXN007690,2026-08-24 17:21:23,ACC0248,ACC0142,2923.23,INR,IMPS,Bengaluru,atm,DEV0390
TXN006737,2026-08-24 17:21:42,ACC0434,ACC0470,1561.45,INR,RTGS,Hyderabad,web,DEV0789
TXN002839,2026-08-24 17:23:59,ACC0118,ACC0463,1305.36,INR,UPI,Bengaluru,atm,DEV0616
TXN007364,2026-08-24 17:24:41,ACC0207,ACC0484,588.41,INR,IMPS,Delhi,mobile,DEV0892
TXN009610,2026-08-24 17:24:56,ACC0278,ACC0465,1944.25,INR,IMPS,Kochi,atm,DEV0302
TXN009469,2026-08-24 17:27:52,ACC0087,ACC0013,1148.44,INR,UPI,Bengaluru,web,DEV0424
TXN008226,2026-08-24 17:28:35,ACC0218,ACC0466,1905.22,INR,IMPS,Chennai,branch,DEV0286
TXN009252,2026-08-24 17:28:53,ACC0280,ACC0058,11049.83,INR,IMPS,Kolkata,mobile,DEV0728
TXN007776,2026-08-24 17:35:38,ACC0387,ACC0201,1469.55,INR,NEFT,Bengaluru,web,DEV0237
TXN000968,2026-08-24 17:43:49,ACC0172,ACC0491,1719.24,INR,UPI,Chennai,web,DEV0141
TXN001753,2026-08-24 17:49:33,ACC0334,ACC0468,352.53,INR,RTGS,Kolkata,atm,DEV0175
TXN003185,2026-08-24 17:53:18,ACC0088,ACC0419,783.68,INR,UPI,Mumbai,atm,DEV0825
TXN005481,2026-08-24 17:54:04,ACC0360,ACC0473,3006.62,INR,NEFT,Delhi,atm,DEV0333
TXN003623,2026-08-24 17:55:34,ACC0450,ACC0303,3592.82,INR,RTGS,Delhi,mobile,DEV0545
TXN001380,2026-08-24 17:57:00,ACC0440,ACC0486,2957.59,INR,NEFT,Chennai,web,DEV0705
TXN008305,2026-08-24 17:57:30,ACC0039,ACC0471,1733.75,INR,UPI,Chennai,web,DEV0352
TXN003697,2026-08-24 18:01:06,ACC0085,ACC0460,256.4,INR,UPI,Kolkata,branch,DEV0170
TXN002630,2026-08-24 18:06:06,ACC0125,ACC0479,1941.39,INR,UPI,Hyderabad,atm,DEV0694
TXN002448,2026-08-24 18:08:10,ACC0348,ACC0465,11975.2,INR,IMPS,Pune,atm,DEV0214
TXN001640,2026-08-24 18:09:45,ACC0287,ACC0440,2216.7,INR,IMPS,Pune,mobile,DEV0387
TXN004042,2026-08-24 18:11:42,ACC0345,ACC0452,1078.86,INR,NEFT,Pune,mobile,DEV0794
TXN002438,2026-08-24 18:11:59,ACC0223,ACC0488,11735.87,INR,RTGS,Mumbai,web,DEV0532
TXN000252,2026-08-24 18:15:29,ACC0103,ACC0470,4304.61,INR,NEFT,Delhi,mobile,DEV0420
TXN001212,2026-08-24 18:18:17,ACC0078,ACC0491,2032.59,INR,NEFT,Bengaluru,branch,DEV0343
TXN005595,2026-08-24 18:20:08,ACC0032,ACC0303,705.15,INR,IMPS,Kochi,web,DEV0850
TXN006912,2026-08-24 18:21:04,ACC0007,ACC0461,9283.58,INR,RTGS,Pune,mobile,DEV0077
TXN000175,2026-08-24 18:23:26,ACC0069,ACC0480,19009.06,INR,NEFT,Bengaluru,mobile,DEV0539
TXN007850,2026-08-24 18:23:46,ACC0318,ACC0455,328.12,INR,IMPS,Chennai,web,DEV0324
TXN008877,2026-08-24 18:25:11,ACC0082,ACC0455,12475.19,INR,NEFT,Pune,branch,DEV0799
TXN002334,2026-08-24 18:26:25,ACC0001,ACC0480,16048.23,INR,RTGS,Delhi,mobile,DEV0759
TXN009302,2026-08-24 18:27:22,ACC0002,ACC0458,8944.5,INR,IMPS,Hyderabad,atm,DEV0751
TXN004624,2026-08-24 18:36:00,ACC0029,ACC0480,958.26,INR,UPI,Mumbai,web,DEV0787
TXN006151,2026-08-24 18:36:43,ACC0059,ACC0494,1300.18,INR,UPI,Hyderabad,branch,DEV0337
TXN009234,2026-08-24 18:39:43,ACC0370,ACC0489,7309.08,INR,IMPS,Hyderabad,mobile,DEV0434
TXN001652,2026-08-24 18:40:21,ACC0016,ACC0345,823.66,INR,UPI,Delhi,mobile,DEV0601
TXN008616,2026-08-24 18:41:53,ACC0238,ACC0464,2370.75,INR,RTGS,Pune,branch,DEV0080
TXN001805,2026-08-24 18:43:34,ACC0254,ACC0480,11924.37,INR,RTGS,Chennai,atm,DEV0010
TXN004542,2026-08-24 18:45:12,ACC0099,ACC0422,5421.84,INR,RTGS,Bengaluru,web,DEV0206
TXN006366,2026-08-24 18:47:32,ACC0175,ACC0468,1685.24,INR,IMPS,Bengaluru,atm,DEV0573
TXN000060,2026-08-24 18:48:33,ACC0111,ACC0142,3991.52,INR,IMPS,Delhi,branch,DEV0015
TXN006013,2026-08-24 18:48:47,ACC0346,ACC0498,6764.43,INR,NEFT,Bengaluru,web,DEV0216
TXN001870,2026-08-24 18:52:35,ACC0081,ACC0316,546.54,INR,NEFT,Bengaluru,web,DEV0474
TXN002246,2026-08-24 18:52:37,ACC0172,ACC0472,4079.11,INR,NEFT,Pune,atm,DEV0234
TXN002256,2026-08-24 18:53:46,ACC0150,ACC0489,516.41,INR,UPI,Chennai,web,DEV0007
TXN008488,2026-08-24 18:55:05,ACC0238,ACC0478,500.12,INR,UPI,Kochi,atm,DEV0795
TXN006702,2026-08-24 18:55:31,ACC0001,ACC0306,929.12,INR,NEFT,Bengaluru,mobile,DEV0861
TXN009147,2026-08-24 18:56:54,ACC0188,ACC0459,1325.86,INR,NEFT,Kochi,web,DEV0525
TXN005814,2026-08-24 19:01:11,ACC0411,ACC0257,1274.12,INR,IMPS,Delhi,web,DEV0833
TXN008105,2026-08-24 19:06:16,ACC0383,ACC0042,805.58,INR,NEFT,Hyderabad,branch,DEV0555
TXN004129,2026-08-24 19:06:46,ACC0264,ACC0156,697.57,INR,IMPS,Mumbai,mobile,DEV0896
TXN004382,2026-08-24 19:17:09,ACC0177,ACC0452,649.97,INR,RTGS,Mumbai,mobile,DEV0780
TXN006302,2026-08-24 19:22:54,ACC0017,ACC0462,3288.1,INR,UPI,Hyderabad,web,DEV0153
TXN004460,2026-08-24 19:23:08,ACC0279,ACC0120,260.42,INR,UPI,Pune,branch,DEV0612
TXN003397,2026-08-24 19:23:48,ACC0257,ACC0464,15657.01,INR,RTGS,Bengaluru,atm,DEV0374
TXN004884,2026-08-24 19:24:30,ACC0233,ACC0478,929.1,INR,RTGS,Mumbai,branch,DEV0480
TXN002193,2026-08-24 19:24:33,ACC0152,ACC0490,3756.48,INR,IMPS,Chennai,mobile,DEV0630
TXN005939,2026-08-24 19:25:08,ACC0147,ACC0469,1203.34,INR,NEFT,Kolkata,branch,DEV0359
TXN003625,2026-08-24 19:25:45,ACC0333,ACC0454,971.37,INR,IMPS,Kolkata,branch,DEV0638
TXN005759,2026-08-24 19:26:26,ACC0447,ACC0357,213.64,INR,UPI,Pune,branch,DEV0557
TXN006827,2026-08-24 19:26:42,ACC0149,ACC0249,12491.64,INR,IMPS,Hyderabad,web,DEV0303
TXN002659,2026-08-24 19:27:31,ACC0344,ACC0136,2939.02,INR,NEFT,Mumbai,web,DEV0291
TXN002191,2026-08-24 19:30:54,ACC0348,ACC0179,9866.94,INR,RTGS,Mumbai,atm,DEV0124
TXN000208,2026-08-24 19:31:38,ACC0040,ACC0466,2455.54,INR,NEFT,Hyderabad,mobile,DEV0406
TXN001327,2026-08-24 19:32:15,ACC0374,ACC0087,1736.56,INR,NEFT,Kochi,web,DEV0061
TXN006965,2026-08-24 19:32:59,ACC0375,ACC0384,3707.29,INR,RTGS,Chennai,mobile,DEV0506
TXN007501,2026-08-24 19:36:10,ACC0157,ACC0497,3260.84,INR,IMPS,Hyderabad,branch,DEV0756
TXN008260,2026-08-24 19:43:05,ACC0001,ACC0459,2221.16,INR,NEFT,Kochi,mobile,DEV0820
TXN003029,2026-08-24 19:44:49,ACC0031,ACC0465,2021.51,INR,IMPS,Hyderabad,web,DEV0471
TXN004683,2026-08-24 19:45:15,ACC0323,ACC0113,1163.94,INR,IMPS,Chennai,web,DEV0075
TXN006954,2026-08-24 19:45:15,ACC0412,ACC0452,1082.83,INR,UPI,Kolkata,branch,DEV0160
TXN005479,2026-08-24 19:46:38,ACC0059,ACC0466,4029.95,INR,IMPS,Mumbai,atm,DEV0710
TXN001332,2026-08-24 19:50:07,ACC0106,ACC0460,4588.09,INR,RTGS,Pune,branch,DEV0455
TXN002397,2026-08-24 19:50:40,ACC0086,ACC0498,1031.25,INR,RTGS,Mumbai,branch,DEV0748
TXN002268,2026-08-24 19:51:07,ACC0041,ACC0479,4888.46,INR,RTGS,Delhi,atm,DEV0247
TXN009073,2026-08-24 19:51:38,ACC0115,ACC0265,509.83,INR,RTGS,Delhi,web,DEV0123
TXN004676,2026-08-24 19:52:41,ACC0318,ACC0375,324.06,INR,IMPS,Hyderabad,atm,DEV0334
TXN005286,2026-08-24 19:53:02,ACC0334,ACC0466,6048.59,INR,UPI,Hyderabad,mobile,DEV0771
TXN005743,2026-08-24 19:54:13,ACC0339,ACC0453,856.13,INR,NEFT,Hyderabad,branch,DEV0150
TXN006598,2026-08-24 19:54:26,ACC0126,ACC0477,791.82,INR,RTGS,Hyderabad,branch,DEV0037
TXN004847,2026-08-24 19:58:49,ACC0084,ACC0498,5280.35,INR,IMPS,Kolkata,branch,DEV0001
TXN000786,2026-08-24 19:58:52,ACC0274,ACC0126,2351.32,INR,RTGS,Delhi,web,DEV0180
TXN005891,2026-08-24 20:06:56,ACC0118,ACC0368,1407.39,INR,UPI,Hyderabad,mobile,DEV0551
TXN001447,2026-08-24 20:10:58,ACC0004,ACC0483,1196.34,INR,UPI,Bengaluru,web,DEV0725
TXN002680,2026-08-24 20:13:06,ACC0165,ACC0486,1438.83,INR,RTGS,Pune,atm,DEV0056
TXN002398,2026-08-24 20:15:18,ACC0253,ACC0482,550.58,INR,IMPS,Kolkata,mobile,DEV0531
TXN008681,2026-08-24 20:16:46,ACC0054,ACC0500,1179.51,INR,IMPS,Bengaluru,mobile,DEV0694
TXN000643,2026-08-24 20:20:58,ACC0359,ACC0470,298.88,INR,NEFT,Pune,atm,DEV0660
TXN004792,2026-08-24 20:21:16,ACC0432,ACC0198,694.34,INR,UPI,Delhi,atm,DEV0530
TXN001560,2026-08-24 20:23:17,ACC0028,ACC0136,2245.78,INR,IMPS,Kochi,mobile,DEV0327
TXN000325,2026-08-24 20:26:06,ACC0253,ACC0496,919.05,INR,UPI,Pune,web,DEV0469
TXN009043,2026-08-24 20:27:30,ACC0139,ACC0404,479.97,INR,UPI,Pune,branch,DEV0485
TXN009209,2026-08-24 20:28:57,ACC0378,ACC0482,7812.59,INR,UPI,Chennai,web,DEV0623
TXN005120,2026-08-24 20:31:28,ACC0197,ACC0478,3655.16,INR,RTGS,Pune,web,DEV0885
TXN006443,2026-08-24 20:33:33,ACC0147,ACC0490,3177.9,INR,UPI,Mumbai,web,DEV0280
TXN002172,2026-08-24 20:40:05,ACC0277,ACC0482,2986.06,INR,IMPS,Hyderabad,branch,DEV0446
TXN003551,2026-08-24 20:46:34,ACC0168,ACC0229,1420.77,INR,NEFT,Chennai,branch,DEV0267
TXN000394,2026-08-24 20:47:05,ACC0373,ACC0467,661.27,INR,UPI,Mumbai,atm,DEV0562
TXN009901,2026-08-24 20:47:19,ACC0224,ACC0457,232.32,INR,NEFT,Mumbai,branch,DEV0804
TXN004194,2026-08-24 20:48:15,ACC0449,ACC0466,6873.7,INR,NEFT,Hyderabad,mobile,DEV0696
TXN001036,2026-08-24 20:49:11,ACC0390,ACC0141,454.12,INR,RTGS,Delhi,branch,DEV0280
TXN009372,2026-08-24 20:50:06,ACC0019,ACC0467,855.04,INR,UPI,Mumbai,mobile,DEV0670
TXN009630,2026-08-24 20:55:34,ACC0148,ACC0463,6457.28,INR,RTGS,Mumbai,branch,DEV0340
TXN007535,2026-08-24 20:55:35,ACC0023,ACC0470,2570.97,INR,IMPS,Mumbai,mobile,DEV0288
TXN004630,2026-08-24 20:55:46,ACC0422,ACC0485,4386.0,INR,IMPS,Chennai,mobile,DEV0232
TXN000645,2026-08-24 20:56:08,ACC0276,ACC0497,1779.55,INR,NEFT,Mumbai,branch,DEV0534
TXN005294,2026-08-24 20:57:36,ACC0440,ACC0475,1032.38,INR,UPI,Delhi,web,DEV0299
TXN000615,2026-08-24 20:58:51,ACC0319,ACC0167,1930.41,INR,UPI,Hyderabad,branch,DEV0818
TXN004614,2026-08-24 20:59:48,ACC0178,ACC0467,7443.89,INR,IMPS,Kochi,mobile,DEV0798
TXN006914,2026-08-25 09:03:19,ACC0191,ACC0486,6151.71,INR,RTGS,Chennai,mobile,DEV0886
TXN008174,2026-08-25 09:08:51,ACC0304,ACC0480,12060.94,INR,RTGS,Chennai,atm,DEV0481
TXN001173,2026-08-25 09:08:56,ACC0076,ACC0050,1139.12,INR,NEFT,Chennai,branch,DEV0452
TXN009890,2026-08-25 09:09:13,ACC0333,ACC0477,263.51,INR,UPI,Kolkata,atm,DEV0348
TXN007827,2026-08-25 09:09:17,ACC0197,ACC0467,2512.48,INR,NEFT,Hyderabad,web,DEV0109
TXN009039,2026-08-25 09:10:08,ACC0228,ACC0482,710.39,INR,IMPS,Hyderabad,mobile,DEV0133
TXN007418,2026-08-25 09:11:44,ACC0369,ACC0456,6654.87,INR,NEFT,Chennai,mobile,DEV0115
TXN001354,2026-08-25 09:12:25,ACC0110,ACC0409,299.93,INR,RTGS,Mumbai,mobile,DEV0816
TXN003803,2026-08-25 09:12:43,ACC0136,ACC0251,9668.97,INR,UPI,Kolkata,atm,DEV0416
TXN009831,2026-08-25 09:17:34,ACC0016,ACC0497,1301.64,INR,IMPS,Kochi,web,DEV0245
TXN004181,2026-08-25 09:19:30,ACC0380,ACC0498,2309.48,INR,NEFT,Pune,branch,DEV0270
TXN002880,2026-08-25 09:19:51,ACC0421,ACC0183,2714.96,INR,RTGS,Chennai,branch,DEV0206
TXN007107,2026-08-25 09:27:12,ACC0097,ACC0441,835.27,INR,UPI,Pune,atm,DEV0655
TXN005586,2026-08-25 09:31:00,ACC0126,ACC0491,819.24,INR,UPI,Kolkata,atm,DEV0783
TXN009369,2026-08-25 09:32:23,ACC0252,ACC0282,2660.12,INR,NEFT,Kolkata,web,DEV0722
TXN008498,2026-08-25 09:32:59,ACC0424,ACC0082,557.61,INR,NEFT,Hyderabad,mobile,DEV0837
TXN007868,2026-08-25 09:33:06,ACC0034,ACC0284,1282.94,INR,NEFT,Bengaluru,web,DEV0634
TXN003283,2026-08-25 09:34:40,ACC0163,ACC0469,715.07,INR,RTGS,Delhi,web,DEV0589
TXN004906,2026-08-25 09:39:24,ACC0226,ACC0499,3356.66,INR,RTGS,Kochi,mobile,DEV0438
TXN005808,2026-08-25 09:40:31,ACC0212,ACC0492,3921.03,INR,UPI,Kochi,mobile,DEV0434
TXN001933,2026-08-25 09:42:54,ACC0154,ACC0168,1693.06,INR,IMPS,Delhi,atm,DEV0647
TXN004375,2026-08-25 09:43:24,ACC0236,ACC0459,801.67,INR,NEFT,Kochi,atm,DEV0644
TXN003840,2026-08-25 09:50:21,ACC0342,ACC0498,346.64,INR,IMPS,Kolkata,atm,DEV0216
TXN003909,2026-08-25 09:50:47,ACC0128,ACC0279,9569.12,INR,UPI,Pune,mobile,DEV0110
TXN009540,2026-08-25 09:52:30,ACC0400,ACC0456,3762.29,INR,NEFT,Chennai,branch,DEV0051
TXN009124,2026-08-25 09:52:50,ACC0336,ACC0487,5695.42,INR,IMPS,Delhi,atm,DEV0264
TXN002936,2026-08-25 09:53:05,ACC0064,ACC0460,2047.73,INR,RTGS,Hyderabad,atm,DEV0656
TXN000426,2026-08-25 09:58:49,ACC0414,ACC0456,121.53,INR,RTGS,Pune,mobile,DEV0891
TXN006250,2026-08-25 10:06:01,ACC0372,ACC0230,1352.18,INR,UPI,Delhi,web,DEV0149
TXN002735,2026-08-25 10:08:23,ACC0144,ACC0491,20302.73,INR,UPI,Hyderabad,atm,DEV0225
TXN003523,2026-08-25 10:09:42,ACC0258,ACC0046,5038.53,INR,IMPS,Delhi,web,DEV0798
TXN008016,2026-08-25 10:14:10,ACC0166,ACC0369,884.35,INR,NEFT,Kolkata,atm,DEV0610
TXN001473,2026-08-25 10:14:29,ACC0356,ACC0452,605.93,INR,RTGS,Kolkata,branch,DEV0553
TXN008451,2026-08-25 10:15:26,ACC0387,ACC0484,4281.03,INR,IMPS,Pune,branch,DEV0424
TXN008100,2026-08-25 10:15:54,ACC0340,ACC0486,5726.99,INR,NEFT,Hyderabad,web,DEV0798
TXN005482,2026-08-25 10:19:22,ACC0099,ACC0198,346.2,INR,IMPS,Chennai,web,DEV0835
TXN009215,2026-08-25 10:23:01,ACC0004,ACC0454,781.28,INR,IMPS,Bengaluru,web,DEV0533
TXN006264,2026-08-25 10:23:37,ACC0031,ACC0495,7694.31,INR,NEFT,Bengaluru,branch,DEV0594
TXN009305,2026-08-25 10:24:33,ACC0280,ACC0476,1888.6,INR,NEFT,Delhi,mobile,DEV0485
TXN004987,2026-08-25 10:25:39,ACC0025,ACC0455,4342.55,INR,UPI,Kolkata,branch,DEV0253
TXN001154,2026-08-25 10:25:52,ACC0439,ACC0457,4072.43,INR,UPI,Kochi,web,DEV0131
TXN006513,2026-08-25 10:25:53,ACC0181,ACC0480,1061.73,INR,RTGS,Delhi,web,DEV0612
TXN008801,2026-08-25 10:26:18,ACC0275,ACC0498,4962.48,INR,NEFT,Bengaluru,atm,DEV0233
TXN001569,2026-08-25 10:26:53,ACC0305,ACC0481,5112.17,INR,NEFT,Kochi,web,DEV0825
TXN001498,2026-08-25 10:28:56,ACC0156,ACC0461,7432.41,INR,NEFT,Kochi,branch,DEV0449
TXN001208,2026-08-25 10:31:25,ACC0174,ACC0472,1956.86,INR,RTGS,Delhi,mobile,DEV0834
TXN007885,2026-08-25 10:31:55,ACC0062,ACC0138,5156.11,INR,UPI,Pune,branch,DEV0780
TXN000506,2026-08-25 10:34:14,ACC0224,ACC0497,5211.07,INR,IMPS,Kolkata,branch,DEV0411
TXN009626,2026-08-25 10:38:49,ACC0087,ACC0479,1595.86,INR,RTGS,Chennai,web,DEV0200
TXN003837,2026-08-25 10:39:52,ACC0062,ACC0477,14075.71,INR,UPI,Kochi,web,DEV0640
TXN005421,2026-08-25 10:41:44,ACC0364,ACC0480,3173.73,INR,NEFT,Chennai,web,DEV0878
TXN006772,2026-08-25 10:41:56,ACC0135,ACC0465,2201.69,INR,UPI,Pune,web,DEV0897
TXN004540,2026-08-25 10:43:07,ACC0282,ACC0453,4909.92,INR,UPI,Bengaluru,web,DEV0433
TXN001053,2026-08-25 10:46:10,ACC0434,ACC0488,785.5,INR,NEFT,Bengaluru,atm,DEV0216
TXN006726,2026-08-25 10:48:15,ACC0039,ACC0486,4918.58,INR,NEFT,Mumbai,branch,DEV0086
TXN001488,2026-08-25 10:50:07,ACC0170,ACC0452,208.29,INR,RTGS,Mumbai,branch,DEV0039
TXN007396,2026-08-25 10:53:33,ACC0166,ACC0086,10864.19,INR,IMPS,Kolkata,branch,DEV0841
TXN002122,2026-08-25 10:56:00,ACC0404,ACC0228,4442.0,INR,UPI,Hyderabad,mobile,DEV0498
TXN008992,2026-08-25 10:56:49,ACC0194,ACC0486,499.01,INR,NEFT,Chennai,web,DEV0186
TXN002692,2026-08-25 10:57:36,ACC0446,ACC0490,1709.24,INR,NEFT,Pune,atm,DEV0556
TXN000285,2026-08-25 10:59:06,ACC0076,ACC0488,1866.05,INR,IMPS,Kolkata,atm,DEV0271
TXN005637,2026-08-25 11:01:33,ACC0288,ACC0454,248.8,INR,NEFT,Kolkata,mobile,DEV0586
TXN000965,2026-08-25 11:01:38,ACC0050,ACC0483,2377.79,INR,UPI,Kochi,mobile,DEV0379
TXN000515,2026-08-25 11:01:56,ACC0434,ACC0475,1595.99,INR,NEFT,Mumbai,branch,DEV0427
TXN004432,2026-08-25 11:02:46,ACC0134,ACC0468,1364.51,INR,UPI,Bengaluru,web,DEV0346
TXN002727,2026-08-25 11:03:11,ACC0158,ACC0459,1416.81,INR,NEFT,Chennai,web,DEV0129
TXN004976,2026-08-25 11:05:27,ACC0144,ACC0462,935.35,INR,IMPS,Delhi,web,DEV0522
TXN005042,2026-08-25 11:06:03,ACC0108,ACC0146,467.7,INR,NEFT,Chennai,branch,DEV0659
TXN001123,2026-08-25 11:10:20,ACC0413,ACC0474,793.17,INR,IMPS,Delhi,atm,DEV0634
TXN004767,2026-08-25 11:12:40,ACC0361,ACC0141,1103.71,INR,UPI,Bengaluru,mobile,DEV0748
TXN005144,2026-08-25 11:13:52,ACC0402,ACC0467,1085.82,INR,NEFT,Bengaluru,branch,DEV0576
TXN008836,2026-08-25 11:14:48,ACC0174,ACC0325,6674.76,INR,NEFT,Kochi,atm,DEV0556
TXN004183,2026-08-25 11:15:28,ACC0006,ACC0477,454.17,INR,IMPS,Pune,mobile,DEV0302
TXN006689,2026-08-25 11:15:42,ACC0252,ACC0499,1151.95,INR,IMPS,Kochi,branch,DEV0648
TXN008829,2026-08-25 11:16:50,ACC0404,ACC0489,321.11,INR,UPI,Pune,web,DEV0744
TXN003927,2026-08-25 11:19:25,ACC0175,ACC0436,4848.73,INR,IMPS,Mumbai,atm,DEV0607
TXN003113,2026-08-25 11:19:57,ACC0399,ACC0491,308.42,INR,IMPS,Chennai,mobile,DEV0734
TXN004391,2026-08-25 11:21:27,ACC0421,ACC0500,638.18,INR,IMPS,Bengaluru,web,DEV0877
TXN005567,2026-08-25 11:22:06,ACC0173,ACC0289,796.02,INR,IMPS,Pune,web,DEV0251
TXN004788,2026-08-25 11:24:51,ACC0044,ACC0488,1311.34,INR,NEFT,Chennai,atm,DEV0356
TXN009061,2026-08-25 11:29:29,ACC0227,ACC0195,418.43,INR,IMPS,Chennai,web,DEV0847
TXN000430,2026-08-25 11:30:35,ACC0223,ACC0067,637.7,INR,NEFT,Bengaluru,web,DEV0074
TXN008879,2026-08-25 11:34:38,ACC0092,ACC0493,970.61,INR,RTGS,Hyderabad,atm,DEV0748
TXN004082,2026-08-25 11:34:41,ACC0140,ACC0451,4080.86,INR,IMPS,Pune,branch,DEV0186
TXN000609,2026-08-25 11:35:54,ACC0085,ACC0482,14707.68,INR,RTGS,Chennai,web,DEV0153
TXN001106,2026-08-25 11:36:55,ACC0382,ACC0489,1738.04,INR,IMPS,Bengaluru,web,DEV0384
TXN002207,2026-08-25 11:39:43,ACC0172,ACC0489,516.42,INR,NEFT,Kochi,atm,DEV0435
TXN003003,2026-08-25 11:43:42,ACC0017,ACC0234,6191.41,INR,RTGS,Mumbai,mobile,DEV0802
TXN000003,2026-08-25 11:44:27,ACC0143,ACC0004,1144.86,INR,IMPS,Mumbai,mobile,DEV0390
TXN008622,2026-08-25 11:45:26,ACC0311,ACC0465,1570.15,INR,NEFT,Delhi,atm,DEV0695
TXN005912,2026-08-25 11:46:44,ACC0066,ACC0476,1171.16,INR,NEFT,Mumbai,branch,DEV0874
TXN003612,2026-08-25 11:47:25,ACC0383,ACC0467,1584.25,INR,UPI,Kolkata,mobile,DEV0067
TXN005029,2026-08-25 11:47:37,ACC0028,ACC0494,699.0,INR,UPI,Bengaluru,branch,DEV0286
TXN002164,2026-08-25 11:48:28,ACC0420,ACC0477,7469.98,INR,RTGS,Bengaluru,branch,DEV0702
TXN001965,2026-08-25 11:49:47,ACC0108,ACC0476,2902.81,INR,IMPS,Pune,branch,DEV0644
TXN002573,2026-08-25 11:52:20,ACC0055,ACC0472,552.74,INR,NEFT,Kochi,atm,DEV0722
TXN007100,2026-08-25 11:52:36,ACC0380,ACC0472,2383.91,INR,NEFT,Chennai,web,DEV0815
TXN004635,2026-08-25 11:53:04,ACC0336,ACC0466,1133.81,INR,RTGS,Kochi,web,DEV0059
TXN001135,2026-08-25 11:53:11,ACC0100,ACC0489,3120.58,INR,UPI,Pune,atm,DEV0825
TXN005995,2026-08-25 11:53:33,ACC0387,ACC0479,320.55,INR,IMPS,Hyderabad,mobile,DEV0469
TXN009631,2026-08-25 11:53:57,ACC0257,ACC0488,157.04,INR,NEFT,Pune,branch,DEV0758
TXN002907,2026-08-25 11:57:56,ACC0220,ACC0489,1944.07,INR,IMPS,Bengaluru,atm,DEV0113
TXN009180,2026-08-25 11:59:14,ACC0420,ACC0474,2638.4,INR,NEFT,Bengaluru,mobile,DEV0097
TXN008697,2026-08-25 12:01:18,ACC0040,ACC0496,879.69,INR,NEFT,Chennai,mobile,DEV0150
TXN007066,2026-08-25 12:06:19,ACC0192,ACC0451,124.82,INR,UPI,Pune,mobile,DEV0483
TXN008048,2026-08-25 12:07:16,ACC0240,ACC0445,2735.65,INR,IMPS,Bengaluru,branch,DEV0312
TXN007092,2026-08-25 12:10:04,ACC0231,ACC0486,11988.27,INR,RTGS,Kochi,web,DEV0210
TXN009452,2026-08-25 12:10:12,ACC0367,ACC0470,1513.79,INR,IMPS,Kolkata,branch,DEV0441
TXN001259,2026-08-25 12:10:51,ACC0012,ACC0471,6816.5,INR,UPI,Delhi,mobile,DEV0585
TXN002032,2026-08-25 12:10:57,ACC0216,ACC0492,985.84,INR,IMPS,Pune,branch,DEV0170
TXN002168,2026-08-25 12:12:28,ACC0285,ACC0460,16282.18,INR,UPI,Hyderabad,branch,DEV0066
TXN006143,2026-08-25 12:13:58,ACC0283,ACC0457,1630.66,INR,NEFT,Bengaluru,branch,DEV0376
TXN009734,2026-08-25 12:17:11,ACC0369,ACC0484,3355.69,INR,NEFT,Chennai,atm,DEV0595
TXN001507,2026-08-25 12:17:34,ACC0258,ACC0405,878.89,INR,NEFT,Chennai,atm,DEV0141
TXN002247,2026-08-25 12:17:50,ACC0347,ACC0089,168.07,INR,UPI,Hyderabad,branch,DEV0871
TXN004582,2026-08-25 12:18:47,ACC0029,ACC0450,4048.85,INR,UPI,Mumbai,web,DEV0051
TXN001109,2026-08-25 12:25:50,ACC0074,ACC0461,541.24,INR,NEFT,Bengaluru,branch,DEV0073
TXN009504,2026-08-25 12:25:59,ACC0288,ACC0476,1014.78,INR,UPI,Bengaluru,mobile,DEV0236
TXN007484,2026-08-25 12:27:01,ACC0281,ACC0480,531.78,INR,UPI,Bengaluru,branch,DEV0217
TXN006509,2026-08-25 12:29:19,ACC0252,ACC0181,522.2,INR,RTGS,Hyderabad,branch,DEV0701
TXN003566,2026-08-25 12:30:25,ACC0010,ACC0481,4273.16,INR,RTGS,Pune,branch,DEV0875
TXN001853,2026-08-25 12:30:42,ACC0334,ACC0492,2796.97,INR,RTGS,Kolkata,branch,DEV0234
TXN004269,2026-08-25 12:35:00,ACC0172,ACC0462,2889.24,INR,RTGS,Delhi,atm,DEV0388
TXN009588,2026-08-25 12:36:44,ACC0414,ACC0458,612.98,INR,RTGS,Pune,atm,DEV0279
TXN002999,2026-08-25 12:37:11,ACC0424,ACC0463,1210.85,INR,IMPS,Hyderabad,mobile,DEV0421
TXN001964,2026-08-25 12:38:59,ACC0061,ACC0452,5425.31,INR,NEFT,Mumbai,mobile,DEV0698
TXN004697,2026-08-25 12:39:13,ACC0375,ACC0489,2204.61,INR,IMPS,Mumbai,branch,DEV0058
TXN002283,2026-08-25 12:41:52,ACC0086,ACC0458,6778.7,INR,NEFT,Mumbai,atm,DEV0228
TXN007570,2026-08-25 12:43:51,ACC0007,ACC0476,7753.26,INR,IMPS,Kolkata,web,DEV0154
TXN006169,2026-08-25 12:44:44,ACC0258,ACC0460,456.39,INR,RTGS,Pune,branch,DEV0463
TXN009285,2026-08-25 12:47:24,ACC0146,ACC0465,2500.62,INR,NEFT,Kolkata,atm,DEV0628
TXN008286,2026-08-25 12:47:26,ACC0329,ACC0495,6386.48,INR,UPI,Chennai,mobile,DEV0632
TXN003606,2026-08-25 12:51:56,ACC0078,ACC0489,2771.41,INR,RTGS,Kochi,atm,DEV0428
TXN009475,2026-08-25 12:52:51,ACC0442,ACC0149,666.38,INR,RTGS,Hyderabad,atm,DEV0840
TXN008715,2026-08-25 12:55:51,ACC0440,ACC0103,1725.2,INR,UPI,Chennai,branch,DEV0426
TXN001074,2026-08-25 13:01:52,ACC0331,ACC0234,2663.11,INR,IMPS,Hyderabad,branch,DEV0025
TXN007556,2026-08-25 13:03:53,ACC0401,ACC0113,431.5,INR,RTGS,Kolkata,mobile,DEV0294
TXN002447,2026-08-25 13:08:23,ACC0127,ACC0211,1182.28,INR,RTGS,Kochi,atm,DEV0029
TXN007197,2026-08-25 13:08:30,ACC0175,ACC0040,620.95,INR,NEFT,Pune,web,DEV0376
TXN006344,2026-08-25 13:10:25,ACC0225,ACC0390,387.98,INR,RTGS,Kolkata,branch,DEV0075
TXN001864,2026-08-25 13:10:39,ACC0055,ACC0454,5171.45,INR,IMPS,Hyderabad,atm,DEV0591
TXN001313,2026-08-25 13:11:07,ACC0002,ACC0034,3479.29,INR,RTGS,Mumbai,atm,DEV0685
TXN009013,2026-08-25 13:11:59,ACC0360,ACC0250,6304.17,INR,NEFT,Mumbai,mobile,DEV0526
TXN006162,2026-08-25 13:12:30,ACC0247,ACC0492,1979.88,INR,NEFT,Hyderabad,web,DEV0473
TXN001209,2026-08-25 13:14:15,ACC0107,ACC0458,3341.46,INR,UPI,Bengaluru,web,DEV0157
TXN001113,2026-08-25 13:14:33,ACC0364,ACC0482,2660.46,INR,IMPS,Bengaluru,atm,DEV0857
TXN009014,2026-08-25 13:15:55,ACC0351,ACC0491,3705.17,INR,UPI,Bengaluru,web,DEV0082
TXN005202,2026-08-25 13:18:37,ACC0199,ACC0435,559.81,INR,IMPS,Bengaluru,mobile,DEV0239
TXN006766,2026-08-25 13:19:09,ACC0423,ACC0489,1310.05,INR,RTGS,Mumbai,web,DEV0574
TXN002227,2026-08-25 13:19:25,ACC0354,ACC0492,1072.3,INR,RTGS,Hyderabad,mobile,DEV0738
TXN009635,2026-08-25 13:20:00,ACC0016,ACC0047,1325.83,INR,UPI,Kolkata,mobile,DEV0511
TXN005153,2026-08-25 13:21:07,ACC0072,ACC0463,554.35,INR,UPI,Kochi,web,DEV0550
TXN004197,2026-08-25 13:21:53,ACC0091,ACC0468,418.31,INR,IMPS,Delhi,atm,DEV0501
TXN000972,2026-08-25 13:26:28,ACC0050,ACC0499,616.45,INR,UPI,Delhi,atm,DEV0327
TXN005702,2026-08-25 13:26:45,ACC0325,ACC0488,1140.08,INR,IMPS,Chennai,atm,DEV0530
TXN006049,2026-08-25 13:30:19,ACC0125,ACC0472,6558.55,INR,IMPS,Kolkata,atm,DEV0363
TXN000352,2026-08-25 13:31:35,ACC0246,ACC0473,203.86,INR,UPI,Hyderabad,web,DEV0552
TXN003242,2026-08-25 13:32:14,ACC0332,ACC0469,7122.27,INR,RTGS,Kochi,mobile,DEV0472
TXN009564,2026-08-25 13:34:10,ACC0371,ACC0459,1582.47,INR,IMPS,Pune,web,DEV0051
TXN000734,2026-08-25 13:38:34,ACC0391,ACC0456,148.87,INR,IMPS,Pune,atm,DEV0314
TXN007523,2026-08-25 13:43:41,ACC0008,ACC0462,5443.75,INR,UPI,Mumbai,branch,DEV0081
TXN008748,2026-08-25 13:48:15,ACC0317,ACC0452,2615.48,INR,RTGS,Delhi,mobile,DEV0469
TXN006626,2026-08-25 13:49:16,ACC0435,ACC0483,2013.0,INR,NEFT,Mumbai,atm,DEV0199
TXN002413,2026-08-25 13:55:31,ACC0155,ACC0275,5014.11,INR,NEFT,Delhi,mobile,DEV0077
TXN003450,2026-08-25 13:55:41,ACC0179,ACC0499,2511.13,INR,RTGS,Pune,web,DEV0688
TXN009481,2026-08-25 13:57:03,ACC0040,ACC0467,655.44,INR,RTGS,Hyderabad,atm,DEV0610
TXN004950,2026-08-25 13:59:48,ACC0076,ACC0312,6402.07,INR,RTGS,Kolkata,web,DEV0493
TXN001565,2026-08-25 14:00:30,ACC0278,ACC0407,2717.54,INR,UPI,Kolkata,mobile,DEV0626
TXN009532,2026-08-25 14:01:00,ACC0130,ACC0488,3423.99,INR,RTGS,Kochi,web,DEV0453
TXN007873,2026-08-25 14:03:15,ACC0048,ACC0222,1396.31,INR,UPI,Bengaluru,mobile,DEV0357
TXN008780,2026-08-25 14:05:34,ACC0391,ACC0144,2187.04,INR,IMPS,Bengaluru,mobile,DEV0670
TXN000566,2026-08-25 14:07:29,ACC0264,ACC0458,8744.72,INR,UPI,Mumbai,branch,DEV0506
TXN006359,2026-08-25 14:08:37,ACC0246,ACC0448,1547.41,INR,IMPS,Pune,branch,DEV0128
TXN006241,2026-08-25 14:09:04,ACC0005,ACC0485,9036.01,INR,RTGS,Hyderabad,branch,DEV0727
TXN008347,2026-08-25 14:15:18,ACC0420,ACC0422,1599.69,INR,UPI,Pune,atm,DEV0546
TXN001679,2026-08-25 14:15:57,ACC0245,ACC0473,2884.7,INR,IMPS,Bengaluru,mobile,DEV0081
TXN000502,2026-08-25 14:16:10,ACC0394,ACC0493,3405.07,INR,UPI,Pune,atm,DEV0341
TXN000288,2026-08-25 14:17:46,ACC0154,ACC0227,1050.37,INR,NEFT,Kochi,web,DEV0844
TXN004940,2026-08-25 14:18:20,ACC0244,ACC0483,815.14,INR,RTGS,Chennai,atm,DEV0041
TXN009318,2026-08-25 14:19:11,ACC0082,ACC0464,174.53,INR,IMPS,Kolkata,web,DEV0414
TXN009628,2026-08-25 14:21:16,ACC0259,ACC0471,4683.09,INR,RTGS,Delhi,atm,DEV0011
TXN005467,2026-08-25 14:26:16,ACC0154,ACC0273,813.27,INR,IMPS,Chennai,branch,DEV0702
TXN001493,2026-08-25 14:27:11,ACC0137,ACC0462,283.35,INR,IMPS,Mumbai,atm,DEV0827
TXN007419,2026-08-25 14:31:14,ACC0391,ACC0323,3031.09,INR,NEFT,Bengaluru,mobile,DEV0604
TXN001653,2026-08-25 14:31:51,ACC0036,ACC0452,2035.95,INR,IMPS,Kochi,mobile,DEV0729
TXN006896,2026-08-25 14:32:52,ACC0071,ACC0497,258.25,INR,NEFT,Kolkata,mobile,DEV0470
TXN007770,2026-08-25 14:36:32,ACC0140,ACC0080,1513.21,INR,UPI,Chennai,atm,DEV0587
TXN002709,2026-08-25 14:37:11,ACC0340,ACC0357,351.02,INR,RTGS,Bengaluru,web,DEV0844
TXN003370,2026-08-25 14:41:14,ACC0365,ACC0490,727.3,INR,NEFT,Delhi,branch,DEV0132
TXN009397,2026-08-25 14:42:02,ACC0097,ACC0495,1977.08,INR,UPI,Mumbai,mobile,DEV0720
TXN008051,2026-08-25 14:43:40,ACC0212,ACC0340,318.25,INR,UPI,Hyderabad,mobile,DEV0808
TXN008511,2026-08-25 14:43:55,ACC0176,ACC0489,1004.64,INR,NEFT,Mumbai,branch,DEV0125
TXN000393,2026-08-25 14:47:37,ACC0331,ACC0479,1757.89,INR,NEFT,Delhi,mobile,DEV0129
TXN009867,2026-08-25 14:49:57,ACC0424,ACC0468,943.36,INR,IMPS,Kolkata,atm,DEV0787
TXN001908,2026-08-25 14:50:12,ACC0113,ACC0478,1640.96,INR,IMPS,Kochi,mobile,DEV0170
TXN007849,2026-08-25 14:53:45,ACC0104,ACC0490,3338.77,INR,UPI,Bengaluru,branch,DEV0314
TXN002798,2026-08-25 14:55:08,ACC0243,ACC0469,834.78,INR,IMPS,Delhi,web,DEV0767
TXN001022,2026-08-25 14:57:18,ACC0391,ACC0205,15339.16,INR,RTGS,Pune,mobile,DEV0356
TXN008990,2026-08-25 14:58:41,ACC0094,ACC0477,1566.26,INR,NEFT,Delhi,branch,DEV0301
TXN001238,2026-08-25 15:02:19,ACC0382,ACC0091,660.25,INR,RTGS,Bengaluru,atm,DEV0828
TXN007389,2026-08-25 15:03:47,ACC0433,ACC0394,2400.93,INR,IMPS,Pune,web,DEV0801
TXN008890,2026-08-25 15:10:25,ACC0407,ACC0473,5255.88,INR,RTGS,Delhi,branch,DEV0403
TXN009536,2026-08-25 15:15:01,ACC0234,ACC0499,3114.38,INR,RTGS,Mumbai,branch,DEV0218
TXN002745,2026-08-25 15:15:58,ACC0053,ACC0487,2627.43,INR,RTGS,Bengaluru,branch,DEV0630
TXN002614,2026-08-25 15:16:07,ACC0369,ACC0492,527.8,INR,RTGS,Chennai,branch,DEV0397
TXN005806,2026-08-25 15:16:17,ACC0113,ACC0498,809.72,INR,UPI,Pune,branch,DEV0600
TXN002521,2026-08-25 15:17:20,ACC0054,ACC0473,650.81,INR,NEFT,Kochi,branch,DEV0678
TXN003154,2026-08-25 15:18:34,ACC0311,ACC0158,1025.53,INR,RTGS,Bengaluru,web,DEV0327
TXN001594,2026-08-25 15:19:10,ACC0088,ACC0488,1265.15,INR,NEFT,Pune,web,DEV0817
TXN001229,2026-08-25 15:19:52,ACC0356,ACC0124,358.98,INR,NEFT,Chennai,mobile,DEV0032
TXN003424,2026-08-25 15:21:15,ACC0313,ACC0454,218.8,INR,RTGS,Kolkata,mobile,DEV0585
TXN003355,2026-08-25 15:25:22,ACC0182,ACC0458,1447.69,INR,UPI,Bengaluru,mobile,DEV0293
TXN001638,2026-08-25 15:30:12,ACC0391,ACC0467,425.66,INR,NEFT,Delhi,web,DEV0222
TXN009467,2026-08-25 15:30:50,ACC0013,ACC0316,243.57,INR,UPI,Pune,mobile,DEV0605
TXN006595,2026-08-25 15:33:10,ACC0029,ACC0453,1497.5,INR,RTGS,Hyderabad,atm,DEV0512
TXN005843,2026-08-25 15:33:11,ACC0449,ACC0464,1289.27,INR,IMPS,Pune,branch,DEV0794
TXN005047,2026-08-25 15:35:14,ACC0123,ACC0460,291.47,INR,UPI,Bengaluru,web,DEV0576
TXN007744,2026-08-25 15:35:35,ACC0127,ACC0493,1403.64,INR,NEFT,Kolkata,atm,DEV0691
TXN005736,2026-08-25 15:38:13,ACC0360,ACC0457,1812.48,INR,NEFT,Mumbai,mobile,DEV0779
TXN002024,2026-08-25 15:40:04,ACC0343,ACC0488,5243.89,INR,RTGS,Kochi,web,DEV0861
TXN004640,2026-08-25 15:43:15,ACC0219,ACC0427,1619.03,INR,NEFT,Chennai,web,DEV0117
TXN002052,2026-08-25 15:46:54,ACC0390,ACC0420,1345.41,INR,UPI,Mumbai,atm,DEV0224
TXN007640,2026-08-25 15:48:38,ACC0337,ACC0500,1185.83,INR,UPI,Hyderabad,mobile,DEV0417
TXN002026,2026-08-25 15:48:44,ACC0238,ACC0499,482.49,INR,UPI,Kolkata,atm,DEV0656
TXN000720,2026-08-25 15:49:12,ACC0027,ACC0454,5967.09,INR,NEFT,Bengaluru,mobile,DEV0017
TXN008207,2026-08-25 15:49:51,ACC0056,ACC0462,3377.12,INR,RTGS,Delhi,branch,DEV0066
TXN007904,2026-08-25 15:59:17,ACC0125,ACC0454,1982.75,INR,NEFT,Chennai,atm,DEV0203
TXN004611,2026-08-25 16:10:05,ACC0436,ACC0256,19950.62,INR,RTGS,Bengaluru,atm,DEV0157
TXN008676,2026-08-25 16:10:38,ACC0442,ACC0023,8553.62,INR,IMPS,Kolkata,web,DEV0781
TXN000406,2026-08-25 16:15:47,ACC0394,ACC0198,2670.78,INR,NEFT,Kochi,atm,DEV0698
TXN004268,2026-08-25 16:21:00,ACC0152,ACC0460,10186.61,INR,NEFT,Chennai,web,DEV0185
TXN005112,2026-08-25 16:22:37,ACC0378,ACC0492,1041.98,INR,IMPS,Kochi,atm,DEV0755
TXN007479,2026-08-25 16:23:33,ACC0054,ACC0500,3354.1,INR,RTGS,Kochi,atm,DEV0456
TXN002416,2026-08-25 16:24:09,ACC0056,ACC0122,3374.23,INR,RTGS,Pune,atm,DEV0706
TXN001920,2026-08-25 16:25:01,ACC0264,ACC0483,3185.27,INR,IMPS,Chennai,branch,DEV0585
TXN008906,2026-08-25 16:26:30,ACC0248,ACC0453,453.05,INR,UPI,Mumbai,web,DEV0502
TXN005781,2026-08-25 16:28:26,ACC0422,ACC0472,212.19,INR,IMPS,Mumbai,atm,DEV0265
TXN000475,2026-08-25 16:30:14,ACC0159,ACC0496,4475.76,INR,IMPS,Pune,web,DEV0717
TXN003092,2026-08-25 16:30:40,ACC0354,ACC0459,2776.32,INR,IMPS,Kolkata,branch,DEV0452
TXN006212,2026-08-25 16:30:42,ACC0016,ACC0494,7757.58,INR,NEFT,Pune,mobile,DEV0042
TXN008920,2026-08-25 16:32:00,ACC0010,ACC0447,3849.81,INR,IMPS,Chennai,atm,DEV0816
TXN008066,2026-08-25 16:36:54,ACC0318,ACC0467,942.96,INR,IMPS,Mumbai,web,DEV0624
TXN007846,2026-08-25 16:40:45,ACC0214,ACC0490,287.69,INR,RTGS,Kolkata,branch,DEV0501
TXN009392,2026-08-25 16:42:15,ACC0209,ACC0467,1862.59,INR,IMPS,Kochi,mobile,DEV0440
TXN003343,2026-08-25 16:44:23,ACC0390,ACC0447,237.42,INR,RTGS,Hyderabad,branch,DEV0224
TXN009036,2026-08-25 16:48:30,ACC0342,ACC0194,2062.2,INR,IMPS,Chennai,mobile,DEV0842
TXN005217,2026-08-25 16:50:32,ACC0215,ACC0084,15070.85,INR,NEFT,Bengaluru,web,DEV0830
TXN008501,2026-08-25 16:53:05,ACC0291,ACC0134,216.2,INR,RTGS,Chennai,mobile,DEV0619
TXN000527,2026-08-25 17:02:27,ACC0021,ACC0376,1831.3,INR,UPI,Kochi,atm,DEV0247
TXN009695,2026-08-25 17:03:37,ACC0059,ACC0030,856.23,INR,NEFT,Kolkata,branch,DEV0575
TXN000977,2026-08-25 17:04:41,ACC0400,ACC0181,4701.58,INR,NEFT,Hyderabad,web,DEV0383
TXN001470,2026-08-25 17:06:09,ACC0449,ACC0470,3277.53,INR,UPI,Mumbai,branch,DEV0024
TXN004750,2026-08-25 17:07:32,ACC0014,ACC0466,2330.54,INR,IMPS,Mumbai,atm,DEV0506
TXN002183,2026-08-25 17:10:18,ACC0127,ACC0488,559.97,INR,NEFT,Mumbai,atm,DEV0796
TXN007944,2026-08-25 17:11:30,ACC0142,ACC0460,652.72,INR,NEFT,Mumbai,web,DEV0366
TXN000496,2026-08-25 17:14:24,ACC0244,ACC0498,2886.41,INR,IMPS,Delhi,atm,DEV0013
TXN008163,2026-08-25 17:15:14,ACC0450,ACC0484,753.74,INR,IMPS,Delhi,atm,DEV0522
TXN003374,2026-08-25 17:15:23,ACC0321,ACC0488,7182.85,INR,IMPS,Kochi,atm,DEV0058
TXN003790,2026-08-25 17:17:35,ACC0230,ACC0473,801.28,INR,NEFT,Bengaluru,web,DEV0774
TXN006971,2026-08-25 17:21:54,ACC0157,ACC0468,2113.79,INR,IMPS,Pune,branch,DEV0671
TXN008184,2026-08-25 17:22:24,ACC0414,ACC0472,407.12,INR,UPI,Hyderabad,mobile,DEV0806
TXN000696,2026-08-25 17:23:31,ACC0199,ACC0331,1708.59,INR,IMPS,Kochi,atm,DEV0486
TXN002367,2026-08-25 17:25:52,ACC0285,ACC0483,4231.29,INR,RTGS,Kolkata,atm,DEV0706
TXN008146,2026-08-25 17:26:26,ACC0164,ACC0476,3976.0,INR,RTGS,Hyderabad,mobile,DEV0409
TXN001340,2026-08-25 17:26:36,ACC0011,ACC0495,918.68,INR,NEFT,Mumbai,branch,DEV0739
TXN001508,2026-08-25 17:28:38,ACC0133,ACC0460,2097.64,INR,UPI,Mumbai,branch,DEV0076
TXN001103,2026-08-25 17:29:42,ACC0175,ACC0250,3209.83,INR,IMPS,Pune,mobile,DEV0557
TXN004939,2026-08-25 17:35:28,ACC0040,ACC0486,916.32,INR,RTGS,Bengaluru,web,DEV0086
TXN009041,2026-08-25 17:37:10,ACC0288,ACC0489,5543.37,INR,UPI,Kochi,atm,DEV0553
TXN003645,2026-08-25 17:37:20,ACC0390,ACC0453,1222.31,INR,UPI,Kochi,atm,DEV0899
TXN007845,2026-08-25 17:38:33,ACC0446,ACC0159,591.56,INR,RTGS,Bengaluru,branch,DEV0648
TXN002599,2026-08-25 17:38:51,ACC0004,ACC0482,360.48,INR,RTGS,Pune,web,DEV0591
TXN003217,2026-08-25 17:40:38,ACC0156,ACC0487,419.58,INR,NEFT,Chennai,branch,DEV0166
TXN010111,2026-08-25 17:41:07,ACC0089,ACC0503,44582.85,INR,UPI,Delhi,web,DEV0637
TXN001548,2026-08-25 17:41:08,ACC0248,ACC0499,710.97,INR,IMPS,Mumbai,mobile,DEV0004
TXN005182,2026-08-25 17:43:48,ACC0142,ACC0322,1843.77,INR,IMPS,Pune,web,DEV0086
TXN001283,2026-08-25 17:46:47,ACC0391,ACC0493,1871.03,INR,NEFT,Pune,branch,DEV0677
TXN002446,2026-08-25 17:50:00,ACC0060,ACC0324,794.69,INR,IMPS,Delhi,mobile,DEV0332
TXN001003,2026-08-25 17:51:06,ACC0089,ACC0492,3938.7,INR,NEFT,Delhi,mobile,DEV0430
TXN010112,2026-08-25 17:51:07,ACC0393,ACC0503,46837.35,INR,UPI,Mumbai,atm,DEV0673
TXN001636,2026-08-25 17:51:10,ACC0311,ACC0458,3560.91,INR,UPI,Mumbai,mobile,DEV0504
TXN006030,2026-08-25 17:53:12,ACC0195,ACC0463,1166.17,INR,RTGS,Mumbai,mobile,DEV0797
TXN006475,2026-08-25 17:53:18,ACC0093,ACC0496,16332.57,INR,RTGS,Hyderabad,web,DEV0544
TXN010113,2026-08-25 17:54:07,ACC0428,ACC0503,43769.8,INR,UPI,Kochi,atm,DEV0552
TXN004997,2026-08-25 17:54:16,ACC0012,ACC0226,3173.82,INR,IMPS,Kolkata,branch,DEV0056
TXN004669,2026-08-25 17:55:57,ACC0118,ACC0451,1376.34,INR,UPI,Chennai,mobile,DEV0211
TXN000013,2026-08-25 17:58:00,ACC0192,ACC0277,2356.92,INR,UPI,Kolkata,branch,DEV0246
TXN003648,2026-08-25 17:58:27,ACC0013,ACC0126,6746.25,INR,IMPS,Kochi,mobile,DEV0832
TXN004263,2026-08-25 17:58:45,ACC0434,ACC0479,3595.94,INR,RTGS,Hyderabad,atm,DEV0448
TXN001952,2026-08-25 17:58:52,ACC0292,ACC0424,966.53,INR,UPI,Mumbai,atm,DEV0675
TXN010114,2026-08-25 18:03:07,ACC0215,ACC0503,47268.84,INR,UPI,Kolkata,branch,DEV0517
TXN000384,2026-08-25 18:08:03,ACC0262,ACC0465,1779.69,INR,UPI,Kolkata,atm,DEV0882
TXN009519,2026-08-25 18:10:41,ACC0182,ACC0470,43118.97,INR,NEFT,Chennai,atm,DEV0454
TXN010115,2026-08-25 18:12:07,ACC0242,ACC0503,42542.01,INR,UPI,Mumbai,mobile,DEV0338
TXN008414,2026-08-25 18:12:37,ACC0226,ACC0466,2390.82,INR,NEFT,Kolkata,web,DEV0236
TXN006297,2026-08-25 18:12:48,ACC0134,ACC0477,2374.8,INR,NEFT,Kolkata,mobile,DEV0265
TXN000281,2026-08-25 18:14:35,ACC0177,ACC0212,423.39,INR,RTGS,Kochi,web,DEV0488
TXN009283,2026-08-25 18:15:18,ACC0429,ACC0467,173.4,INR,NEFT,Chennai,branch,DEV0766
TXN006785,2026-08-25 18:16:01,ACC0286,ACC0301,303.89,INR,IMPS,Chennai,web,DEV0593
TXN005696,2026-08-25 18:16:17,ACC0154,ACC0122,1071.15,INR,RTGS,Pune,web,DEV0425
TXN006431,2026-08-25 18:17:01,ACC0028,ACC0147,4080.03,INR,RTGS,Kolkata,mobile,DEV0340
TXN006523,2026-08-25 18:18:40,ACC0130,ACC0344,3582.24,INR,RTGS,Hyderabad,web,DEV0153
TXN002845,2026-08-25 18:18:52,ACC0076,ACC0363,635.73,INR,RTGS,Pune,mobile,DEV0495
TXN006730,2026-08-25 18:20:36,ACC0344,ACC0495,466.04,INR,IMPS,Hyderabad,mobile,DEV0344
TXN010116,2026-08-25 18:23:07,ACC0177,ACC0503,45749.99,INR,UPI,Delhi,atm,DEV0847
TXN001557,2026-08-25 18:23:59,ACC0041,ACC0451,1464.38,INR,IMPS,Mumbai,atm,DEV0499
TXN008922,2026-08-25 18:28:02,ACC0069,ACC0483,2477.68,INR,IMPS,Delhi,mobile,DEV0642
TXN005943,2026-08-25 18:29:13,ACC0072,ACC0456,3336.44,INR,UPI,Delhi,web,DEV0224
TXN003377,2026-08-25 18:33:50,ACC0341,ACC0267,1056.23,INR,UPI,Bengaluru,branch,DEV0634
TXN010117,2026-08-25 18:35:07,ACC0436,ACC0503,39574.95,INR,UPI,Bengaluru,web,DEV0322
TXN009937,2026-08-25 18:37:37,ACC0329,ACC0460,9536.73,INR,NEFT,Mumbai,atm,DEV0418
TXN002496,2026-08-25 18:37:40,ACC0205,ACC0484,7090.65,INR,IMPS,Kolkata,branch,DEV0623
TXN001911,2026-08-25 18:38:01,ACC0372,ACC0471,4509.13,INR,UPI,Hyderabad,atm,DEV0052
TXN003933,2026-08-25 18:41:06,ACC0135,ACC0492,3009.1,INR,NEFT,Mumbai,web,DEV0849
TXN002882,2026-08-25 18:43:15,ACC0201,ACC0453,13446.36,INR,RTGS,Chennai,branch,DEV0662
TXN007060,2026-08-25 18:45:33,ACC0016,ACC0477,1478.26,INR,NEFT,Pune,atm,DEV0717
TXN010118,2026-08-25 18:47:07,ACC0311,ACC0503,41273.76,INR,UPI,Chennai,mobile,DEV0537
TXN004927,2026-08-25 18:51:23,ACC0138,ACC0347,14204.12,INR,NEFT,Chennai,atm,DEV0591
TXN000401,2026-08-25 18:51:44,ACC0217,ACC0484,2662.7,INR,IMPS,Pune,web,DEV0874
TXN007597,2026-08-25 18:53:01,ACC0194,ACC0469,2350.98,INR,NEFT,Delhi,mobile,DEV0235
TXN004892,2026-08-25 18:54:08,ACC0415,ACC0469,318.01,INR,UPI,Chennai,web,DEV0230
TXN006503,2026-08-25 18:54:37,ACC0320,ACC0464,2233.17,INR,IMPS,Hyderabad,atm,DEV0084
TXN002391,2026-08-25 18:54:57,ACC0002,ACC0137,397.4,INR,NEFT,Hyderabad,mobile,DEV0355
TXN004554,2026-08-25 18:57:32,ACC0330,ACC0003,474.37,INR,UPI,Kolkata,mobile,DEV0818
TXN006054,2026-08-25 18:58:42,ACC0450,ACC0475,3249.28,INR,RTGS,Kolkata,web,DEV0143
TXN002532,2026-08-25 19:01:52,ACC0291,ACC0246,802.87,INR,NEFT,Chennai,mobile,DEV0319
TXN008461,2026-08-25 19:02:27,ACC0184,ACC0489,250.32,INR,NEFT,Pune,mobile,DEV0035
TXN006659,2026-08-25 19:02:58,ACC0055,ACC0458,3041.16,INR,IMPS,Pune,branch,DEV0719
TXN000448,2026-08-25 19:03:12,ACC0021,ACC0484,850.11,INR,IMPS,Hyderabad,atm,DEV0171
TXN005119,2026-08-25 19:06:24,ACC0120,ACC0205,2029.33,INR,RTGS,Delhi,atm,DEV0553
TXN000976,2026-08-25 19:07:39,ACC0449,ACC0464,2079.76,INR,UPI,Chennai,atm,DEV0093
TXN001425,2026-08-25 19:11:01,ACC0200,ACC0485,7289.58,INR,RTGS,Mumbai,mobile,DEV0737
TXN010119,2026-08-25 19:13:07,ACC0503,ACC0508,193379.75,INR,IMPS,Kochi,atm,DEV0463
TXN005720,2026-08-25 19:14:19,ACC0228,ACC0490,5318.73,INR,RTGS,Chennai,mobile,DEV0228
TXN000795,2026-08-25 19:15:03,ACC0080,ACC0451,2728.44,INR,UPI,Pune,atm,DEV0297
TXN002051,2026-08-25 19:17:22,ACC0328,ACC0412,1344.42,INR,RTGS,Kochi,branch,DEV0026
TXN001434,2026-08-25 19:18:52,ACC0313,ACC0482,621.15,INR,UPI,Mumbai,atm,DEV0614
TXN000577,2026-08-25 19:21:24,ACC0415,ACC0014,512.7,INR,IMPS,Pune,branch,DEV0058
TXN009757,2026-08-25 19:21:33,ACC0244,ACC0469,2066.37,INR,UPI,Pune,branch,DEV0341
TXN001000,2026-08-25 19:22:46,ACC0444,ACC0480,1125.46,INR,NEFT,Pune,branch,DEV0184
TXN002120,2026-08-25 19:23:25,ACC0080,ACC0459,1165.83,INR,UPI,Kochi,mobile,DEV0680
TXN003707,2026-08-25 19:24:11,ACC0348,ACC0499,3493.03,INR,IMPS,Chennai,web,DEV0786
TXN003677,2026-08-25 19:26:21,ACC0427,ACC0470,495.93,INR,IMPS,Chennai,branch,DEV0198
TXN002406,2026-08-25 19:27:53,ACC0370,ACC0474,415.57,INR,RTGS,Chennai,web,DEV0871
TXN007371,2026-08-25 19:29:25,ACC0026,ACC0462,2227.49,INR,NEFT,Bengaluru,atm,DEV0593
TXN003750,2026-08-25 19:31:50,ACC0383,ACC0463,3200.59,INR,IMPS,Kolkata,mobile,DEV0163
TXN010120,2026-08-25 19:33:07,ACC0503,ACC0569,140639.82,INR,IMPS,Kolkata,branch,DEV0857
TXN000501,2026-08-25 19:36:51,ACC0310,ACC0493,2682.45,INR,RTGS,Mumbai,atm,DEV0284
TXN002479,2026-08-25 19:37:55,ACC0164,ACC0379,903.01,INR,NEFT,Kolkata,atm,DEV0203
TXN002626,2026-08-25 19:38:28,ACC0385,ACC0487,1264.73,INR,RTGS,Chennai,branch,DEV0352
TXN002676,2026-08-25 19:39:27,ACC0036,ACC0489,1294.38,INR,NEFT,Kochi,web,DEV0298
TXN003441,2026-08-25 19:42:56,ACC0416,ACC0498,545.51,INR,NEFT,Kolkata,mobile,DEV0301
TXN004765,2026-08-25 19:43:15,ACC0089,ACC0447,2307.48,INR,UPI,Delhi,mobile,DEV0742
TXN009186,2026-08-25 19:44:18,ACC0320,ACC0459,1432.26,INR,NEFT,Delhi,web,DEV0531
TXN007087,2026-08-25 19:46:08,ACC0131,ACC0154,405.65,INR,UPI,Kolkata,atm,DEV0127
TXN000598,2026-08-25 19:48:08,ACC0081,ACC0496,13141.49,INR,IMPS,Kochi,atm,DEV0895
TXN003961,2026-08-25 19:48:11,ACC0398,ACC0285,1084.36,INR,NEFT,Kolkata,atm,DEV0571
TXN002388,2026-08-25 19:48:15,ACC0318,ACC0484,1793.62,INR,RTGS,Hyderabad,atm,DEV0456
TXN008646,2026-08-25 19:50:22,ACC0160,ACC0484,2619.41,INR,RTGS,Bengaluru,branch,DEV0125
TXN004071,2026-08-25 19:51:14,ACC0184,ACC0496,4543.18,INR,IMPS,Kolkata,mobile,DEV0184
TXN003248,2026-08-25 20:00:02,ACC0426,ACC0480,7050.96,INR,IMPS,Hyderabad,atm,DEV0452
TXN007546,2026-08-25 20:01:30,ACC0292,ACC0464,951.34,INR,UPI,Hyderabad,branch,DEV0266
TXN008600,2026-08-25 20:06:37,ACC0260,ACC0468,2793.45,INR,IMPS,Chennai,web,DEV0492
TXN001371,2026-08-25 20:08:23,ACC0011,ACC0477,24502.13,INR,RTGS,Bengaluru,mobile,DEV0318
TXN002656,2026-08-25 20:09:21,ACC0084,ACC0022,1075.28,INR,RTGS,Bengaluru,atm,DEV0470
TXN007116,2026-08-25 20:13:04,ACC0351,ACC0316,1168.36,INR,IMPS,Pune,branch,DEV0554
TXN000979,2026-08-25 20:15:02,ACC0155,ACC0491,1002.28,INR,RTGS,Pune,web,DEV0838
TXN007953,2026-08-25 20:16:36,ACC0049,ACC0476,3211.71,INR,IMPS,Kochi,mobile,DEV0614
TXN004166,2026-08-25 20:17:13,ACC0333,ACC0460,1423.83,INR,NEFT,Delhi,mobile,DEV0190
TXN005076,2026-08-25 20:17:25,ACC0190,ACC0462,791.23,INR,IMPS,Mumbai,branch,DEV0446
TXN008111,2026-08-25 20:17:40,ACC0323,ACC0477,1196.76,INR,RTGS,Mumbai,web,DEV0256
TXN005352,2026-08-25 20:18:11,ACC0072,ACC0463,3639.5,INR,RTGS,Kolkata,atm,DEV0098
TXN005295,2026-08-25 20:20:08,ACC0009,ACC0456,573.13,INR,IMPS,Chennai,atm,DEV0441
TXN006452,2026-08-25 20:20:52,ACC0006,ACC0362,873.1,INR,IMPS,Delhi,mobile,DEV0621
TXN009921,2026-08-25 20:21:02,ACC0003,ACC0269,1916.69,INR,NEFT,Chennai,web,DEV0694
TXN009444,2026-08-25 20:22:36,ACC0298,ACC0244,15021.24,INR,IMPS,Bengaluru,branch,DEV0577
TXN006342,2026-08-25 20:26:31,ACC0037,ACC0494,5235.32,INR,NEFT,Bengaluru,atm,DEV0368
TXN000743,2026-08-25 20:26:33,ACC0252,ACC0455,1312.24,INR,RTGS,Delhi,web,DEV0384
TXN007332,2026-08-25 20:27:45,ACC0412,ACC0323,1116.37,INR,RTGS,Pune,mobile,DEV0315
TXN000391,2026-08-25 20:28:56,ACC0167,ACC0482,208.66,INR,RTGS,Delhi,web,DEV0656
TXN004434,2026-08-25 20:37:30,ACC0324,ACC0461,1870.74,INR,NEFT,Kochi,atm,DEV0503
TXN002973,2026-08-25 20:45:14,ACC0433,ACC0497,2047.31,INR,NEFT,Bengaluru,mobile,DEV0825
TXN004999,2026-08-25 20:46:52,ACC0091,ACC0463,4330.92,INR,RTGS,Kochi,atm,DEV0305
TXN000570,2026-08-25 20:49:37,ACC0218,ACC0143,3378.49,INR,RTGS,Kolkata,atm,DEV0683
TXN008020,2026-08-25 20:50:01,ACC0190,ACC0478,163.73,INR,IMPS,Kochi,web,DEV0439
TXN000825,2026-08-25 20:51:47,ACC0367,ACC0487,915.74,INR,IMPS,Chennai,web,DEV0872
TXN009436,2026-08-25 20:52:23,ACC0256,ACC0492,1412.89,INR,UPI,Kochi,mobile,DEV0304
TXN006732,2026-08-25 20:55:58,ACC0391,ACC0201,355.56,INR,RTGS,Mumbai,mobile,DEV0572
TXN003801,2026-08-25 20:59:40,ACC0330,ACC0458,289.7,INR,RTGS,Kochi,atm,DEV0623
TXN006333,2026-08-26 09:00:26,ACC0396,ACC0311,516.49,INR,RTGS,Kochi,branch,DEV0191
TXN002929,2026-08-26 09:05:17,ACC0422,ACC0482,2987.78,INR,RTGS,Delhi,mobile,DEV0108
TXN009136,2026-08-26 09:07:58,ACC0386,ACC0455,3503.63,INR,NEFT,Delhi,web,DEV0095
TXN000294,2026-08-26 09:14:16,ACC0068,ACC0489,59113.73,INR,IMPS,Pune,atm,DEV0873
TXN005913,2026-08-26 09:15:14,ACC0128,ACC0480,721.98,INR,RTGS,Pune,atm,DEV0567
TXN001499,2026-08-26 09:16:34,ACC0006,ACC0454,321.57,INR,RTGS,Mumbai,web,DEV0863
TXN004107,2026-08-26 09:17:08,ACC0014,ACC0496,8549.56,INR,NEFT,Delhi,mobile,DEV0092
TXN003605,2026-08-26 09:19:21,ACC0286,ACC0016,4089.9,INR,IMPS,Pune,mobile,DEV0851
TXN001363,2026-08-26 09:20:24,ACC0391,ACC0490,1452.18,INR,RTGS,Chennai,mobile,DEV0614
TXN001272,2026-08-26 09:20:54,ACC0274,ACC0126,698.44,INR,UPI,Chennai,atm,DEV0139
TXN003298,2026-08-26 09:21:03,ACC0333,ACC0471,3160.92,INR,RTGS,Mumbai,branch,DEV0599
TXN002358,2026-08-26 09:21:43,ACC0172,ACC0496,6679.7,INR,RTGS,Chennai,branch,DEV0566
TXN007780,2026-08-26 09:23:54,ACC0109,ACC0040,271.47,INR,UPI,Hyderabad,atm,DEV0776
TXN004229,2026-08-26 09:27:42,ACC0100,ACC0474,2285.14,INR,NEFT,Hyderabad,atm,DEV0242
TXN009425,2026-08-26 09:32:54,ACC0364,ACC0388,645.65,INR,IMPS,Hyderabad,branch,DEV0872
TXN009661,2026-08-26 09:41:01,ACC0398,ACC0472,1971.26,INR,RTGS,Bengaluru,mobile,DEV0397
TXN004150,2026-08-26 09:46:18,ACC0404,ACC0418,922.14,INR,NEFT,Bengaluru,web,DEV0216
TXN001119,2026-08-26 09:46:29,ACC0169,ACC0477,3957.4,INR,IMPS,Kolkata,web,DEV0284
TXN006967,2026-08-26 09:50:19,ACC0447,ACC0493,7930.78,INR,RTGS,Chennai,branch,DEV0331
TXN008301,2026-08-26 10:00:40,ACC0344,ACC0008,3769.36,INR,NEFT,Mumbai,mobile,DEV0068
TXN005761,2026-08-26 10:05:01,ACC0292,ACC0294,572.77,INR,NEFT,Kolkata,mobile,DEV0836
TXN008387,2026-08-26 10:10:01,ACC0107,ACC0456,363.01,INR,IMPS,Delhi,atm,DEV0507
TXN003690,2026-08-26 10:11:25,ACC0084,ACC0457,1068.39,INR,UPI,Kolkata,branch,DEV0269
TXN006235,2026-08-26 10:17:15,ACC0362,ACC0491,1755.24,INR,NEFT,Kochi,web,DEV0008
TXN008650,2026-08-26 10:17:15,ACC0036,ACC0123,662.05,INR,NEFT,Kochi,atm,DEV0540
TXN001700,2026-08-26 10:23:47,ACC0436,ACC0462,522.66,INR,UPI,Kolkata,web,DEV0891
TXN005380,2026-08-26 10:26:46,ACC0066,ACC0479,1193.27,INR,UPI,Hyderabad,web,DEV0653
TXN001906,2026-08-26 10:30:20,ACC0024,ACC0220,1802.95,INR,UPI,Kochi,web,DEV0177
TXN008944,2026-08-26 10:30:44,ACC0402,ACC0473,510.55,INR,IMPS,Mumbai,web,DEV0151
TXN004446,2026-08-26 10:31:24,ACC0356,ACC0489,3642.73,INR,RTGS,Chennai,mobile,DEV0131
TXN005280,2026-08-26 10:31:40,ACC0172,ACC0497,1921.06,INR,UPI,Mumbai,web,DEV0548
TXN001597,2026-08-26 10:33:36,ACC0181,ACC0269,3676.13,INR,RTGS,Mumbai,mobile,DEV0516
TXN003950,2026-08-26 10:35:39,ACC0135,ACC0042,8451.34,INR,NEFT,Hyderabad,branch,DEV0802
TXN000219,2026-08-26 10:36:06,ACC0143,ACC0415,5543.66,INR,IMPS,Kolkata,web,DEV0469
TXN005214,2026-08-26 10:43:59,ACC0440,ACC0485,526.46,INR,IMPS,Chennai,atm,DEV0111
TXN007615,2026-08-26 10:44:16,ACC0133,ACC0492,558.9,INR,RTGS,Bengaluru,atm,DEV0099
TXN002993,2026-08-26 10:45:33,ACC0337,ACC0475,6757.92,INR,RTGS,Kochi,atm,DEV0434
TXN003313,2026-08-26 10:45:43,ACC0444,ACC0151,1556.08,INR,RTGS,Hyderabad,web,DEV0033
TXN005977,2026-08-26 10:46:17,ACC0057,ACC0091,8348.33,INR,IMPS,Pune,branch,DEV0449
TXN005864,2026-08-26 10:50:05,ACC0319,ACC0041,581.47,INR,RTGS,Pune,mobile,DEV0818
TXN003460,2026-08-26 10:53:14,ACC0045,ACC0487,1893.21,INR,RTGS,Pune,web,DEV0022
TXN001382,2026-08-26 10:55:33,ACC0040,ACC0455,3036.64,INR,UPI,Hyderabad,web,DEV0237
TXN003314,2026-08-26 10:57:43,ACC0243,ACC0083,1679.2,INR,RTGS,Kochi,mobile,DEV0694
TXN007861,2026-08-26 10:58:37,ACC0408,ACC0133,560.4,INR,UPI,Pune,web,DEV0217
TXN006325,2026-08-26 11:00:20,ACC0214,ACC0096,96.2,INR,IMPS,Kolkata,web,DEV0570
TXN005999,2026-08-26 11:02:56,ACC0244,ACC0492,1052.78,INR,UPI,Pune,branch,DEV0226
TXN008693,2026-08-26 11:05:27,ACC0091,ACC0490,2672.28,INR,NEFT,Hyderabad,mobile,DEV0183
TXN007932,2026-08-26 11:05:38,ACC0331,ACC0486,5442.56,INR,UPI,Kochi,atm,DEV0185
TXN005628,2026-08-26 11:08:17,ACC0126,ACC0482,1589.01,INR,UPI,Mumbai,atm,DEV0138
TXN002148,2026-08-26 11:14:00,ACC0373,ACC0490,260.98,INR,NEFT,Delhi,web,DEV0085
TXN004503,2026-08-26 11:14:57,ACC0118,ACC0500,3087.32,INR,RTGS,Delhi,web,DEV0391
TXN001293,2026-08-26 11:21:10,ACC0121,ACC0490,2578.08,INR,UPI,Mumbai,mobile,DEV0085
TXN008802,2026-08-26 11:22:13,ACC0395,ACC0016,6844.72,INR,IMPS,Chennai,web,DEV0716
TXN006851,2026-08-26 11:25:34,ACC0054,ACC0466,4512.83,INR,RTGS,Mumbai,mobile,DEV0805
TXN005636,2026-08-26 11:25:42,ACC0104,ACC0463,1105.39,INR,UPI,Hyderabad,branch,DEV0294
TXN005249,2026-08-26 11:26:10,ACC0375,ACC0453,320.03,INR,UPI,Bengaluru,web,DEV0020
TXN001623,2026-08-26 11:26:52,ACC0279,ACC0466,4131.72,INR,UPI,Kochi,atm,DEV0226
TXN005330,2026-08-26 11:28:56,ACC0121,ACC0495,1988.45,INR,IMPS,Kolkata,mobile,DEV0605
TXN009698,2026-08-26 11:29:40,ACC0300,ACC0460,203.47,INR,RTGS,Pune,atm,DEV0815
TXN007016,2026-08-26 11:30:44,ACC0360,ACC0452,14532.67,INR,RTGS,Hyderabad,web,DEV0147
TXN004907,2026-08-26 11:39:08,ACC0356,ACC0476,2744.82,INR,RTGS,Bengaluru,atm,DEV0787
TXN004381,2026-08-26 11:41:19,ACC0261,ACC0248,736.1,INR,NEFT,Delhi,branch,DEV0349
TXN006441,2026-08-26 11:42:56,ACC0371,ACC0121,4310.61,INR,UPI,Mumbai,branch,DEV0738
TXN003749,2026-08-26 11:45:09,ACC0299,ACC0455,6044.82,INR,RTGS,Kolkata,atm,DEV0705
TXN009686,2026-08-26 11:45:34,ACC0305,ACC0458,7930.08,INR,NEFT,Mumbai,branch,DEV0350
TXN006323,2026-08-26 11:47:48,ACC0029,ACC0471,1611.43,INR,RTGS,Chennai,atm,DEV0161
TXN003680,2026-08-26 11:48:14,ACC0405,ACC0378,63.95,INR,NEFT,Chennai,web,DEV0643
TXN003823,2026-08-26 11:50:28,ACC0030,ACC0080,2896.52,INR,IMPS,Pune,branch,DEV0256
TXN005357,2026-08-26 11:51:02,ACC0367,ACC0479,1290.47,INR,IMPS,Chennai,branch,DEV0592
TXN002450,2026-08-26 11:51:19,ACC0409,ACC0467,3062.62,INR,NEFT,Mumbai,atm,DEV0683
TXN001181,2026-08-26 11:51:48,ACC0261,ACC0012,1233.46,INR,NEFT,Mumbai,mobile,DEV0010
TXN004968,2026-08-26 11:55:08,ACC0357,ACC0391,958.58,INR,NEFT,Hyderabad,web,DEV0467
TXN000924,2026-08-26 12:05:37,ACC0083,ACC0484,5428.41,INR,UPI,Kolkata,web,DEV0699
TXN003063,2026-08-26 12:15:55,ACC0194,ACC0468,12193.87,INR,UPI,Kochi,branch,DEV0291
TXN003849,2026-08-26 12:17:54,ACC0036,ACC0456,2981.51,INR,RTGS,Chennai,mobile,DEV0487
TXN003556,2026-08-26 12:18:46,ACC0320,ACC0484,1053.43,INR,UPI,Hyderabad,web,DEV0881
TXN001824,2026-08-26 12:19:03,ACC0065,ACC0468,874.47,INR,RTGS,Delhi,mobile,DEV0155
TXN004104,2026-08-26 12:21:19,ACC0022,ACC0468,470.18,INR,NEFT,Pune,atm,DEV0631
TXN002228,2026-08-26 12:23:41,ACC0195,ACC0482,740.87,INR,UPI,Hyderabad,atm,DEV0672
TXN007254,2026-08-26 12:27:47,ACC0356,ACC0495,1488.43,INR,NEFT,Kolkata,atm,DEV0248
TXN004507,2026-08-26 12:28:10,ACC0234,ACC0296,2997.46,INR,UPI,Kochi,atm,DEV0078
TXN003461,2026-08-26 12:28:15,ACC0309,ACC0486,21453.26,INR,NEFT,Hyderabad,web,DEV0837
TXN009582,2026-08-26 12:33:28,ACC0414,ACC0473,2188.78,INR,RTGS,Kochi,mobile,DEV0032
TXN002942,2026-08-26 12:36:41,ACC0221,ACC0451,361.35,INR,RTGS,Kolkata,mobile,DEV0324
TXN002913,2026-08-26 12:36:51,ACC0093,ACC0187,304.99,INR,NEFT,Chennai,branch,DEV0280
TXN002098,2026-08-26 12:37:49,ACC0063,ACC0204,304.16,INR,RTGS,Delhi,branch,DEV0658
TXN008008,2026-08-26 12:42:02,ACC0251,ACC0459,3791.44,INR,RTGS,Pune,branch,DEV0110
TXN009099,2026-08-26 12:43:55,ACC0278,ACC0452,4979.84,INR,IMPS,Mumbai,mobile,DEV0437
TXN000351,2026-08-26 12:45:47,ACC0087,ACC0466,2362.41,INR,IMPS,Delhi,branch,DEV0899
TXN002088,2026-08-26 12:55:40,ACC0200,ACC0190,1726.85,INR,RTGS,Pune,branch,DEV0108
TXN000684,2026-08-26 12:57:36,ACC0305,ACC0304,388.7,INR,IMPS,Pune,atm,DEV0743
TXN002771,2026-08-26 13:02:42,ACC0447,ACC0396,1610.51,INR,IMPS,Pune,web,DEV0734
TXN008601,2026-08-26 13:03:26,ACC0141,ACC0305,1059.08,INR,NEFT,Kochi,mobile,DEV0233
TXN009972,2026-08-26 13:04:15,ACC0432,ACC0477,2569.09,INR,RTGS,Kolkata,branch,DEV0060
TXN009795,2026-08-26 13:06:15,ACC0178,ACC0498,2721.47,INR,RTGS,Chennai,branch,DEV0844
TXN007545,2026-08-26 13:06:47,ACC0212,ACC0398,1393.87,INR,RTGS,Pune,branch,DEV0347
TXN005796,2026-08-26 13:07:23,ACC0085,ACC0034,362.31,INR,RTGS,Kochi,mobile,DEV0786
TXN002002,2026-08-26 13:08:40,ACC0161,ACC0483,375.12,INR,UPI,Kochi,branch,DEV0746
TXN001012,2026-08-26 13:13:21,ACC0223,ACC0494,3495.54,INR,IMPS,Mumbai,web,DEV0265
TXN004935,2026-08-26 13:14:21,ACC0018,ACC0493,2343.96,INR,IMPS,Bengaluru,mobile,DEV0449
TXN007330,2026-08-26 13:16:24,ACC0317,ACC0298,3341.58,INR,RTGS,Kolkata,mobile,DEV0879
TXN008664,2026-08-26 13:18:19,ACC0064,ACC0457,711.3,INR,RTGS,Chennai,atm,DEV0228
TXN001790,2026-08-26 13:20:55,ACC0073,ACC0452,14953.19,INR,RTGS,Mumbai,web,DEV0561
TXN006373,2026-08-26 13:29:07,ACC0212,ACC0491,1485.94,INR,NEFT,Bengaluru,web,DEV0034
TXN008489,2026-08-26 13:35:28,ACC0047,ACC0361,2646.39,INR,RTGS,Chennai,mobile,DEV0051
TXN002478,2026-08-26 13:36:14,ACC0222,ACC0474,2279.14,INR,NEFT,Pune,mobile,DEV0284
TXN003865,2026-08-26 13:36:31,ACC0130,ACC0474,1093.12,INR,NEFT,Pune,branch,DEV0276
TXN001341,2026-08-26 13:37:12,ACC0392,ACC0495,3416.72,INR,IMPS,Mumbai,atm,DEV0484
TXN004499,2026-08-26 13:39:59,ACC0318,ACC0365,2625.78,INR,IMPS,Mumbai,branch,DEV0686
TXN008994,2026-08-26 13:42:09,ACC0195,ACC0101,1147.84,INR,IMPS,Mumbai,atm,DEV0773
TXN008718,2026-08-26 13:43:40,ACC0254,ACC0486,1155.74,INR,NEFT,Bengaluru,branch,DEV0273
TXN001200,2026-08-26 13:45:09,ACC0231,ACC0463,514.58,INR,RTGS,Bengaluru,web,DEV0649
TXN006202,2026-08-26 13:45:33,ACC0067,ACC0483,7588.77,INR,IMPS,Hyderabad,atm,DEV0619
TXN000178,2026-08-26 13:46:01,ACC0030,ACC0494,561.28,INR,NEFT,Mumbai,mobile,DEV0434
TXN009756,2026-08-26 13:53:53,ACC0043,ACC0486,1121.26,INR,UPI,Hyderabad,mobile,DEV0363
TXN003512,2026-08-26 14:00:27,ACC0386,ACC0298,445.5,INR,IMPS,Mumbai,mobile,DEV0708
TXN008340,2026-08-26 14:02:12,ACC0305,ACC0454,370.02,INR,UPI,Mumbai,mobile,DEV0762
TXN007560,2026-08-26 14:03:03,ACC0252,ACC0474,1514.19,INR,NEFT,Pune,web,DEV0374
TXN003725,2026-08-26 14:03:36,ACC0123,ACC0477,512.66,INR,NEFT,Mumbai,branch,DEV0584
TXN004430,2026-08-26 14:06:01,ACC0116,ACC0487,2016.99,INR,NEFT,Delhi,atm,DEV0687
TXN006512,2026-08-26 14:09:09,ACC0399,ACC0179,2616.37,INR,UPI,Bengaluru,mobile,DEV0179
TXN007441,2026-08-26 14:12:28,ACC0009,ACC0485,2374.98,INR,NEFT,Chennai,atm,DEV0489
TXN009591,2026-08-26 14:14:32,ACC0324,ACC0141,2385.1,INR,RTGS,Kochi,mobile,DEV0308
TXN000271,2026-08-26 14:14:42,ACC0288,ACC0490,2005.3,INR,IMPS,Hyderabad,web,DEV0182
TXN009288,2026-08-26 14:16:11,ACC0224,ACC0471,1405.43,INR,NEFT,Mumbai,branch,DEV0425
TXN008894,2026-08-26 14:16:47,ACC0376,ACC0486,1763.04,INR,RTGS,Mumbai,branch,DEV0301
TXN005300,2026-08-26 14:20:40,ACC0165,ACC0466,4632.56,INR,UPI,Kolkata,branch,DEV0108
TXN008876,2026-08-26 14:26:42,ACC0400,ACC0461,131.09,INR,UPI,Delhi,branch,DEV0122
TXN000209,2026-08-26 14:28:21,ACC0171,ACC0195,779.01,INR,NEFT,Hyderabad,branch,DEV0618
TXN007524,2026-08-26 14:30:32,ACC0210,ACC0472,3448.87,INR,IMPS,Kolkata,atm,DEV0294
TXN002074,2026-08-26 14:32:03,ACC0100,ACC0484,11361.13,INR,UPI,Hyderabad,web,DEV0597
TXN006478,2026-08-26 14:32:48,ACC0053,ACC0211,505.02,INR,NEFT,Kolkata,branch,DEV0759
TXN004797,2026-08-26 14:38:28,ACC0131,ACC0072,4686.27,INR,UPI,Delhi,branch,DEV0263
TXN006709,2026-08-26 14:39:14,ACC0074,ACC0477,1892.59,INR,NEFT,Kochi,mobile,DEV0400
TXN007659,2026-08-26 14:42:33,ACC0021,ACC0468,2112.88,INR,NEFT,Kochi,mobile,DEV0725
TXN007384,2026-08-26 14:45:01,ACC0081,ACC0093,304.66,INR,IMPS,Pune,atm,DEV0490
TXN005009,2026-08-26 14:46:20,ACC0330,ACC0151,927.0,INR,RTGS,Kochi,atm,DEV0195
TXN005086,2026-08-26 14:47:41,ACC0189,ACC0428,1197.27,INR,IMPS,Bengaluru,web,DEV0012
TXN004400,2026-08-26 14:52:43,ACC0003,ACC0469,3812.05,INR,IMPS,Mumbai,branch,DEV0431
TXN003631,2026-08-26 14:53:41,ACC0221,ACC0495,2016.86,INR,RTGS,Chennai,atm,DEV0283
TXN000859,2026-08-26 14:53:52,ACC0017,ACC0460,1878.63,INR,IMPS,Kolkata,web,DEV0586
TXN002049,2026-08-26 14:54:03,ACC0079,ACC0332,480.23,INR,RTGS,Mumbai,branch,DEV0643
TXN004401,2026-08-26 14:55:06,ACC0421,ACC0423,1640.87,INR,NEFT,Bengaluru,web,DEV0376
TXN001444,2026-08-26 14:55:20,ACC0068,ACC0458,1196.76,INR,NEFT,Pune,web,DEV0699
TXN005807,2026-08-26 14:56:10,ACC0140,ACC0457,2523.8,INR,UPI,Kolkata,mobile,DEV0371
TXN009746,2026-08-26 14:57:20,ACC0430,ACC0483,3595.76,INR,UPI,Pune,web,DEV0199
TXN001729,2026-08-26 14:58:00,ACC0122,ACC0479,5495.55,INR,RTGS,Mumbai,branch,DEV0661
TXN003238,2026-08-26 14:59:48,ACC0357,ACC0498,2022.13,INR,UPI,Mumbai,branch,DEV0090
TXN003193,2026-08-26 15:03:15,ACC0314,ACC0456,3445.62,INR,IMPS,Hyderabad,branch,DEV0089
TXN007187,2026-08-26 15:08:54,ACC0265,ACC0484,988.69,INR,NEFT,Delhi,web,DEV0398
TXN006656,2026-08-26 15:11:20,ACC0031,ACC0041,1900.11,INR,IMPS,Kolkata,branch,DEV0466
TXN004618,2026-08-26 15:11:23,ACC0324,ACC0462,3078.66,INR,IMPS,Kochi,atm,DEV0081
TXN006719,2026-08-26 15:11:47,ACC0029,ACC0447,1012.86,INR,IMPS,Kolkata,branch,DEV0228
TXN006215,2026-08-26 15:12:42,ACC0449,ACC0457,2081.51,INR,IMPS,Mumbai,atm,DEV0557
TXN009787,2026-08-26 15:14:46,ACC0364,ACC0466,17998.07,INR,RTGS,Kolkata,atm,DEV0185
TXN004353,2026-08-26 15:14:53,ACC0315,ACC0456,803.16,INR,NEFT,Kolkata,mobile,DEV0582
TXN006386,2026-08-26 15:15:12,ACC0356,ACC0470,958.89,INR,RTGS,Hyderabad,web,DEV0449
TXN000882,2026-08-26 15:17:44,ACC0136,ACC0490,795.13,INR,RTGS,Mumbai,web,DEV0327
TXN002592,2026-08-26 15:20:12,ACC0071,ACC0350,702.54,INR,IMPS,Mumbai,branch,DEV0639
TXN006757,2026-08-26 15:23:55,ACC0029,ACC0476,10176.12,INR,NEFT,Chennai,mobile,DEV0742
TXN004536,2026-08-26 15:26:54,ACC0101,ACC0469,6553.43,INR,NEFT,Hyderabad,atm,DEV0105
TXN003054,2026-08-26 15:29:41,ACC0045,ACC0492,516.88,INR,UPI,Kochi,web,DEV0669
TXN007728,2026-08-26 15:30:21,ACC0108,ACC0471,97380.76,INR,UPI,Chennai,atm,DEV0263
TXN002402,2026-08-26 15:31:15,ACC0347,ACC0463,762.38,INR,IMPS,Pune,mobile,DEV0501
TXN003640,2026-08-26 15:35:36,ACC0209,ACC0075,9737.1,INR,RTGS,Bengaluru,atm,DEV0858
TXN001567,2026-08-26 15:37:20,ACC0023,ACC0455,1183.16,INR,UPI,Hyderabad,branch,DEV0716
TXN000729,2026-08-26 15:41:52,ACC0403,ACC0267,4354.7,INR,NEFT,Bengaluru,mobile,DEV0681
TXN001037,2026-08-26 15:42:08,ACC0003,ACC0452,741.99,INR,IMPS,Mumbai,web,DEV0231
TXN009971,2026-08-26 15:44:48,ACC0001,ACC0486,744.88,INR,IMPS,Delhi,mobile,DEV0755
TXN000864,2026-08-26 15:49:16,ACC0431,ACC0500,2476.27,INR,NEFT,Chennai,mobile,DEV0114
TXN003815,2026-08-26 15:53:12,ACC0280,ACC0499,263.61,INR,UPI,Mumbai,web,DEV0463
TXN004981,2026-08-26 15:54:58,ACC0154,ACC0323,732.36,INR,RTGS,Bengaluru,mobile,DEV0656
TXN007477,2026-08-26 15:54:59,ACC0085,ACC0493,1323.29,INR,RTGS,Hyderabad,mobile,DEV0386
TXN001523,2026-08-26 15:56:24,ACC0439,ACC0133,587.08,INR,IMPS,Chennai,mobile,DEV0407
TXN007799,2026-08-26 15:58:13,ACC0023,ACC0464,728.22,INR,RTGS,Kolkata,atm,DEV0486
TXN006314,2026-08-26 15:59:04,ACC0086,ACC0012,679.11,INR,UPI,Mumbai,mobile,DEV0449
TXN004103,2026-08-26 16:00:23,ACC0022,ACC0495,1103.31,INR,NEFT,Kolkata,web,DEV0192
TXN002528,2026-08-26 16:00:48,ACC0028,ACC0234,339.37,INR,NEFT,Kochi,branch,DEV0588
TXN002441,2026-08-26 16:04:42,ACC0302,ACC0498,1402.35,INR,IMPS,Mumbai,web,DEV0568
TXN001260,2026-08-26 16:07:06,ACC0380,ACC0468,730.06,INR,NEFT,Kochi,web,DEV0178
TXN002937,2026-08-26 16:07:36,ACC0296,ACC0475,429.4,INR,NEFT,Bengaluru,branch,DEV0245
TXN001893,2026-08-26 16:08:25,ACC0165,ACC0496,1677.08,INR,NEFT,Delhi,branch,DEV0313
TXN008091,2026-08-26 16:11:25,ACC0269,ACC0063,681.69,INR,NEFT,Mumbai,web,DEV0897
TXN000573,2026-08-26 16:12:18,ACC0385,ACC0482,2981.15,INR,IMPS,Kolkata,mobile,DEV0783
TXN001626,2026-08-26 16:16:17,ACC0091,ACC0483,10488.96,INR,RTGS,Chennai,mobile,DEV0510
TXN002627,2026-08-26 16:19:38,ACC0255,ACC0414,7213.62,INR,IMPS,Pune,mobile,DEV0282
TXN005710,2026-08-26 16:20:43,ACC0242,ACC0496,1258.33,INR,RTGS,Kochi,web,DEV0377
TXN008525,2026-08-26 16:21:08,ACC0306,ACC0241,12728.09,INR,IMPS,Kochi,branch,DEV0408
TXN008749,2026-08-26 16:21:15,ACC0226,ACC0461,7656.03,INR,IMPS,Mumbai,web,DEV0722
TXN004629,2026-08-26 16:21:59,ACC0186,ACC0485,1042.05,INR,NEFT,Hyderabad,branch,DEV0863
TXN004680,2026-08-26 16:22:02,ACC0098,ACC0495,5735.58,INR,UPI,Delhi,atm,DEV0314
TXN009329,2026-08-26 16:38:54,ACC0322,ACC0067,351.06,INR,IMPS,Kolkata,web,DEV0182
TXN005141,2026-08-26 16:39:50,ACC0052,ACC0480,5756.2,INR,IMPS,Mumbai,branch,DEV0218
TXN009682,2026-08-26 16:39:59,ACC0385,ACC0171,513.51,INR,NEFT,Kolkata,branch,DEV0107
TXN009380,2026-08-26 16:46:18,ACC0006,ACC0481,6961.87,INR,UPI,Delhi,branch,DEV0506
TXN007258,2026-08-26 16:52:58,ACC0101,ACC0492,3780.32,INR,NEFT,Kochi,branch,DEV0121
TXN008222,2026-08-26 16:53:58,ACC0258,ACC0499,2526.53,INR,IMPS,Delhi,web,DEV0889
TXN008592,2026-08-26 16:54:33,ACC0055,ACC0395,577.94,INR,RTGS,Kochi,atm,DEV0321
TXN005080,2026-08-26 16:55:59,ACC0390,ACC0490,1121.94,INR,IMPS,Delhi,atm,DEV0103
TXN006349,2026-08-26 16:57:57,ACC0110,ACC0433,2061.51,INR,UPI,Bengaluru,web,DEV0552
TXN001866,2026-08-26 17:00:06,ACC0212,ACC0292,608.77,INR,RTGS,Mumbai,mobile,DEV0433
TXN008735,2026-08-26 17:01:09,ACC0402,ACC0474,1646.07,INR,IMPS,Chennai,web,DEV0704
TXN008169,2026-08-26 17:04:05,ACC0156,ACC0492,701.85,INR,RTGS,Delhi,web,DEV0559
TXN001746,2026-08-26 17:04:22,ACC0243,ACC0462,4761.06,INR,RTGS,Bengaluru,mobile,DEV0293
TXN001724,2026-08-26 17:06:24,ACC0205,ACC0275,639.2,INR,UPI,Hyderabad,branch,DEV0324
TXN007000,2026-08-26 17:06:25,ACC0302,ACC0471,1596.27,INR,NEFT,Bengaluru,atm,DEV0002
TXN008912,2026-08-26 17:07:10,ACC0074,ACC0460,6507.53,INR,NEFT,Bengaluru,web,DEV0799
TXN004917,2026-08-26 17:07:23,ACC0162,ACC0366,1430.85,INR,NEFT,Pune,web,DEV0175
TXN003743,2026-08-26 17:10:39,ACC0268,ACC0470,7127.25,INR,RTGS,Delhi,branch,DEV0753
TXN008072,2026-08-26 17:13:20,ACC0353,ACC0467,3838.06,INR,UPI,Mumbai,mobile,DEV0244
TXN003683,2026-08-26 17:13:42,ACC0403,ACC0379,2908.37,INR,UPI,Pune,atm,DEV0643
TXN002383,2026-08-26 17:23:47,ACC0321,ACC0079,10728.15,INR,NEFT,Bengaluru,mobile,DEV0690
TXN005496,2026-08-26 17:26:11,ACC0105,ACC0330,8857.61,INR,UPI,Kolkata,atm,DEV0498
TXN004126,2026-08-26 17:26:36,ACC0027,ACC0486,2409.78,INR,IMPS,Bengaluru,mobile,DEV0468
TXN003850,2026-08-26 17:31:08,ACC0095,ACC0475,201.28,INR,NEFT,Kochi,mobile,DEV0663
TXN008178,2026-08-26 17:35:03,ACC0435,ACC0128,1983.91,INR,RTGS,Pune,web,DEV0622
TXN000452,2026-08-26 17:39:10,ACC0269,ACC0373,1130.45,INR,NEFT,Kolkata,web,DEV0167
TXN005778,2026-08-26 17:39:35,ACC0017,ACC0464,1782.67,INR,IMPS,Kochi,web,DEV0178
TXN000372,2026-08-26 17:39:44,ACC0110,ACC0472,2362.35,INR,RTGS,Chennai,mobile,DEV0844
TXN000558,2026-08-26 17:39:44,ACC0258,ACC0463,6114.77,INR,UPI,Pune,atm,DEV0079
TXN007747,2026-08-26 17:40:12,ACC0169,ACC0453,958.28,INR,NEFT,Kolkata,branch,DEV0290
TXN005555,2026-08-26 17:42:16,ACC0385,ACC0475,1138.82,INR,IMPS,Pune,web,DEV0170
TXN006211,2026-08-26 17:43:03,ACC0187,ACC0457,4639.51,INR,UPI,Pune,atm,DEV0671
TXN008411,2026-08-26 17:44:58,ACC0376,ACC0453,3306.6,INR,IMPS,Bengaluru,branch,DEV0506
TXN003081,2026-08-26 17:45:51,ACC0127,ACC0464,2670.79,INR,RTGS,Hyderabad,mobile,DEV0476
TXN008700,2026-08-26 17:53:02,ACC0415,ACC0282,874.61,INR,UPI,Pune,branch,DEV0560
TXN002019,2026-08-26 17:54:08,ACC0229,ACC0477,1076.95,INR,UPI,Pune,atm,DEV0362
TXN001723,2026-08-26 17:54:19,ACC0261,ACC0489,420.25,INR,IMPS,Kochi,branch,DEV0212
TXN001083,2026-08-26 17:54:54,ACC0400,ACC0461,12597.1,INR,RTGS,Hyderabad,atm,DEV0463
TXN007483,2026-08-26 17:55:59,ACC0185,ACC0029,6061.06,INR,RTGS,Kochi,web,DEV0774
TXN001797,2026-08-26 17:56:26,ACC0360,ACC0489,578.23,INR,RTGS,Delhi,web,DEV0475
TXN001788,2026-08-26 18:00:01,ACC0254,ACC0472,3356.76,INR,RTGS,Mumbai,web,DEV0771
TXN002103,2026-08-26 18:01:07,ACC0200,ACC0473,844.63,INR,IMPS,Chennai,mobile,DEV0200
TXN005475,2026-08-26 18:10:07,ACC0035,ACC0482,6090.45,INR,NEFT,Pune,mobile,DEV0495
TXN006666,2026-08-26 18:12:38,ACC0133,ACC0483,2545.26,INR,UPI,Kolkata,mobile,DEV0297
TXN003394,2026-08-26 18:13:42,ACC0134,ACC0491,116.63,INR,UPI,Pune,web,DEV0882
TXN002723,2026-08-26 18:14:10,ACC0361,ACC0385,10851.61,INR,NEFT,Hyderabad,branch,DEV0609
TXN006091,2026-08-26 18:16:16,ACC0445,ACC0457,1353.19,INR,UPI,Kolkata,atm,DEV0594
TXN004970,2026-08-26 18:20:47,ACC0016,ACC0454,2114.29,INR,UPI,Bengaluru,atm,DEV0108
TXN004772,2026-08-26 18:23:52,ACC0007,ACC0486,40632.17,INR,UPI,Kolkata,mobile,DEV0367
TXN000297,2026-08-26 18:25:42,ACC0265,ACC0030,1101.2,INR,UPI,Kochi,branch,DEV0266
TXN001962,2026-08-26 18:25:42,ACC0232,ACC0496,865.23,INR,UPI,Pune,mobile,DEV0663
TXN009659,2026-08-26 18:27:07,ACC0331,ACC0457,1208.08,INR,RTGS,Pune,web,DEV0311
TXN008206,2026-08-26 18:28:10,ACC0153,ACC0476,218.94,INR,NEFT,Bengaluru,mobile,DEV0130
TXN000112,2026-08-26 18:29:53,ACC0011,ACC0088,2866.08,INR,RTGS,Mumbai,web,DEV0447
TXN008833,2026-08-26 18:30:19,ACC0427,ACC0490,936.41,INR,NEFT,Kochi,web,DEV0025
TXN003696,2026-08-26 18:34:43,ACC0142,ACC0494,570.04,INR,IMPS,Kochi,web,DEV0540
TXN001345,2026-08-26 18:34:47,ACC0314,ACC0467,4532.43,INR,UPI,Kochi,branch,DEV0555
TXN004478,2026-08-26 18:36:23,ACC0393,ACC0490,42945.36,INR,RTGS,Bengaluru,web,DEV0054
TXN007024,2026-08-26 18:36:25,ACC0159,ACC0457,14147.6,INR,UPI,Pune,branch,DEV0493
TXN005719,2026-08-26 18:37:11,ACC0055,ACC0476,1785.29,INR,NEFT,Delhi,branch,DEV0586
TXN007915,2026-08-26 18:38:51,ACC0198,ACC0493,6059.94,INR,NEFT,Bengaluru,mobile,DEV0859
TXN000644,2026-08-26 18:41:28,ACC0106,ACC0320,3992.82,INR,NEFT,Hyderabad,mobile,DEV0038
TXN005536,2026-08-26 18:43:34,ACC0044,ACC0163,2131.12,INR,RTGS,Chennai,web,DEV0189
TXN006610,2026-08-26 18:49:41,ACC0172,ACC0439,3045.52,INR,UPI,Bengaluru,atm,DEV0490
TXN003797,2026-08-26 18:49:56,ACC0179,ACC0464,1355.34,INR,NEFT,Chennai,web,DEV0576
TXN009351,2026-08-26 18:50:54,ACC0148,ACC0462,2742.6,INR,NEFT,Mumbai,atm,DEV0341
TXN004208,2026-08-26 18:53:30,ACC0331,ACC0496,495.33,INR,UPI,Bengaluru,branch,DEV0455
TXN002807,2026-08-26 18:59:28,ACC0420,ACC0468,536.74,INR,RTGS,Chennai,mobile,DEV0026
TXN010073,2026-08-26 19:07:05,ACC0534,ACC0519,1170345.84,INR,IMPS,Chennai,branch,DEV0569
TXN009883,2026-08-26 19:08:32,ACC0051,ACC0208,15085.76,INR,RTGS,Kolkata,mobile,DEV0679
TXN010074,2026-08-26 19:09:00,ACC0519,ACC0573,1133772.9,INR,IMPS,Delhi,branch,DEV0163
TXN007051,2026-08-26 19:09:57,ACC0120,ACC0361,8194.33,INR,IMPS,Kolkata,mobile,DEV0143
TXN010075,2026-08-26 19:10:28,ACC0573,ACC0577,1082914.83,INR,IMPS,Mumbai,branch,DEV0622
TXN006836,2026-08-26 19:12:03,ACC0392,ACC0055,15448.49,INR,NEFT,Delhi,atm,DEV0248
TXN010076,2026-08-26 19:12:15,ACC0577,ACC0562,1060865.52,INR,IMPS,Hyderabad,atm,DEV0334
TXN002186,2026-08-26 19:14:16,ACC0197,ACC0486,629.12,INR,UPI,Delhi,branch,DEV0129
TXN004457,2026-08-26 19:14:48,ACC0126,ACC0499,17687.19,INR,NEFT,Bengaluru,web,DEV0540
TXN010077,2026-08-26 19:14:49,ACC0562,ACC0515,1030290.96,INR,IMPS,Pune,atm,DEV0163
TXN005775,2026-08-26 19:18:47,ACC0114,ACC0500,4562.7,INR,RTGS,Chennai,mobile,DEV0408
TXN002808,2026-08-26 19:19:14,ACC0385,ACC0464,620.84,INR,RTGS,Kolkata,branch,DEV0834
TXN007959,2026-08-26 19:21:59,ACC0320,ACC0310,827.95,INR,UPI,Chennai,atm,DEV0624
TXN002239,2026-08-26 19:22:07,ACC0346,ACC0462,3498.53,INR,RTGS,Bengaluru,web,DEV0568
TXN006328,2026-08-26 19:26:18,ACC0089,ACC0462,2800.04,INR,RTGS,Chennai,atm,DEV0021
TXN004723,2026-08-26 19:27:44,ACC0014,ACC0483,3763.85,INR,IMPS,Pune,branch,DEV0861
TXN009828,2026-08-26 19:28:40,ACC0426,ACC0451,253.77,INR,RTGS,Chennai,branch,DEV0806
TXN006207,2026-08-26 19:29:08,ACC0153,ACC0491,512.56,INR,RTGS,Kolkata,web,DEV0811
TXN001684,2026-08-26 19:30:40,ACC0447,ACC0079,427.19,INR,UPI,Delhi,web,DEV0325
TXN007800,2026-08-26 19:31:45,ACC0258,ACC0481,574.15,INR,RTGS,Kolkata,mobile,DEV0791
TXN003890,2026-08-26 19:32:28,ACC0230,ACC0485,998.72,INR,IMPS,Chennai,mobile,DEV0681
TXN003259,2026-08-26 19:35:35,ACC0037,ACC0496,3831.62,INR,NEFT,Chennai,web,DEV0544
TXN009616,2026-08-26 19:36:11,ACC0013,ACC0147,4356.38,INR,RTGS,Mumbai,atm,DEV0550
TXN000066,2026-08-26 19:37:42,ACC0352,ACC0467,3343.99,INR,UPI,Bengaluru,web,DEV0273
TXN008402,2026-08-26 19:38:17,ACC0182,ACC0398,5364.18,INR,UPI,Pune,web,DEV0065
TXN002827,2026-08-26 19:38:36,ACC0311,ACC0491,6052.39,INR,RTGS,Bengaluru,mobile,DEV0391
TXN004775,2026-08-26 19:49:01,ACC0357,ACC0494,2873.0,INR,RTGS,Hyderabad,web,DEV0276
TXN006983,2026-08-26 19:49:51,ACC0174,ACC0468,1025.77,INR,NEFT,Kochi,mobile,DEV0326
TXN004118,2026-08-26 19:50:01,ACC0191,ACC0463,1182.58,INR,IMPS,Pune,web,DEV0316
TXN004165,2026-08-26 19:58:40,ACC0027,ACC0472,401.2,INR,IMPS,Pune,branch,DEV0160
TXN005971,2026-08-26 20:00:13,ACC0338,ACC0466,298.98,INR,NEFT,Kochi,mobile,DEV0861
TXN005836,2026-08-26 20:01:25,ACC0249,ACC0488,5843.79,INR,NEFT,Mumbai,web,DEV0791
TXN007711,2026-08-26 20:01:38,ACC0333,ACC0128,4955.99,INR,UPI,Mumbai,branch,DEV0327
TXN003391,2026-08-26 20:03:13,ACC0257,ACC0466,5726.95,INR,NEFT,Kolkata,branch,DEV0545
TXN001992,2026-08-26 20:05:34,ACC0382,ACC0481,3106.3,INR,NEFT,Delhi,mobile,DEV0618
TXN005747,2026-08-26 20:05:46,ACC0013,ACC0483,15130.2,INR,NEFT,Hyderabad,web,DEV0287
TXN003159,2026-08-26 20:07:47,ACC0142,ACC0474,14968.7,INR,IMPS,Bengaluru,branch,DEV0893
TXN007259,2026-08-26 20:08:12,ACC0111,ACC0458,2595.82,INR,NEFT,Kochi,web,DEV0454
TXN006729,2026-08-26 20:12:54,ACC0285,ACC0458,1248.04,INR,IMPS,Mumbai,mobile,DEV0475
TXN002249,2026-08-26 20:15:06,ACC0348,ACC0462,942.14,INR,IMPS,Kolkata,atm,DEV0388
TXN002836,2026-08-26 20:15:17,ACC0041,ACC0491,11472.05,INR,NEFT,Hyderabad,mobile,DEV0794
TXN003597,2026-08-26 20:15:29,ACC0398,ACC0128,1260.55,INR,UPI,Hyderabad,atm,DEV0228
TXN005100,2026-08-26 20:15:30,ACC0180,ACC0463,976.9,INR,RTGS,Bengaluru,branch,DEV0646
TXN002105,2026-08-26 20:16:05,ACC0024,ACC0280,6374.94,INR,NEFT,Chennai,mobile,DEV0258
TXN003047,2026-08-26 20:17:07,ACC0239,ACC0461,282.62,INR,RTGS,Kochi,branch,DEV0529
TXN004828,2026-08-26 20:19:19,ACC0341,ACC0490,984.15,INR,IMPS,Kochi,web,DEV0636
TXN009529,2026-08-26 20:20:30,ACC0324,ACC0499,1520.21,INR,NEFT,Kochi,web,DEV0490
TXN001685,2026-08-26 20:21:24,ACC0307,ACC0488,1066.12,INR,IMPS,Delhi,web,DEV0498
TXN008087,2026-08-26 20:25:47,ACC0141,ACC0500,961.75,INR,NEFT,Pune,atm,DEV0085
TXN009665,2026-08-26 20:30:23,ACC0230,ACC0493,14912.44,INR,RTGS,Bengaluru,branch,DEV0216
TXN008887,2026-08-26 20:33:16,ACC0229,ACC0262,1166.31,INR,IMPS,Hyderabad,mobile,DEV0369
TXN003137,2026-08-26 20:34:26,ACC0222,ACC0240,863.38,INR,IMPS,Delhi,atm,DEV0454
TXN003571,2026-08-26 20:37:41,ACC0335,ACC0464,1504.18,INR,IMPS,Kochi,atm,DEV0493
TXN005259,2026-08-26 20:38:27,ACC0309,ACC0403,167.59,INR,UPI,Kochi,web,DEV0845
TXN005186,2026-08-26 20:38:50,ACC0146,ACC0475,610.18,INR,RTGS,Delhi,branch,DEV0791
TXN008725,2026-08-26 20:39:00,ACC0208,ACC0490,2262.8,INR,NEFT,Bengaluru,branch,DEV0037
TXN002736,2026-08-26 20:41:40,ACC0226,ACC0484,3106.35,INR,RTGS,Pune,mobile,DEV0669
TXN007072,2026-08-26 20:45:49,ACC0045,ACC0474,1904.71,INR,UPI,Kochi,mobile,DEV0016
TXN007969,2026-08-26 20:48:57,ACC0133,ACC0364,1152.85,INR,IMPS,Hyderabad,mobile,DEV0354
TXN002535,2026-08-26 20:51:35,ACC0371,ACC0463,1154.36,INR,NEFT,Delhi,atm,DEV0675
TXN008850,2026-08-26 20:52:30,ACC0066,ACC0477,355.13,INR,UPI,Bengaluru,branch,DEV0643
TXN006563,2026-08-26 20:53:14,ACC0209,ACC0308,275.54,INR,IMPS,Chennai,mobile,DEV0562
TXN010078,2026-08-27 01:07:05,ACC0534,ACC0519,1170345.84,INR,IMPS,Kochi,mobile,DEV0227
TXN010079,2026-08-27 01:08:21,ACC0519,ACC0573,1122742.66,INR,IMPS,Delhi,web,DEV0897
TXN010080,2026-08-27 01:11:53,ACC0573,ACC0577,1072462.83,INR,IMPS,Chennai,branch,DEV0765
TXN010081,2026-08-27 01:13:22,ACC0577,ACC0562,1060844.47,INR,IMPS,Hyderabad,web,DEV0093
TXN010082,2026-08-27 01:16:01,ACC0562,ACC0515,1045444.01,INR,IMPS,Mumbai,web,DEV0819
TXN006465,2026-08-27 09:02:20,ACC0292,ACC0099,901.21,INR,NEFT,Hyderabad,branch,DEV0315
TXN004385,2026-08-27 09:02:47,ACC0124,ACC0375,35556.02,INR,IMPS,Kolkata,web,DEV0610
TXN006856,2026-08-27 09:03:29,ACC0219,ACC0487,2036.41,INR,UPI,Pune,mobile,DEV0268
TXN001589,2026-08-27 09:04:31,ACC0112,ACC0473,682.47,INR,IMPS,Delhi,atm,DEV0189
TXN005172,2026-08-27 09:05:10,ACC0036,ACC0474,2105.4,INR,UPI,Delhi,atm,DEV0550
TXN004599,2026-08-27 09:06:18,ACC0189,ACC0458,1271.4,INR,IMPS,Bengaluru,branch,DEV0650
TXN008185,2026-08-27 09:09:37,ACC0258,ACC0498,261.22,INR,UPI,Mumbai,branch,DEV0037
TXN001667,2026-08-27 09:09:57,ACC0313,ACC0454,3278.34,INR,NEFT,Mumbai,web,DEV0752
TXN008284,2026-08-27 09:10:36,ACC0184,ACC0479,1830.06,INR,RTGS,Mumbai,branch,DEV0432
TXN004426,2026-08-27 09:13:05,ACC0102,ACC0459,2838.09,INR,RTGS,Hyderabad,atm,DEV0720
TXN001535,2026-08-27 09:16:21,ACC0402,ACC0466,2705.49,INR,RTGS,Bengaluru,branch,DEV0737
TXN005425,2026-08-27 09:20:18,ACC0432,ACC0461,3891.73,INR,RTGS,Delhi,mobile,DEV0191
TXN004045,2026-08-27 09:22:23,ACC0364,ACC0483,1112.68,INR,IMPS,Mumbai,web,DEV0268
TXN005905,2026-08-27 09:22:26,ACC0413,ACC0020,169.81,INR,IMPS,Bengaluru,web,DEV0637
TXN008972,2026-08-27 09:24:19,ACC0344,ACC0499,461.08,INR,IMPS,Hyderabad,atm,DEV0187
TXN009870,2026-08-27 09:24:32,ACC0136,ACC0473,3487.63,INR,IMPS,Mumbai,atm,DEV0505
TXN001874,2026-08-27 09:26:47,ACC0440,ACC0470,1612.69,INR,RTGS,Chennai,web,DEV0046
TXN002529,2026-08-27 09:28:33,ACC0159,ACC0463,3183.19,INR,UPI,Chennai,branch,DEV0631
TXN009472,2026-08-27 09:30:45,ACC0415,ACC0452,1781.46,INR,RTGS,Kolkata,web,DEV0650
TXN009238,2026-08-27 09:33:53,ACC0206,ACC0477,765.23,INR,UPI,Pune,atm,DEV0052
TXN008404,2026-08-27 09:35:06,ACC0153,ACC0481,6114.5,INR,NEFT,Hyderabad,web,DEV0226
TXN003952,2026-08-27 09:35:40,ACC0337,ACC0452,2628.94,INR,UPI,Mumbai,atm,DEV0293
TXN001383,2026-08-27 09:37:08,ACC0204,ACC0472,3702.27,INR,NEFT,Delhi,web,DEV0622
TXN001898,2026-08-27 09:37:23,ACC0205,ACC0472,1392.16,INR,RTGS,Hyderabad,mobile,DEV0020
TXN001922,2026-08-27 09:48:04,ACC0209,ACC0462,1312.36,INR,UPI,Kochi,web,DEV0830
TXN000680,2026-08-27 09:52:21,ACC0056,ACC0472,1717.53,INR,UPI,Kochi,mobile,DEV0641
TXN005000,2026-08-27 09:54:48,ACC0329,ACC0497,920.87,INR,IMPS,Bengaluru,atm,DEV0106
TXN004686,2026-08-27 09:55:05,ACC0037,ACC0060,85.22,INR,NEFT,Hyderabad,atm,DEV0845
TXN002779,2026-08-27 09:56:34,ACC0383,ACC0209,5616.96,INR,RTGS,Mumbai,branch,DEV0040
TXN006923,2026-08-27 09:57:20,ACC0417,ACC0494,949.96,INR,UPI,Delhi,branch,DEV0283
TXN009491,2026-08-27 10:01:43,ACC0391,ACC0334,2508.33,INR,UPI,Chennai,web,DEV0175
TXN009768,2026-08-27 10:02:08,ACC0336,ACC0500,507.06,INR,IMPS,Chennai,branch,DEV0089
TXN001104,2026-08-27 10:07:35,ACC0065,ACC0480,2589.95,INR,IMPS,Hyderabad,atm,DEV0447
TXN005750,2026-08-27 10:17:22,ACC0227,ACC0474,453.28,INR,IMPS,Hyderabad,branch,DEV0751
TXN009374,2026-08-27 10:17:40,ACC0034,ACC0195,1548.13,INR,UPI,Delhi,branch,DEV0396
TXN004500,2026-08-27 10:18:17,ACC0388,ACC0403,1407.54,INR,IMPS,Hyderabad,mobile,DEV0466
TXN007877,2026-08-27 10:23:18,ACC0082,ACC0493,588.09,INR,IMPS,Mumbai,branch,DEV0712
TXN002865,2026-08-27 10:23:54,ACC0349,ACC0484,204.04,INR,NEFT,Pune,branch,DEV0873
TXN003084,2026-08-27 10:31:37,ACC0221,ACC0474,1420.16,INR,UPI,Mumbai,mobile,DEV0135
TXN000147,2026-08-27 10:33:09,ACC0067,ACC0454,1052.5,INR,NEFT,Kolkata,branch,DEV0867
TXN009021,2026-08-27 10:40:53,ACC0334,ACC0465,306.44,INR,RTGS,Mumbai,branch,DEV0587
TXN007331,2026-08-27 10:45:08,ACC0388,ACC0207,1604.33,INR,UPI,Pune,atm,DEV0210
TXN005546,2026-08-27 10:45:41,ACC0443,ACC0471,2259.81,INR,UPI,Kochi,mobile,DEV0498
TXN000740,2026-08-27 11:00:07,ACC0127,ACC0493,6891.0,INR,RTGS,Pune,mobile,DEV0531
TXN002908,2026-08-27 11:02:18,ACC0145,ACC0123,478.88,INR,RTGS,Hyderabad,web,DEV0820
TXN006979,2026-08-27 11:05:56,ACC0104,ACC0477,516.3,INR,UPI,Hyderabad,mobile,DEV0727
TXN002575,2026-08-27 11:11:38,ACC0279,ACC0470,5913.66,INR,IMPS,Kolkata,web,DEV0047
TXN003825,2026-08-27 11:14:03,ACC0222,ACC0345,4361.58,INR,UPI,Mumbai,branch,DEV0395
TXN001596,2026-08-27 11:14:45,ACC0228,ACC0473,230.73,INR,NEFT,Mumbai,web,DEV0070
TXN000114,2026-08-27 11:15:06,ACC0179,ACC0492,712.55,INR,NEFT,Mumbai,web,DEV0792
TXN009223,2026-08-27 11:15:33,ACC0019,ACC0300,81.92,INR,NEFT,Delhi,web,DEV0516
TXN009624,2026-08-27 11:16:24,ACC0431,ACC0488,11985.89,INR,UPI,Kolkata,mobile,DEV0517
TXN002557,2026-08-27 11:16:46,ACC0178,ACC0492,1226.18,INR,UPI,Mumbai,atm,DEV0692
TXN000742,2026-08-27 11:17:47,ACC0326,ACC0473,185.36,INR,IMPS,Chennai,web,DEV0836
TXN003773,2026-08-27 11:18:00,ACC0443,ACC0301,1561.98,INR,NEFT,Kolkata,atm,DEV0425
TXN003130,2026-08-27 11:18:54,ACC0176,ACC0109,1018.9,INR,NEFT,Kochi,mobile,DEV0382
TXN004770,2026-08-27 11:19:03,ACC0405,ACC0462,3184.96,INR,RTGS,Kochi,mobile,DEV0013
TXN003387,2026-08-27 11:24:51,ACC0129,ACC0403,4207.48,INR,RTGS,Kolkata,mobile,DEV0212
TXN001863,2026-08-27 11:29:46,ACC0108,ACC0384,9762.8,INR,RTGS,Pune,mobile,DEV0504
TXN003211,2026-08-27 11:31:22,ACC0138,ACC0471,1006.21,INR,NEFT,Delhi,atm,DEV0502
TXN006422,2026-08-27 11:38:14,ACC0114,ACC0465,3924.33,INR,NEFT,Delhi,web,DEV0798
TXN005817,2026-08-27 11:39:05,ACC0327,ACC0479,1425.97,INR,UPI,Delhi,mobile,DEV0185
TXN004221,2026-08-27 11:40:23,ACC0399,ACC0312,150.53,INR,RTGS,Kolkata,branch,DEV0819
TXN002634,2026-08-27 11:52:36,ACC0436,ACC0485,2160.56,INR,RTGS,Mumbai,web,DEV0066
TXN006738,2026-08-27 11:59:58,ACC0416,ACC0311,2169.04,INR,RTGS,Bengaluru,mobile,DEV0306
TXN008670,2026-08-27 12:00:41,ACC0234,ACC0458,792.11,INR,RTGS,Pune,mobile,DEV0860
TXN002906,2026-08-27 12:02:19,ACC0163,ACC0258,1461.73,INR,IMPS,Mumbai,web,DEV0042
TXN003984,2026-08-27 12:02:48,ACC0371,ACC0412,1348.89,INR,UPI,Bengaluru,mobile,DEV0005
TXN007888,2026-08-27 12:04:21,ACC0072,ACC0475,1253.28,INR,UPI,Kolkata,atm,DEV0296
TXN001691,2026-08-27 12:12:18,ACC0377,ACC0485,815.47,INR,UPI,Hyderabad,atm,DEV0521
TXN003077,2026-08-27 12:15:52,ACC0357,ACC0487,1715.26,INR,RTGS,Kolkata,branch,DEV0514
TXN001395,2026-08-27 12:18:49,ACC0095,ACC0414,1084.99,INR,UPI,Pune,mobile,DEV0572
TXN004299,2026-08-27 12:24:09,ACC0326,ACC0493,3327.56,INR,NEFT,Kolkata,mobile,DEV0649
TXN003787,2026-08-27 12:26:00,ACC0153,ACC0460,1439.12,INR,UPI,Pune,mobile,DEV0172
TXN004480,2026-08-27 12:26:57,ACC0034,ACC0478,5472.15,INR,RTGS,Hyderabad,mobile,DEV0722
TXN005953,2026-08-27 12:28:36,ACC0097,ACC0323,6426.44,INR,UPI,Bengaluru,atm,DEV0454
TXN007613,2026-08-27 12:29:17,ACC0228,ACC0468,3102.0,INR,UPI,Pune,web,DEV0762
TXN003599,2026-08-27 12:30:03,ACC0116,ACC0047,6177.79,INR,UPI,Kochi,branch,DEV0581
TXN000233,2026-08-27 12:31:17,ACC0274,ACC0478,1025.99,INR,NEFT,Kochi,branch,DEV0699
TXN009054,2026-08-27 12:31:47,ACC0368,ACC0469,328.24,INR,UPI,Pune,atm,DEV0290
TXN007269,2026-08-27 12:32:07,ACC0337,ACC0460,181.83,INR,IMPS,Chennai,atm,DEV0241
TXN008011,2026-08-27 12:32:45,ACC0048,ACC0423,1256.58,INR,UPI,Chennai,mobile,DEV0584
TXN007442,2026-08-27 12:42:35,ACC0371,ACC0079,1760.18,INR,RTGS,Kochi,atm,DEV0481
TXN008996,2026-08-27 12:42:47,ACC0074,ACC0492,327.83,INR,NEFT,Mumbai,atm,DEV0222
TXN003375,2026-08-27 12:43:37,ACC0197,ACC0497,650.6,INR,NEFT,Chennai,web,DEV0325
TXN004161,2026-08-27 12:50:21,ACC0168,ACC0062,268.4,INR,IMPS,Kolkata,atm,DEV0612
TXN004717,2026-08-27 12:53:50,ACC0005,ACC0497,5379.85,INR,UPI,Kolkata,mobile,DEV0595
TXN000028,2026-08-27 13:02:00,ACC0027,ACC0478,1139.83,INR,IMPS,Delhi,atm,DEV0565
TXN004972,2026-08-27 13:02:42,ACC0298,ACC0466,2111.32,INR,UPI,Chennai,atm,DEV0899
TXN006125,2026-08-27 13:05:23,ACC0375,ACC0171,18120.04,INR,NEFT,Kochi,branch,DEV0190
TXN003841,2026-08-27 13:07:03,ACC0268,ACC0391,1876.64,INR,UPI,Pune,atm,DEV0848
TXN007336,2026-08-27 13:12:33,ACC0130,ACC0071,651.37,INR,NEFT,Chennai,mobile,DEV0502
TXN004406,2026-08-27 13:12:36,ACC0140,ACC0499,1382.02,INR,NEFT,Kolkata,atm,DEV0052
TXN007805,2026-08-27 13:20:23,ACC0023,ACC0462,844.41,INR,UPI,Bengaluru,web,DEV0167
TXN006710,2026-08-27 13:21:28,ACC0323,ACC0396,363.01,INR,IMPS,Hyderabad,mobile,DEV0223
TXN003333,2026-08-27 13:24:51,ACC0065,ACC0454,928.69,INR,NEFT,Chennai,web,DEV0447
TXN009965,2026-08-27 13:26:49,ACC0073,ACC0470,2275.02,INR,NEFT,Bengaluru,branch,DEV0859
TXN007283,2026-08-27 13:29:34,ACC0300,ACC0459,2976.14,INR,UPI,Bengaluru,web,DEV0355
TXN000612,2026-08-27 13:36:57,ACC0428,ACC0483,2418.43,INR,UPI,Delhi,atm,DEV0079
TXN005321,2026-08-27 13:40:49,ACC0245,ACC0002,2468.53,INR,UPI,Chennai,web,DEV0660
TXN007325,2026-08-27 13:40:50,ACC0379,ACC0489,684.79,INR,NEFT,Kolkata,branch,DEV0465
TXN001998,2026-08-27 13:44:21,ACC0165,ACC0169,516.71,INR,RTGS,Kolkata,atm,DEV0583
TXN008776,2026-08-27 13:44:50,ACC0270,ACC0492,1414.89,INR,NEFT,Chennai,web,DEV0726
TXN002804,2026-08-27 13:45:57,ACC0337,ACC0481,5008.27,INR,IMPS,Bengaluru,mobile,DEV0651
TXN005902,2026-08-27 13:46:47,ACC0380,ACC0474,6292.53,INR,UPI,Mumbai,web,DEV0172
TXN008632,2026-08-27 13:47:42,ACC0088,ACC0455,2633.92,INR,UPI,Chennai,branch,DEV0895
TXN000292,2026-08-27 13:47:53,ACC0283,ACC0461,2693.18,INR,RTGS,Chennai,web,DEV0875
TXN003892,2026-08-27 13:58:34,ACC0298,ACC0476,810.31,INR,NEFT,Hyderabad,branch,DEV0845
TXN008427,2026-08-27 13:58:51,ACC0256,ACC0051,1603.1,INR,NEFT,Bengaluru,mobile,DEV0309
TXN003929,2026-08-27 14:00:40,ACC0233,ACC0491,1142.1,INR,UPI,Kochi,atm,DEV0430
TXN008588,2026-08-27 14:01:42,ACC0002,ACC0452,1701.63,INR,IMPS,Hyderabad,web,DEV0514
TXN004689,2026-08-27 14:03:09,ACC0063,ACC0466,994.93,INR,NEFT,Delhi,atm,DEV0804
TXN000381,2026-08-27 14:04:35,ACC0048,ACC0498,7748.35,INR,IMPS,Bengaluru,branch,DEV0188
TXN002340,2026-08-27 14:05:34,ACC0259,ACC0465,3676.84,INR,IMPS,Kochi,atm,DEV0310
TXN002858,2026-08-27 14:09:27,ACC0191,ACC0496,4578.94,INR,UPI,Kolkata,web,DEV0212
TXN001253,2026-08-27 14:11:56,ACC0127,ACC0491,2844.76,INR,NEFT,Pune,atm,DEV0735
TXN008490,2026-08-27 14:12:04,ACC0131,ACC0482,7894.23,INR,UPI,Mumbai,atm,DEV0778
TXN009730,2026-08-27 14:13:46,ACC0410,ACC0452,2093.18,INR,RTGS,Hyderabad,mobile,DEV0771
TXN009001,2026-08-27 14:24:46,ACC0002,ACC0462,488.61,INR,UPI,Bengaluru,mobile,DEV0020
TXN002542,2026-08-27 14:27:04,ACC0395,ACC0043,578.97,INR,RTGS,Bengaluru,branch,DEV0807
TXN003359,2026-08-27 14:31:16,ACC0343,ACC0187,933.26,INR,UPI,Kolkata,web,DEV0591
TXN005884,2026-08-27 14:38:47,ACC0353,ACC0479,2239.44,INR,UPI,Delhi,web,DEV0770
TXN006862,2026-08-27 14:40:53,ACC0200,ACC0365,4761.82,INR,IMPS,Mumbai,branch,DEV0673
TXN008803,2026-08-27 14:43:48,ACC0240,ACC0211,1197.39,INR,UPI,Pune,mobile,DEV0648
TXN005703,2026-08-27 14:47:23,ACC0291,ACC0462,1915.98,INR,RTGS,Bengaluru,atm,DEV0654
TXN004295,2026-08-27 14:47:42,ACC0018,ACC0454,1538.49,INR,UPI,Kochi,web,DEV0229
TXN009922,2026-08-27 14:52:16,ACC0271,ACC0485,384.56,INR,UPI,Kochi,web,DEV0420
TXN006909,2026-08-27 14:52:30,ACC0116,ACC0484,19578.46,INR,IMPS,Hyderabad,mobile,DEV0787
TXN003735,2026-08-27 14:55:32,ACC0052,ACC0488,858.05,INR,UPI,Mumbai,mobile,DEV0140
TXN006756,2026-08-27 14:56:19,ACC0307,ACC0166,720.69,INR,RTGS,Mumbai,branch,DEV0564
TXN006893,2026-08-27 14:56:23,ACC0338,ACC0458,646.72,INR,RTGS,Bengaluru,web,DEV0450
TXN005268,2026-08-27 14:58:59,ACC0169,ACC0497,3254.08,INR,IMPS,Hyderabad,web,DEV0137
TXN000920,2026-08-27 15:04:02,ACC0298,ACC0490,360.5,INR,RTGS,Kochi,branch,DEV0779
TXN007773,2026-08-27 15:05:41,ACC0241,ACC0264,9479.27,INR,RTGS,Pune,atm,DEV0163
TXN003017,2026-08-27 15:06:43,ACC0397,ACC0458,364.76,INR,IMPS,Hyderabad,web,DEV0424
TXN007182,2026-08-27 15:08:50,ACC0301,ACC0454,1993.01,INR,RTGS,Kochi,mobile,DEV0545
TXN000485,2026-08-27 15:09:18,ACC0285,ACC0474,1564.69,INR,NEFT,Mumbai,web,DEV0658
TXN000161,2026-08-27 15:09:52,ACC0323,ACC0397,2326.6,INR,UPI,Bengaluru,mobile,DEV0452
TXN003167,2026-08-27 15:10:19,ACC0245,ACC0494,774.91,INR,RTGS,Pune,atm,DEV0117
TXN009179,2026-08-27 15:11:11,ACC0315,ACC0469,7693.1,INR,UPI,Kolkata,mobile,DEV0657
TXN005463,2026-08-27 15:11:38,ACC0080,ACC0498,197.24,INR,NEFT,Kochi,web,DEV0272
TXN005501,2026-08-27 15:12:41,ACC0296,ACC0464,6187.08,INR,IMPS,Pune,branch,DEV0783
TXN008113,2026-08-27 15:14:05,ACC0049,ACC0493,694.3,INR,IMPS,Mumbai,atm,DEV0525
TXN008151,2026-08-27 15:15:24,ACC0043,ACC0467,1678.39,INR,NEFT,Hyderabad,branch,DEV0462
TXN000741,2026-08-27 15:16:44,ACC0097,ACC0085,2655.96,INR,IMPS,Pune,mobile,DEV0112
TXN003393,2026-08-27 15:17:46,ACC0305,ACC0480,994.62,INR,UPI,Delhi,atm,DEV0091
TXN002888,2026-08-27 15:19:17,ACC0247,ACC0497,3964.82,INR,NEFT,Delhi,atm,DEV0614
TXN004394,2026-08-27 15:24:39,ACC0384,ACC0019,2847.51,INR,NEFT,Kolkata,atm,DEV0531
TXN007468,2026-08-27 15:27:54,ACC0082,ACC0268,680.64,INR,RTGS,Hyderabad,web,DEV0159
TXN008079,2026-08-27 15:30:13,ACC0120,ACC0424,1343.2,INR,RTGS,Mumbai,web,DEV0874
TXN004017,2026-08-27 15:34:15,ACC0312,ACC0494,2192.78,INR,IMPS,Bengaluru,mobile,DEV0766
TXN003584,2026-08-27 15:36:55,ACC0246,ACC0462,8817.1,INR,IMPS,Hyderabad,mobile,DEV0566
TXN004523,2026-08-27 15:39:54,ACC0106,ACC0114,1043.23,INR,NEFT,Delhi,atm,DEV0046
TXN005288,2026-08-27 15:41:15,ACC0156,ACC0477,1360.84,INR,IMPS,Bengaluru,atm,DEV0200
TXN005784,2026-08-27 15:42:45,ACC0323,ACC0479,2510.75,INR,IMPS,Kochi,atm,DEV0658
TXN000814,2026-08-27 15:43:38,ACC0159,ACC0462,822.41,INR,RTGS,Bengaluru,atm,DEV0661
TXN008134,2026-08-27 15:49:09,ACC0347,ACC0066,1555.97,INR,RTGS,Bengaluru,mobile,DEV0694
TXN004831,2026-08-27 15:50:29,ACC0107,ACC0451,739.58,INR,NEFT,Chennai,atm,DEV0576
TXN003580,2026-08-27 15:51:06,ACC0029,ACC0309,1387.84,INR,RTGS,Kochi,branch,DEV0143
TXN007162,2026-08-27 15:55:16,ACC0129,ACC0455,113.4,INR,RTGS,Bengaluru,branch,DEV0408
TXN003311,2026-08-27 15:55:21,ACC0035,ACC0474,22256.9,INR,NEFT,Pune,mobile,DEV0799
TXN004821,2026-08-27 15:57:26,ACC0024,ACC0472,1825.63,INR,IMPS,Mumbai,mobile,DEV0206
TXN000201,2026-08-27 15:59:04,ACC0074,ACC0365,686.3,INR,RTGS,Kolkata,atm,DEV0774
TXN009476,2026-08-27 15:59:56,ACC0127,ACC0494,8842.46,INR,UPI,Delhi,atm,DEV0765
TXN009326,2026-08-27 16:00:36,ACC0337,ACC0484,187.93,INR,UPI,Chennai,branch,DEV0180
TXN007407,2026-08-27 16:04:33,ACC0020,ACC0493,1750.97,INR,IMPS,Delhi,web,DEV0471
TXN000054,2026-08-27 16:06:27,ACC0332,ACC0477,13619.91,INR,RTGS,Delhi,branch,DEV0631
TXN009038,2026-08-27 16:06:34,ACC0253,ACC0058,2283.69,INR,UPI,Kolkata,web,DEV0500
TXN008268,2026-08-27 16:08:50,ACC0112,ACC0452,1928.73,INR,IMPS,Kochi,mobile,DEV0291
TXN006814,2026-08-27 16:14:01,ACC0016,ACC0451,738.4,INR,UPI,Mumbai,mobile,DEV0782
TXN001754,2026-08-27 16:21:40,ACC0288,ACC0190,3005.61,INR,NEFT,Mumbai,mobile,DEV0184
TXN007003,2026-08-27 16:22:59,ACC0240,ACC0485,2714.9,INR,NEFT,Kochi,atm,DEV0727
TXN004323,2026-08-27 16:23:05,ACC0050,ACC0472,3380.03,INR,IMPS,Bengaluru,atm,DEV0659
TXN006289,2026-08-27 16:31:25,ACC0316,ACC0500,1494.01,INR,RTGS,Kochi,mobile,DEV0195
TXN009011,2026-08-27 16:32:14,ACC0223,ACC0452,916.57,INR,NEFT,Hyderabad,web,DEV0001
TXN000268,2026-08-27 16:34:19,ACC0289,ACC0463,199.82,INR,UPI,Kochi,mobile,DEV0340
TXN004898,2026-08-27 16:35:26,ACC0016,ACC0478,4953.42,INR,RTGS,Mumbai,branch,DEV0559
TXN009664,2026-08-27 16:35:52,ACC0291,ACC0483,1077.31,INR,IMPS,Pune,web,DEV0235
TXN006276,2026-08-27 16:37:38,ACC0021,ACC0116,1788.31,INR,NEFT,Kochi,atm,DEV0450
TXN005917,2026-08-27 16:40:02,ACC0335,ACC0472,837.24,INR,NEFT,Hyderabad,branch,DEV0251
TXN004423,2026-08-27 16:40:03,ACC0396,ACC0477,1152.4,INR,RTGS,Hyderabad,branch,DEV0868
TXN009941,2026-08-27 16:44:02,ACC0300,ACC0080,1926.82,INR,RTGS,Pune,mobile,DEV0740
TXN009878,2026-08-27 16:55:03,ACC0130,ACC0468,1011.65,INR,RTGS,Pune,branch,DEV0643
TXN001943,2026-08-27 16:58:54,ACC0191,ACC0487,511.6,INR,RTGS,Delhi,web,DEV0421
TXN008874,2026-08-27 16:58:56,ACC0042,ACC0487,5019.41,INR,RTGS,Delhi,atm,DEV0457
TXN001161,2026-08-27 16:59:36,ACC0280,ACC0492,2394.17,INR,RTGS,Kochi,web,DEV0700
TXN007355,2026-08-27 17:02:34,ACC0094,ACC0478,13226.77,INR,IMPS,Kolkata,mobile,DEV0406
TXN001297,2026-08-27 17:04:53,ACC0137,ACC0490,2094.31,INR,RTGS,Hyderabad,web,DEV0659
TXN006466,2026-08-27 17:05:57,ACC0073,ACC0092,1692.31,INR,IMPS,Kolkata,mobile,DEV0842
TXN003906,2026-08-27 17:11:01,ACC0109,ACC0490,8172.81,INR,IMPS,Hyderabad,atm,DEV0356
TXN005854,2026-08-27 17:11:04,ACC0393,ACC0249,4158.43,INR,NEFT,Kochi,mobile,DEV0732
TXN004604,2026-08-27 17:11:19,ACC0361,ACC0470,8853.37,INR,IMPS,Bengaluru,mobile,DEV0281
TXN007001,2026-08-27 17:12:20,ACC0430,ACC0315,34.46,INR,NEFT,Kochi,atm,DEV0049
TXN008651,2026-08-27 17:16:39,ACC0134,ACC0339,5363.69,INR,UPI,Bengaluru,web,DEV0750
TXN008794,2026-08-27 17:18:24,ACC0067,ACC0467,725.79,INR,RTGS,Kochi,mobile,DEV0261
TXN006499,2026-08-27 17:20:03,ACC0209,ACC0492,1105.8,INR,NEFT,Chennai,atm,DEV0778
TXN008095,2026-08-27 17:24:28,ACC0399,ACC0487,2021.59,INR,UPI,Mumbai,web,DEV0207
TXN003367,2026-08-27 17:27:53,ACC0123,ACC0064,2798.12,INR,RTGS,Chennai,atm,DEV0433
TXN005340,2026-08-27 17:29:25,ACC0174,ACC0467,965.58,INR,IMPS,Mumbai,atm,DEV0401
TXN006718,2026-08-27 17:30:32,ACC0002,ACC0485,780.25,INR,NEFT,Pune,branch,DEV0293
TXN002567,2026-08-27 17:30:46,ACC0402,ACC0475,116.48,INR,UPI,Chennai,atm,DEV0102
TXN003945,2026-08-27 17:31:41,ACC0287,ACC0491,3502.7,INR,IMPS,Mumbai,mobile,DEV0625
TXN009560,2026-08-27 17:32:37,ACC0223,ACC0458,1644.31,INR,NEFT,Mumbai,branch,DEV0483
TXN001497,2026-08-27 17:32:40,ACC0228,ACC0375,2064.98,INR,UPI,Mumbai,atm,DEV0267
TXN005459,2026-08-27 17:34:05,ACC0301,ACC0490,593.41,INR,UPI,Kolkata,branch,DEV0326
TXN007875,2026-08-27 17:35:08,ACC0408,ACC0491,1393.62,INR,IMPS,Bengaluru,mobile,DEV0314
TXN001033,2026-08-27 17:36:29,ACC0317,ACC0497,451.58,INR,UPI,Delhi,mobile,DEV0392
TXN006510,2026-08-27 17:36:40,ACC0386,ACC0455,2456.44,INR,UPI,Pune,web,DEV0885
TXN006922,2026-08-27 17:37:12,ACC0298,ACC0360,1240.29,INR,NEFT,Chennai,atm,DEV0395
TXN003668,2026-08-27 17:42:48,ACC0316,ACC0463,2269.97,INR,NEFT,Kolkata,branch,DEV0434
TXN006628,2026-08-27 17:43:23,ACC0234,ACC0472,1241.18,INR,NEFT,Kochi,branch,DEV0720
TXN006804,2026-08-27 17:48:15,ACC0209,ACC0483,344.78,INR,RTGS,Mumbai,mobile,DEV0380
TXN000771,2026-08-27 17:50:51,ACC0359,ACC0486,1738.29,INR,UPI,Bengaluru,mobile,DEV0186
TXN001923,2026-08-27 17:53:39,ACC0298,ACC0500,1570.65,INR,RTGS,Kolkata,web,DEV0792
TXN008075,2026-08-27 17:54:03,ACC0415,ACC0474,1403.3,INR,UPI,Pune,branch,DEV0343
TXN004188,2026-08-27 17:57:52,ACC0133,ACC0187,2166.91,INR,NEFT,Pune,atm,DEV0015
TXN004908,2026-08-27 18:00:58,ACC0010,ACC0499,9280.25,INR,UPI,Mumbai,mobile,DEV0024
TXN006723,2026-08-27 18:01:00,ACC0137,ACC0452,573.28,INR,UPI,Chennai,mobile,DEV0445
TXN000656,2026-08-27 18:08:48,ACC0194,ACC0497,250.54,INR,RTGS,Kochi,web,DEV0888
TXN007159,2026-08-27 18:09:31,ACC0018,ACC0465,1429.94,INR,IMPS,Bengaluru,mobile,DEV0112
TXN007996,2026-08-27 18:11:10,ACC0391,ACC0455,641.6,INR,RTGS,Kochi,mobile,DEV0231
TXN003488,2026-08-27 18:11:47,ACC0244,ACC0426,659.94,INR,NEFT,Kochi,branch,DEV0369
TXN001308,2026-08-27 18:14:28,ACC0312,ACC0471,3484.18,INR,RTGS,Hyderabad,mobile,DEV0544
TXN006768,2026-08-27 18:18:31,ACC0410,ACC0470,197.82,INR,NEFT,Mumbai,branch,DEV0181
TXN000667,2026-08-27 18:18:41,ACC0232,ACC0480,7941.35,INR,IMPS,Pune,branch,DEV0863
TXN006715,2026-08-27 18:21:18,ACC0197,ACC0493,159.03,INR,RTGS,Kochi,atm,DEV0600
TXN000660,2026-08-27 18:28:05,ACC0403,ACC0496,7138.14,INR,RTGS,Chennai,atm,DEV0883
TXN005213,2026-08-27 18:28:25,ACC0309,ACC0500,1878.17,INR,RTGS,Kolkata,atm,DEV0303
TXN005142,2026-08-27 18:28:41,ACC0374,ACC0093,4951.75,INR,RTGS,Kochi,web,DEV0238
TXN007872,2026-08-27 18:29:32,ACC0318,ACC0488,1727.66,INR,IMPS,Bengaluru,branch,DEV0650
TXN001807,2026-08-27 18:32:17,ACC0026,ACC0489,2599.62,INR,UPI,Mumbai,web,DEV0457
TXN009028,2026-08-27 18:36:13,ACC0450,ACC0500,8788.04,INR,RTGS,Bengaluru,mobile,DEV0608
TXN000076,2026-08-27 18:37:42,ACC0002,ACC0470,1598.85,INR,RTGS,Kolkata,branch,DEV0566
TXN001957,2026-08-27 18:38:46,ACC0171,ACC0382,595.97,INR,RTGS,Bengaluru,web,DEV0471
TXN004290,2026-08-27 18:41:02,ACC0382,ACC0499,17012.52,INR,NEFT,Delhi,web,DEV0755
TXN004598,2026-08-27 18:41:06,ACC0052,ACC0092,9270.12,INR,IMPS,Mumbai,mobile,DEV0565
TXN002721,2026-08-27 18:41:23,ACC0432,ACC0464,1436.68,INR,RTGS,Delhi,mobile,DEV0787
TXN008819,2026-08-27 18:43:40,ACC0191,ACC0479,3761.32,INR,UPI,Bengaluru,branch,DEV0804
TXN005079,2026-08-27 18:46:36,ACC0226,ACC0159,1395.23,INR,IMPS,Kolkata,web,DEV0667
TXN003904,2026-08-27 18:48:39,ACC0043,ACC0011,4360.56,INR,NEFT,Kochi,branch,DEV0553
TXN009550,2026-08-27 18:49:10,ACC0282,ACC0457,1158.17,INR,IMPS,Mumbai,mobile,DEV0470
TXN006855,2026-08-27 18:49:39,ACC0393,ACC0478,82.2,INR,RTGS,Kochi,atm,DEV0529
TXN006270,2026-08-27 18:53:31,ACC0060,ACC0489,13749.33,INR,IMPS,Pune,mobile,DEV0377
TXN007006,2026-08-27 18:59:02,ACC0300,ACC0471,1078.42,INR,RTGS,Kolkata,branch,DEV0577
TXN002932,2026-08-27 18:59:47,ACC0206,ACC0497,7441.84,INR,NEFT,Kolkata,mobile,DEV0050
TXN001230,2026-08-27 19:04:04,ACC0152,ACC0462,1300.7,INR,RTGS,Chennai,branch,DEV0352
TXN008306,2026-08-27 19:06:08,ACC0091,ACC0478,4910.09,INR,IMPS,Delhi,branch,DEV0321
TXN008896,2026-08-27 19:07:57,ACC0385,ACC0344,1116.99,INR,IMPS,Bengaluru,web,DEV0414
TXN005725,2026-08-27 19:08:07,ACC0243,ACC0381,2216.7,INR,RTGS,Bengaluru,mobile,DEV0173
TXN004583,2026-08-27 19:08:57,ACC0071,ACC0452,565.42,INR,IMPS,Kolkata,mobile,DEV0711
TXN003908,2026-08-27 19:12:03,ACC0042,ACC0460,1659.75,INR,NEFT,Pune,web,DEV0702
TXN007687,2026-08-27 19:16:39,ACC0179,ACC0499,2110.27,INR,RTGS,Kochi,branch,DEV0036
TXN002393,2026-08-27 19:16:44,ACC0135,ACC0455,1771.57,INR,IMPS,Kolkata,atm,DEV0513
TXN004562,2026-08-27 19:20:39,ACC0444,ACC0426,364.19,INR,NEFT,Bengaluru,mobile,DEV0451
TXN002776,2026-08-27 19:21:38,ACC0078,ACC0469,1114.61,INR,UPI,Chennai,atm,DEV0649
TXN005893,2026-08-27 19:24:34,ACC0040,ACC0114,1472.08,INR,IMPS,Mumbai,web,DEV0178
TXN003061,2026-08-27 19:25:21,ACC0138,ACC0466,2281.61,INR,IMPS,Pune,branch,DEV0632
TXN007940,2026-08-27 19:25:29,ACC0327,ACC0491,444.89,INR,RTGS,Chennai,mobile,DEV0540
TXN005699,2026-08-27 19:26:07,ACC0190,ACC0489,5978.33,INR,UPI,Mumbai,web,DEV0107
TXN006927,2026-08-27 19:27:08,ACC0363,ACC0454,22197.18,INR,IMPS,Mumbai,web,DEV0371
TXN001350,2026-08-27 19:27:09,ACC0388,ACC0154,13785.19,INR,NEFT,Kochi,atm,DEV0008
TXN007813,2026-08-27 19:28:46,ACC0354,ACC0474,3213.82,INR,RTGS,Pune,branch,DEV0003
TXN004190,2026-08-27 19:36:11,ACC0436,ACC0473,5087.12,INR,RTGS,Pune,mobile,DEV0556
TXN008895,2026-08-27 19:37:59,ACC0223,ACC0137,14666.29,INR,NEFT,Hyderabad,branch,DEV0610
TXN006820,2026-08-27 19:38:35,ACC0073,ACC0258,1008.88,INR,NEFT,Delhi,mobile,DEV0182
TXN003286,2026-08-27 19:39:06,ACC0338,ACC0483,1116.55,INR,UPI,Pune,atm,DEV0642
TXN000633,2026-08-27 19:41:47,ACC0371,ACC0214,992.52,INR,NEFT,Bengaluru,branch,DEV0708
TXN005002,2026-08-27 19:41:47,ACC0215,ACC0483,628.0,INR,NEFT,Kolkata,mobile,DEV0189
TXN007447,2026-08-27 19:42:28,ACC0083,ACC0478,2493.8,INR,RTGS,Kochi,mobile,DEV0197
TXN001752,2026-08-27 19:45:21,ACC0009,ACC0465,191.37,INR,RTGS,Hyderabad,branch,DEV0175
TXN005364,2026-08-27 19:46:16,ACC0095,ACC0175,2027.51,INR,UPI,Chennai,web,DEV0796
TXN008074,2026-08-27 19:46:43,ACC0357,ACC0285,502.65,INR,UPI,Kochi,atm,DEV0411
TXN001118,2026-08-27 19:47:49,ACC0443,ACC0476,403.35,INR,NEFT,Delhi,mobile,DEV0646
TXN004632,2026-08-27 19:50:34,ACC0052,ACC0490,3859.19,INR,NEFT,Mumbai,branch,DEV0018
TXN005569,2026-08-27 19:52:12,ACC0025,ACC0152,428.5,INR,UPI,Mumbai,branch,DEV0406
TXN008465,2026-08-27 19:54:33,ACC0090,ACC0463,1506.13,INR,NEFT,Kochi,mobile,DEV0535
TXN000672,2026-08-27 20:00:07,ACC0308,ACC0462,542.23,INR,RTGS,Chennai,web,DEV0761
TXN009479,2026-08-27 20:00:15,ACC0195,ACC0371,1238.04,INR,UPI,Mumbai,branch,DEV0092
TXN004201,2026-08-27 20:00:47,ACC0103,ACC0478,1106.66,INR,RTGS,Pune,branch,DEV0491
TXN007266,2026-08-27 20:06:01,ACC0143,ACC0481,1841.66,INR,NEFT,Pune,web,DEV0635
TXN005554,2026-08-27 20:09:34,ACC0032,ACC0070,2793.48,INR,IMPS,Chennai,web,DEV0414
TXN008052,2026-08-27 20:16:26,ACC0192,ACC0028,1185.02,INR,UPI,Kochi,web,DEV0516
TXN005850,2026-08-27 20:16:39,ACC0063,ACC0481,2165.24,INR,NEFT,Bengaluru,web,DEV0303
TXN004549,2026-08-27 20:17:13,ACC0273,ACC0485,436.55,INR,UPI,Chennai,atm,DEV0364
TXN003087,2026-08-27 20:17:26,ACC0408,ACC0470,2487.47,INR,UPI,Pune,branch,DEV0436
TXN009708,2026-08-27 20:19:00,ACC0127,ACC0452,241.53,INR,IMPS,Kochi,atm,DEV0162
TXN005281,2026-08-27 20:20:04,ACC0294,ACC0452,312.27,INR,UPI,Kolkata,mobile,DEV0272
TXN007750,2026-08-27 20:22:52,ACC0278,ACC0198,715.84,INR,IMPS,Pune,web,DEV0062
TXN006769,2026-08-27 20:34:11,ACC0173,ACC0495,1341.21,INR,UPI,Hyderabad,branch,DEV0470
TXN003442,2026-08-27 20:34:41,ACC0021,ACC0495,2528.48,INR,UPI,Chennai,branch,DEV0826
TXN000832,2026-08-27 20:35:38,ACC0029,ACC0462,1500.08,INR,RTGS,Pune,web,DEV0056
TXN006692,2026-08-27 20:39:41,ACC0312,ACC0463,1325.29,INR,NEFT,Delhi,mobile,DEV0623
TXN006734,2026-08-27 20:39:41,ACC0150,ACC0463,7885.34,INR,IMPS,Delhi,branch,DEV0777
TXN008456,2026-08-27 20:39:43,ACC0095,ACC0455,3867.48,INR,RTGS,Pune,web,DEV0408
TXN000914,2026-08-27 20:42:15,ACC0326,ACC0460,147.69,INR,NEFT,Kochi,atm,DEV0297
TXN000710,2026-08-27 20:42:30,ACC0446,ACC0478,359.46,INR,IMPS,Bengaluru,atm,DEV0283
TXN000540,2026-08-27 20:44:57,ACC0275,ACC0462,2370.48,INR,NEFT,Mumbai,mobile,DEV0325
TXN006365,2026-08-27 20:48:33,ACC0174,ACC0349,1823.35,INR,IMPS,Hyderabad,web,DEV0294
TXN005407,2026-08-27 20:49:09,ACC0228,ACC0263,8591.89,INR,UPI,Kolkata,atm,DEV0377
TXN002768,2026-08-27 20:51:37,ACC0062,ACC0493,1216.55,INR,RTGS,Kochi,mobile,DEV0495
TXN007600,2026-08-27 20:52:00,ACC0162,ACC0187,1713.21,INR,UPI,Hyderabad,branch,DEV0250
TXN004777,2026-08-27 20:52:36,ACC0337,ACC0415,9369.63,INR,RTGS,Mumbai,branch,DEV0450
TXN004812,2026-08-27 20:52:57,ACC0263,ACC0456,4788.71,INR,RTGS,Hyderabad,mobile,DEV0138
TXN000963,2026-08-27 20:56:46,ACC0092,ACC0022,525.64,INR,IMPS,Mumbai,branch,DEV0292
TXN001228,2026-08-27 20:57:48,ACC0328,ACC0460,5004.83,INR,UPI,Kochi,web,DEV0074
TXN002348,2026-08-28 09:04:20,ACC0329,ACC0463,859.1,INR,IMPS,Hyderabad,mobile,DEV0461
TXN009898,2026-08-28 09:06:01,ACC0093,ACC0467,1826.57,INR,RTGS,Kolkata,branch,DEV0258
TXN001422,2026-08-28 09:10:08,ACC0312,ACC0485,1175.75,INR,NEFT,Pune,branch,DEV0520
TXN004894,2026-08-28 09:12:48,ACC0398,ACC0261,1198.9,INR,NEFT,Kochi,web,DEV0112
TXN006115,2026-08-28 09:15:55,ACC0199,ACC0489,342.43,INR,UPI,Bengaluru,branch,DEV0419
TXN008817,2026-08-28 09:18:40,ACC0404,ACC0500,3445.8,INR,RTGS,Pune,branch,DEV0610
TXN009359,2026-08-28 09:19:26,ACC0381,ACC0451,288.18,INR,UPI,Hyderabad,branch,DEV0879
TXN009108,2026-08-28 09:21:13,ACC0197,ACC0483,4985.07,INR,NEFT,Hyderabad,web,DEV0522
TXN003349,2026-08-28 09:21:54,ACC0278,ACC0312,7266.08,INR,UPI,Kolkata,atm,DEV0728
TXN006308,2026-08-28 09:22:09,ACC0280,ACC0488,2224.33,INR,IMPS,Hyderabad,mobile,DEV0583
TXN008717,2026-08-28 09:29:25,ACC0347,ACC0084,1098.71,INR,RTGS,Hyderabad,web,DEV0830
TXN009439,2026-08-28 09:29:25,ACC0220,ACC0338,1101.07,INR,NEFT,Pune,mobile,DEV0792
TXN006579,2026-08-28 09:33:23,ACC0285,ACC0383,1719.16,INR,NEFT,Kochi,web,DEV0419
TXN007761,2026-08-28 09:34:57,ACC0426,ACC0302,115.35,INR,UPI,Kolkata,branch,DEV0156
TXN001461,2026-08-28 09:35:12,ACC0187,ACC0497,605.79,INR,RTGS,Kochi,branch,DEV0701
TXN008120,2026-08-28 09:36:18,ACC0047,ACC0473,3706.22,INR,RTGS,Mumbai,atm,DEV0490
TXN009406,2026-08-28 09:37:09,ACC0414,ACC0135,641.88,INR,NEFT,Kochi,mobile,DEV0514
TXN000011,2026-08-28 09:43:46,ACC0240,ACC0486,12656.32,INR,IMPS,Mumbai,branch,DEV0446
TXN009939,2026-08-28 09:43:53,ACC0251,ACC0468,2830.13,INR,IMPS,Bengaluru,branch,DEV0120
TXN003887,2026-08-28 09:43:54,ACC0096,ACC0272,2079.93,INR,NEFT,Kochi,web,DEV0013
TXN009459,2026-08-28 09:48:42,ACC0437,ACC0094,1588.34,INR,NEFT,Delhi,branch,DEV0554
TXN001372,2026-08-28 09:52:24,ACC0399,ACC0480,1185.58,INR,IMPS,Hyderabad,mobile,DEV0192
TXN000032,2026-08-28 09:54:30,ACC0404,ACC0196,94.09,INR,RTGS,Kolkata,branch,DEV0841
TXN000136,2026-08-28 09:55:41,ACC0332,ACC0473,1138.81,INR,IMPS,Pune,atm,DEV0762
TXN005737,2026-08-28 09:59:43,ACC0354,ACC0482,1446.1,INR,IMPS,Chennai,web,DEV0141
TXN004820,2026-08-28 10:01:43,ACC0021,ACC0490,3736.96,INR,UPI,Kolkata,web,DEV0664
TXN008765,2026-08-28 10:02:22,ACC0246,ACC0469,1057.99,INR,NEFT,Bengaluru,mobile,DEV0050
TXN003502,2026-08-28 10:05:04,ACC0245,ACC0163,314.15,INR,UPI,Delhi,branch,DEV0719
TXN001706,2026-08-28 10:05:30,ACC0291,ACC0359,5634.19,INR,RTGS,Hyderabad,mobile,DEV0668
TXN004184,2026-08-28 10:05:37,ACC0276,ACC0183,11903.11,INR,IMPS,Pune,web,DEV0181
TXN000010,2026-08-28 10:09:40,ACC0253,ACC0454,219.61,INR,UPI,Pune,atm,DEV0611
TXN006963,2026-08-28 10:10:25,ACC0253,ACC0476,341.66,INR,NEFT,Hyderabad,branch,DEV0812
TXN009778,2026-08-28 10:11:46,ACC0093,ACC0216,1307.41,INR,NEFT,Bengaluru,branch,DEV0061
TXN007528,2026-08-28 10:13:04,ACC0435,ACC0255,98.16,INR,NEFT,Pune,web,DEV0864
TXN002994,2026-08-28 10:13:32,ACC0244,ACC0190,1468.94,INR,NEFT,Bengaluru,mobile,DEV0546
TXN004144,2026-08-28 10:14:01,ACC0031,ACC0144,394.3,INR,IMPS,Delhi,mobile,DEV0289
TXN000844,2026-08-28 10:14:24,ACC0193,ACC0476,13823.24,INR,IMPS,Kochi,atm,DEV0658
TXN001121,2026-08-28 10:21:22,ACC0418,ACC0482,3806.23,INR,NEFT,Kolkata,branch,DEV0104
TXN009293,2026-08-28 10:23:52,ACC0077,ACC0473,620.06,INR,IMPS,Pune,web,DEV0045
TXN006210,2026-08-28 10:25:22,ACC0195,ACC0458,1324.83,INR,IMPS,Chennai,web,DEV0332
TXN000040,2026-08-28 10:29:26,ACC0126,ACC0313,9110.95,INR,RTGS,Kochi,atm,DEV0250
TXN008000,2026-08-28 10:30:33,ACC0239,ACC0462,1621.13,INR,UPI,Chennai,branch,DEV0483
TXN007562,2026-08-28 10:31:40,ACC0035,ACC0479,1067.72,INR,UPI,Kolkata,atm,DEV0843
TXN009437,2026-08-28 10:34:34,ACC0218,ACC0492,3540.45,INR,UPI,Hyderabad,atm,DEV0163
TXN008424,2026-08-28 10:40:10,ACC0235,ACC0455,2059.84,INR,NEFT,Chennai,branch,DEV0113
TXN003842,2026-08-28 10:42:21,ACC0060,ACC0494,873.2,INR,RTGS,Pune,mobile,DEV0824
TXN007470,2026-08-28 10:48:00,ACC0113,ACC0459,755.57,INR,UPI,Chennai,atm,DEV0825
TXN009869,2026-08-28 10:51:09,ACC0433,ACC0481,1654.82,INR,RTGS,Hyderabad,mobile,DEV0343
TXN002644,2026-08-28 10:51:51,ACC0448,ACC0463,223.65,INR,NEFT,Chennai,atm,DEV0558
TXN004799,2026-08-28 10:53:42,ACC0438,ACC0010,120.07,INR,RTGS,Delhi,branch,DEV0149
TXN000581,2026-08-28 10:53:54,ACC0224,ACC0491,1798.82,INR,UPI,Hyderabad,atm,DEV0824
TXN003563,2026-08-28 10:54:51,ACC0261,ACC0035,2307.57,INR,IMPS,Kochi,web,DEV0800
TXN002174,2026-08-28 10:58:36,ACC0134,ACC0499,5992.39,INR,UPI,Mumbai,mobile,DEV0340
TXN008132,2026-08-28 10:59:52,ACC0427,ACC0481,1004.8,INR,RTGS,Chennai,web,DEV0448
TXN000320,2026-08-28 11:04:48,ACC0435,ACC0482,1602.37,INR,IMPS,Chennai,web,DEV0564
TXN006531,2026-08-28 11:05:45,ACC0233,ACC0467,6368.45,INR,NEFT,Kolkata,mobile,DEV0196
TXN000316,2026-08-28 11:06:26,ACC0068,ACC0454,7332.4,INR,RTGS,Delhi,atm,DEV0798
TXN009596,2026-08-28 11:09:14,ACC0103,ACC0480,173.59,INR,NEFT,Delhi,web,DEV0295
TXN003720,2026-08-28 11:09:38,ACC0316,ACC0455,6640.37,INR,UPI,Kochi,branch,DEV0730
TXN005744,2026-08-28 11:10:57,ACC0147,ACC0089,196.13,INR,NEFT,Bengaluru,web,DEV0225
TXN001676,2026-08-28 11:12:12,ACC0230,ACC0374,2218.14,INR,NEFT,Chennai,web,DEV0339
TXN001273,2026-08-28 11:15:55,ACC0086,ACC0460,2264.15,INR,IMPS,Kochi,web,DEV0466
TXN002137,2026-08-28 11:20:51,ACC0236,ACC0256,988.02,INR,NEFT,Hyderabad,web,DEV0218
TXN002316,2026-08-28 11:21:03,ACC0229,ACC0453,793.53,INR,RTGS,Pune,web,DEV0774
TXN000802,2026-08-28 11:21:23,ACC0007,ACC0500,3337.6,INR,IMPS,Bengaluru,branch,DEV0216
TXN004266,2026-08-28 11:27:16,ACC0258,ACC0470,905.67,INR,IMPS,Chennai,mobile,DEV0805
TXN006016,2026-08-28 11:29:12,ACC0141,ACC0459,385.94,INR,RTGS,Hyderabad,atm,DEV0040
TXN001140,2026-08-28 11:32:09,ACC0091,ACC0362,4765.13,INR,UPI,Mumbai,branch,DEV0299
TXN004708,2026-08-28 11:32:40,ACC0058,ACC0297,417.69,INR,RTGS,Pune,web,DEV0257
TXN007586,2026-08-28 11:34:05,ACC0045,ACC0383,5744.98,INR,NEFT,Kochi,atm,DEV0806
TXN003595,2026-08-28 11:38:24,ACC0010,ACC0496,1242.68,INR,IMPS,Mumbai,branch,DEV0498
TXN000238,2026-08-28 11:41:43,ACC0196,ACC0386,389.35,INR,UPI,Delhi,atm,DEV0360
TXN001604,2026-08-28 11:44:56,ACC0368,ACC0473,495.71,INR,NEFT,Chennai,web,DEV0516
TXN000144,2026-08-28 11:45:45,ACC0278,ACC0470,5055.41,INR,UPI,Bengaluru,web,DEV0243
TXN008265,2026-08-28 11:46:00,ACC0214,ACC0058,8779.5,INR,IMPS,Kochi,mobile,DEV0639
TXN000356,2026-08-28 11:47:46,ACC0290,ACC0338,1558.45,INR,NEFT,Kochi,web,DEV0065
TXN008532,2026-08-28 11:51:22,ACC0433,ACC0469,2996.27,INR,RTGS,Kolkata,branch,DEV0238
TXN002409,2026-08-28 11:51:24,ACC0321,ACC0471,1545.73,INR,NEFT,Kolkata,branch,DEV0404
TXN000153,2026-08-28 11:52:20,ACC0443,ACC0466,815.46,INR,RTGS,Kochi,branch,DEV0510
TXN000695,2026-08-28 11:54:32,ACC0028,ACC0468,900.26,INR,RTGS,Mumbai,web,DEV0521
TXN006717,2026-08-28 11:58:03,ACC0349,ACC0266,228.78,INR,NEFT,Delhi,mobile,DEV0792
TXN003602,2026-08-28 11:58:55,ACC0410,ACC0316,156.6,INR,IMPS,Chennai,mobile,DEV0426
TXN002550,2026-08-28 11:59:11,ACC0434,ACC0471,1316.46,INR,IMPS,Hyderabad,web,DEV0821
TXN001588,2026-08-28 12:01:00,ACC0298,ACC0474,1125.34,INR,NEFT,Kolkata,branch,DEV0009
TXN002686,2026-08-28 12:03:27,ACC0439,ACC0475,1147.96,INR,UPI,Kolkata,branch,DEV0413
TXN001216,2026-08-28 12:04:39,ACC0288,ACC0493,491.41,INR,NEFT,Pune,branch,DEV0078
TXN007916,2026-08-28 12:07:56,ACC0069,ACC0490,3790.75,INR,NEFT,Chennai,mobile,DEV0345
TXN003421,2026-08-28 12:08:46,ACC0304,ACC0276,381.73,INR,UPI,Chennai,branch,DEV0604
TXN009063,2026-08-28 12:09:18,ACC0350,ACC0494,1151.75,INR,RTGS,Kolkata,atm,DEV0827
TXN000526,2026-08-28 12:15:20,ACC0008,ACC0377,1394.7,INR,NEFT,Chennai,atm,DEV0046
TXN005438,2026-08-28 12:16:20,ACC0066,ACC0499,6401.3,INR,UPI,Kochi,mobile,DEV0760
TXN007754,2026-08-28 12:16:21,ACC0323,ACC0476,2985.41,INR,IMPS,Kochi,mobile,DEV0426
TXN000779,2026-08-28 12:17:00,ACC0171,ACC0075,3007.07,INR,IMPS,Kochi,mobile,DEV0542
TXN009350,2026-08-28 12:19:04,ACC0177,ACC0197,2378.41,INR,UPI,Delhi,web,DEV0791
TXN002951,2026-08-28 12:19:29,ACC0167,ACC0020,1261.12,INR,UPI,Pune,branch,DEV0862
TXN004435,2026-08-28 12:21:19,ACC0193,ACC0491,2477.15,INR,UPI,Hyderabad,web,DEV0872
TXN006109,2026-08-28 12:24:07,ACC0235,ACC0495,343.79,INR,NEFT,Mumbai,branch,DEV0352
TXN007296,2026-08-28 12:27:47,ACC0033,ACC0482,636.31,INR,NEFT,Bengaluru,branch,DEV0720
TXN009265,2026-08-28 12:29:53,ACC0111,ACC0012,3304.45,INR,RTGS,Bengaluru,atm,DEV0352
TXN005253,2026-08-28 12:32:30,ACC0384,ACC0460,3131.97,INR,UPI,Chennai,mobile,DEV0760
TXN006727,2026-08-28 12:36:47,ACC0337,ACC0497,472.57,INR,UPI,Kolkata,branch,DEV0844
TXN004956,2026-08-28 12:41:08,ACC0313,ACC0346,1379.89,INR,NEFT,Hyderabad,atm,DEV0221
TXN000293,2026-08-28 12:41:14,ACC0293,ACC0110,2588.34,INR,RTGS,Chennai,mobile,DEV0486
TXN006096,2026-08-28 12:44:40,ACC0179,ACC0475,2751.21,INR,RTGS,Hyderabad,mobile,DEV0128
TXN000192,2026-08-28 12:47:09,ACC0161,ACC0487,2882.36,INR,IMPS,Delhi,web,DEV0338
TXN006861,2026-08-28 12:48:35,ACC0192,ACC0465,1526.09,INR,UPI,Delhi,mobile,DEV0611
TXN002160,2026-08-28 12:55:56,ACC0150,ACC0479,458.15,INR,RTGS,Delhi,branch,DEV0324
TXN006170,2026-08-28 12:56:15,ACC0162,ACC0498,1056.31,INR,NEFT,Delhi,web,DEV0458
TXN000676,2026-08-28 12:56:33,ACC0034,ACC0487,2966.81,INR,UPI,Hyderabad,atm,DEV0003
TXN006032,2026-08-28 12:56:41,ACC0037,ACC0361,3627.54,INR,RTGS,Mumbai,branch,DEV0269
TXN000336,2026-08-28 13:00:21,ACC0136,ACC0488,592.01,INR,UPI,Delhi,branch,DEV0612
TXN006158,2026-08-28 13:03:49,ACC0127,ACC0476,2102.41,INR,NEFT,Kochi,mobile,DEV0677
TXN007400,2026-08-28 13:08:57,ACC0141,ACC0484,12325.04,INR,UPI,Hyderabad,branch,DEV0238
TXN005057,2026-08-28 13:09:22,ACC0015,ACC0460,1296.99,INR,RTGS,Delhi,atm,DEV0860
TXN002296,2026-08-28 13:09:42,ACC0152,ACC0284,2650.46,INR,IMPS,Chennai,branch,DEV0450
TXN005875,2026-08-28 13:10:27,ACC0411,ACC0499,6150.39,INR,RTGS,Bengaluru,mobile,DEV0090
TXN009724,2026-08-28 13:15:52,ACC0186,ACC0197,2020.72,INR,UPI,Delhi,mobile,DEV0212
TXN004959,2026-08-28 13:16:23,ACC0173,ACC0320,3692.28,INR,UPI,Hyderabad,branch,DEV0152
TXN009336,2026-08-28 13:16:44,ACC0120,ACC0393,1127.43,INR,RTGS,Bengaluru,atm,DEV0745
TXN009388,2026-08-28 13:19:31,ACC0017,ACC0464,695.9,INR,RTGS,Bengaluru,web,DEV0587
TXN008846,2026-08-28 13:22:57,ACC0201,ACC0128,2874.01,INR,UPI,Pune,branch,DEV0742
TXN005578,2026-08-28 13:24:19,ACC0348,ACC0483,3283.37,INR,RTGS,Chennai,branch,DEV0877
TXN009484,2026-08-28 13:25:58,ACC0286,ACC0500,3051.79,INR,RTGS,Hyderabad,atm,DEV0794
TXN008037,2026-08-28 13:28:11,ACC0192,ACC0488,2264.25,INR,UPI,Chennai,atm,DEV0457
TXN005821,2026-08-28 13:30:52,ACC0116,ACC0474,10967.63,INR,UPI,Hyderabad,web,DEV0081
TXN003165,2026-08-28 13:30:56,ACC0039,ACC0113,7884.5,INR,NEFT,Chennai,branch,DEV0477
TXN009132,2026-08-28 13:31:21,ACC0350,ACC0481,2306.72,INR,RTGS,Delhi,branch,DEV0313
TXN007176,2026-08-28 13:31:42,ACC0179,ACC0186,276.68,INR,NEFT,Kolkata,branch,DEV0279
TXN001374,2026-08-28 13:32:36,ACC0158,ACC0468,10385.98,INR,UPI,Bengaluru,mobile,DEV0378
TXN006674,2026-08-28 13:33:09,ACC0297,ACC0249,3137.25,INR,IMPS,Bengaluru,web,DEV0774
TXN000284,2026-08-28 13:33:29,ACC0285,ACC0471,4092.87,INR,RTGS,Mumbai,atm,DEV0154
TXN008956,2026-08-28 13:34:16,ACC0334,ACC0463,2157.32,INR,RTGS,Chennai,web,DEV0002
TXN000840,2026-08-28 13:35:55,ACC0413,ACC0500,673.57,INR,IMPS,Kolkata,mobile,DEV0073
TXN008784,2026-08-28 13:36:09,ACC0019,ACC0378,766.0,INR,IMPS,Pune,web,DEV0039
TXN003235,2026-08-28 13:37:49,ACC0068,ACC0486,509.34,INR,IMPS,Kolkata,atm,DEV0492
TXN007510,2026-08-28 13:38:53,ACC0366,ACC0486,1677.72,INR,IMPS,Hyderabad,web,DEV0369
TXN004504,2026-08-28 13:39:41,ACC0220,ACC0262,199.57,INR,UPI,Hyderabad,atm,DEV0165
TXN006906,2026-08-28 13:47:54,ACC0056,ACC0493,3602.72,INR,RTGS,Hyderabad,branch,DEV0865
TXN005073,2026-08-28 13:49:15,ACC0033,ACC0336,1431.92,INR,NEFT,Mumbai,web,DEV0834
TXN001336,2026-08-28 13:53:30,ACC0115,ACC0495,5418.62,INR,RTGS,Bengaluru,atm,DEV0137
TXN001157,2026-08-28 13:58:11,ACC0008,ACC0175,1148.44,INR,UPI,Pune,atm,DEV0157
TXN005530,2026-08-28 13:59:20,ACC0397,ACC0469,380.02,INR,NEFT,Delhi,branch,DEV0024
TXN002925,2026-08-28 14:00:36,ACC0011,ACC0475,943.83,INR,UPI,Kochi,branch,DEV0436
TXN000423,2026-08-28 14:01:49,ACC0154,ACC0110,11591.06,INR,IMPS,Delhi,mobile,DEV0039
TXN007234,2026-08-28 14:02:13,ACC0403,ACC0023,1566.94,INR,NEFT,Mumbai,mobile,DEV0707
TXN007806,2026-08-28 14:02:38,ACC0331,ACC0478,1284.97,INR,UPI,Kolkata,atm,DEV0583
TXN002237,2026-08-28 14:12:05,ACC0115,ACC0318,12588.33,INR,UPI,Mumbai,web,DEV0245
TXN008457,2026-08-28 14:13:44,ACC0293,ACC0472,1323.89,INR,IMPS,Pune,web,DEV0123
TXN006179,2026-08-28 14:26:12,ACC0358,ACC0470,735.16,INR,IMPS,Hyderabad,mobile,DEV0756
TXN000421,2026-08-28 14:26:48,ACC0162,ACC0471,6948.8,INR,IMPS,Bengaluru,web,DEV0385
TXN006005,2026-08-28 14:26:53,ACC0437,ACC0019,997.03,INR,NEFT,Chennai,branch,DEV0021
TXN005966,2026-08-28 14:32:57,ACC0063,ACC0471,2502.03,INR,NEFT,Mumbai,atm,DEV0735
TXN003765,2026-08-28 14:33:34,ACC0126,ACC0253,3509.27,INR,IMPS,Delhi,mobile,DEV0425
TXN001668,2026-08-28 14:33:45,ACC0443,ACC0476,2040.99,INR,IMPS,Kochi,mobile,DEV0569
TXN004006,2026-08-28 14:35:52,ACC0058,ACC0463,3889.57,INR,RTGS,Kolkata,mobile,DEV0749
TXN006994,2026-08-28 14:36:27,ACC0010,ACC0496,779.18,INR,NEFT,Mumbai,branch,DEV0887
TXN009375,2026-08-28 14:39:27,ACC0304,ACC0460,909.28,INR,RTGS,Mumbai,atm,DEV0505
TXN006591,2026-08-28 14:40:03,ACC0157,ACC0277,1617.07,INR,IMPS,Bengaluru,atm,DEV0239
TXN009884,2026-08-28 14:43:54,ACC0271,ACC0221,2095.66,INR,NEFT,Bengaluru,web,DEV0819
TXN000467,2026-08-28 14:45:02,ACC0401,ACC0362,1020.26,INR,NEFT,Kolkata,atm,DEV0850
TXN001894,2026-08-28 14:47:23,ACC0111,ACC0327,241.8,INR,NEFT,Delhi,web,DEV0188
TXN000556,2026-08-28 14:52:54,ACC0386,ACC0471,2695.68,INR,IMPS,Mumbai,branch,DEV0844
TXN000080,2026-08-28 14:54:43,ACC0355,ACC0456,4884.09,INR,IMPS,Kochi,mobile,DEV0633
TXN005880,2026-08-28 15:00:38,ACC0104,ACC0182,1974.36,INR,IMPS,Chennai,atm,DEV0568
TXN004079,2026-08-28 15:01:05,ACC0391,ACC0467,1605.61,INR,UPI,Pune,branch,DEV0027
TXN003236,2026-08-28 15:04:46,ACC0427,ACC0210,1846.11,INR,IMPS,Chennai,mobile,DEV0725
TXN003889,2026-08-28 15:10:42,ACC0231,ACC0175,426.58,INR,RTGS,Chennai,web,DEV0161
TXN005116,2026-08-28 15:14:39,ACC0105,ACC0474,840.08,INR,RTGS,Mumbai,atm,DEV0146
TXN001368,2026-08-28 15:16:53,ACC0411,ACC0458,2673.49,INR,UPI,Hyderabad,branch,DEV0878
TXN004805,2026-08-28 15:21:21,ACC0323,ACC0089,1732.71,INR,NEFT,Delhi,atm,DEV0101
TXN002220,2026-08-28 15:22:51,ACC0072,ACC0473,315.78,INR,UPI,Mumbai,branch,DEV0539
TXN005351,2026-08-28 15:28:23,ACC0130,ACC0476,1498.13,INR,RTGS,Kolkata,branch,DEV0025
TXN000046,2026-08-28 15:34:47,ACC0181,ACC0475,14949.13,INR,NEFT,Kochi,web,DEV0280
TXN009957,2026-08-28 15:35:05,ACC0240,ACC0469,11324.33,INR,UPI,Chennai,mobile,DEV0158
TXN009515,2026-08-28 15:38:18,ACC0198,ACC0135,2665.8,INR,UPI,Delhi,branch,DEV0411
TXN004651,2026-08-28 15:42:34,ACC0292,ACC0029,1672.0,INR,RTGS,Kochi,branch,DEV0748
TXN004951,2026-08-28 15:47:25,ACC0038,ACC0238,5619.14,INR,IMPS,Delhi,web,DEV0218
TXN004447,2026-08-28 15:49:10,ACC0088,ACC0487,3112.92,INR,NEFT,Kochi,branch,DEV0201
TXN006173,2026-08-28 15:50:14,ACC0028,ACC0133,1234.33,INR,UPI,Mumbai,branch,DEV0834
TXN000942,2026-08-28 15:50:46,ACC0372,ACC0223,5994.38,INR,IMPS,Kochi,atm,DEV0587
TXN009027,2026-08-28 15:51:13,ACC0186,ACC0401,5579.57,INR,NEFT,Kolkata,atm,DEV0859
TXN008858,2026-08-28 15:51:40,ACC0169,ACC0467,2318.5,INR,NEFT,Mumbai,atm,DEV0021
TXN006771,2026-08-28 15:52:38,ACC0351,ACC0481,2455.48,INR,UPI,Kolkata,web,DEV0047
TXN007566,2026-08-28 15:55:56,ACC0036,ACC0451,74.11,INR,IMPS,Pune,branch,DEV0850
TXN003285,2026-08-28 15:57:00,ACC0338,ACC0094,638.64,INR,UPI,Kochi,branch,DEV0628
TXN009590,2026-08-28 16:04:41,ACC0337,ACC0474,121.06,INR,IMPS,Bengaluru,web,DEV0160
TXN005149,2026-08-28 16:09:31,ACC0267,ACC0064,5960.28,INR,IMPS,Hyderabad,mobile,DEV0233
TXN003335,2026-08-28 16:14:05,ACC0132,ACC0490,3696.62,INR,UPI,Pune,atm,DEV0450
TXN001418,2026-08-28 16:15:57,ACC0245,ACC0207,725.07,INR,NEFT,Chennai,branch,DEV0783
TXN007496,2026-08-28 16:16:25,ACC0020,ACC0477,138.51,INR,IMPS,Kolkata,web,DEV0838
TXN001287,2026-08-28 16:16:36,ACC0176,ACC0474,4434.8,INR,IMPS,Kolkata,web,DEV0684
TXN005665,2026-08-28 16:17:35,ACC0134,ACC0464,3812.47,INR,NEFT,Pune,web,DEV0503
TXN008302,2026-08-28 16:18:30,ACC0003,ACC0313,8332.89,INR,IMPS,Pune,branch,DEV0434
TXN009662,2026-08-28 16:20:23,ACC0147,ACC0299,4351.34,INR,IMPS,Chennai,mobile,DEV0020
TXN004343,2026-08-28 16:22:28,ACC0038,ACC0287,413.21,INR,NEFT,Pune,mobile,DEV0227
TXN003979,2026-08-28 16:24:14,ACC0195,ACC0491,3860.69,INR,NEFT,Hyderabad,atm,DEV0003
TXN007284,2026-08-28 16:25:06,ACC0280,ACC0452,3732.06,INR,NEFT,Kochi,mobile,DEV0440
TXN006733,2026-08-28 16:26:02,ACC0399,ACC0153,5324.79,INR,RTGS,Delhi,atm,DEV0511
TXN000519,2026-08-28 16:31:11,ACC0058,ACC0351,435.44,INR,NEFT,Pune,branch,DEV0343
TXN005260,2026-08-28 16:31:21,ACC0420,ACC0482,590.53,INR,UPI,Kochi,atm,DEV0550
TXN009861,2026-08-28 16:32:13,ACC0159,ACC0451,1381.67,INR,IMPS,Kolkata,atm,DEV0733
TXN009303,2026-08-28 16:32:47,ACC0271,ACC0468,2335.87,INR,NEFT,Kochi,atm,DEV0658
TXN007142,2026-08-28 16:37:00,ACC0157,ACC0404,3418.15,INR,RTGS,Pune,web,DEV0526
TXN007455,2026-08-28 16:49:14,ACC0103,ACC0479,3781.19,INR,IMPS,Hyderabad,atm,DEV0763
TXN009004,2026-08-28 16:50:26,ACC0180,ACC0493,200.89,INR,IMPS,Bengaluru,mobile,DEV0659
TXN003085,2026-08-28 16:52:04,ACC0336,ACC0419,2025.99,INR,IMPS,Delhi,mobile,DEV0193
TXN006635,2026-08-28 16:52:34,ACC0334,ACC0451,1402.37,INR,RTGS,Pune,branch,DEV0296
TXN006073,2026-08-28 16:53:47,ACC0152,ACC0480,1246.44,INR,RTGS,Pune,atm,DEV0690
TXN007797,2026-08-28 16:56:08,ACC0139,ACC0451,19808.3,INR,NEFT,Kolkata,atm,DEV0802
TXN002777,2026-08-28 17:03:18,ACC0056,ACC0476,1091.62,INR,UPI,Mumbai,web,DEV0773
TXN007230,2026-08-28 17:03:49,ACC0332,ACC0195,745.68,INR,UPI,Bengaluru,atm,DEV0142
TXN009926,2026-08-28 17:07:56,ACC0366,ACC0500,1325.7,INR,UPI,Kochi,atm,DEV0274
TXN001762,2026-08-28 17:08:54,ACC0300,ACC0466,2129.97,INR,NEFT,Kolkata,branch,DEV0125
TXN007724,2026-08-28 17:09:41,ACC0203,ACC0455,2327.17,INR,UPI,Kolkata,mobile,DEV0286
TXN001105,2026-08-28 17:11:25,ACC0284,ACC0043,1675.68,INR,NEFT,Chennai,web,DEV0752
TXN003897,2026-08-28 17:14:11,ACC0378,ACC0491,1874.47,INR,RTGS,Hyderabad,mobile,DEV0827
TXN003565,2026-08-28 17:16:57,ACC0339,ACC0472,359.23,INR,NEFT,Hyderabad,atm,DEV0574
TXN009678,2026-08-28 17:18:36,ACC0150,ACC0399,7942.96,INR,UPI,Kochi,atm,DEV0284
TXN006763,2026-08-28 17:18:42,ACC0186,ACC0451,1697.3,INR,NEFT,Hyderabad,branch,DEV0420
TXN008494,2026-08-28 17:18:44,ACC0151,ACC0468,4527.38,INR,NEFT,Pune,web,DEV0397
TXN009075,2026-08-28 17:18:47,ACC0047,ACC0477,6107.29,INR,UPI,Hyderabad,branch,DEV0122
TXN007749,2026-08-28 17:21:14,ACC0366,ACC0486,7369.56,INR,NEFT,Kolkata,atm,DEV0704
TXN008835,2026-08-28 17:22:35,ACC0301,ACC0480,2973.18,INR,UPI,Kochi,web,DEV0623
TXN007532,2026-08-28 17:23:30,ACC0314,ACC0037,2263.49,INR,UPI,Pune,branch,DEV0259
TXN003863,2026-08-28 17:26:04,ACC0375,ACC0499,1291.27,INR,NEFT,Pune,web,DEV0811
TXN005706,2026-08-28 17:27:18,ACC0303,ACC0458,1433.61,INR,IMPS,Kolkata,mobile,DEV0175
TXN002849,2026-08-28 17:30:21,ACC0240,ACC0476,1287.2,INR,RTGS,Mumbai,mobile,DEV0164
TXN007971,2026-08-28 17:30:45,ACC0179,ACC0407,236.23,INR,IMPS,Hyderabad,branch,DEV0170
TXN005985,2026-08-28 17:33:01,ACC0389,ACC0456,3273.03,INR,NEFT,Mumbai,web,DEV0395
TXN001445,2026-08-28 17:33:39,ACC0052,ACC0469,959.53,INR,RTGS,Delhi,atm,DEV0871
TXN008659,2026-08-28 17:35:45,ACC0029,ACC0035,7612.68,INR,NEFT,Delhi,web,DEV0655
TXN005025,2026-08-28 17:36:41,ACC0086,ACC0472,3195.99,INR,RTGS,Chennai,mobile,DEV0051
TXN002307,2026-08-28 17:40:57,ACC0442,ACC0499,715.25,INR,RTGS,Hyderabad,branch,DEV0215
TXN009447,2026-08-28 17:41:14,ACC0166,ACC0489,7445.38,INR,UPI,Bengaluru,branch,DEV0059
TXN001972,2026-08-28 17:43:57,ACC0372,ACC0454,2419.9,INR,NEFT,Mumbai,atm,DEV0769
TXN003653,2026-08-28 17:43:58,ACC0397,ACC0205,2337.1,INR,NEFT,Kochi,mobile,DEV0320
TXN009541,2026-08-28 17:48:14,ACC0144,ACC0420,1484.26,INR,NEFT,Chennai,atm,DEV0243
TXN003698,2026-08-28 17:53:47,ACC0247,ACC0229,1105.4,INR,NEFT,Bengaluru,web,DEV0073
TXN000752,2026-08-28 17:56:36,ACC0311,ACC0460,10908.03,INR,UPI,Delhi,atm,DEV0816
TXN002510,2026-08-28 17:56:58,ACC0436,ACC0500,1349.85,INR,UPI,Delhi,web,DEV0594
TXN000928,2026-08-28 17:59:39,ACC0039,ACC0466,1636.23,INR,UPI,Mumbai,atm,DEV0270
TXN005265,2026-08-28 18:00:07,ACC0356,ACC0034,1548.51,INR,IMPS,Delhi,branch,DEV0166
TXN003276,2026-08-28 18:00:19,ACC0098,ACC0470,1220.45,INR,RTGS,Delhi,mobile,DEV0200
TXN001182,2026-08-28 18:04:09,ACC0371,ACC0472,631.2,INR,UPI,Chennai,web,DEV0205
TXN009542,2026-08-28 18:04:19,ACC0064,ACC0480,821.02,INR,IMPS,Kochi,atm,DEV0671
TXN005833,2026-08-28 18:10:03,ACC0026,ACC0452,527.23,INR,RTGS,Pune,branch,DEV0368
TXN009313,2026-08-28 18:17:54,ACC0441,ACC0497,3145.65,INR,RTGS,Hyderabad,branch,DEV0374
TXN001412,2026-08-28 18:20:03,ACC0026,ACC0087,533.08,INR,UPI,Mumbai,atm,DEV0283
TXN002846,2026-08-28 18:20:07,ACC0412,ACC0494,1443.98,INR,NEFT,Bengaluru,web,DEV0884
TXN009115,2026-08-28 18:22:14,ACC0369,ACC0262,2340.01,INR,RTGS,Chennai,branch,DEV0614
TXN004810,2026-08-28 18:26:16,ACC0177,ACC0496,956.89,INR,UPI,Pune,atm,DEV0199
TXN003844,2026-08-28 18:28:21,ACC0389,ACC0475,976.75,INR,IMPS,Hyderabad,atm,DEV0805
TXN005711,2026-08-28 18:29:15,ACC0009,ACC0224,159.93,INR,RTGS,Hyderabad,web,DEV0873
TXN009651,2026-08-28 18:31:08,ACC0348,ACC0074,900.09,INR,IMPS,Kochi,atm,DEV0809
TXN002583,2026-08-28 18:32:25,ACC0188,ACC0288,1679.78,INR,IMPS,Bengaluru,atm,DEV0406
TXN007203,2026-08-28 18:35:50,ACC0093,ACC0459,2994.1,INR,RTGS,Pune,web,DEV0331
TXN007676,2026-08-28 18:37:43,ACC0424,ACC0446,621.67,INR,UPI,Chennai,branch,DEV0670
TXN008054,2026-08-28 18:38:32,ACC0177,ACC0477,1225.3,INR,RTGS,Hyderabad,mobile,DEV0233
TXN003447,2026-08-28 18:39:43,ACC0321,ACC0476,298.01,INR,NEFT,Kolkata,atm,DEV0665
TXN001774,2026-08-28 18:40:44,ACC0134,ACC0493,10313.25,INR,NEFT,Hyderabad,atm,DEV0784
TXN002758,2026-08-28 18:41:37,ACC0077,ACC0483,4522.15,INR,RTGS,Delhi,branch,DEV0228
TXN006651,2026-08-28 18:43:50,ACC0311,ACC0463,4102.34,INR,UPI,Delhi,branch,DEV0020
TXN009716,2026-08-28 18:45:45,ACC0304,ACC0469,2918.07,INR,UPI,Hyderabad,mobile,DEV0871
TXN000529,2026-08-28 18:47:37,ACC0157,ACC0480,315.37,INR,NEFT,Pune,web,DEV0809
TXN003638,2026-08-28 18:47:44,ACC0369,ACC0464,355.6,INR,IMPS,Mumbai,mobile,DEV0368
TXN008935,2026-08-28 18:48:45,ACC0185,ACC0453,3097.21,INR,IMPS,Hyderabad,atm,DEV0657
TXN007081,2026-08-28 18:51:12,ACC0105,ACC0460,281.63,INR,RTGS,Hyderabad,web,DEV0196
TXN006397,2026-08-28 18:51:26,ACC0237,ACC0476,1712.55,INR,NEFT,Mumbai,atm,DEV0659
TXN009018,2026-08-28 18:51:53,ACC0164,ACC0461,2765.4,INR,NEFT,Mumbai,mobile,DEV0471
TXN007920,2026-08-28 18:51:55,ACC0141,ACC0473,20171.35,INR,UPI,Delhi,mobile,DEV0691
TXN009996,2026-08-28 18:53:24,ACC0513,ACC0557,476090.81,INR,IMPS,Kolkata,mobile,DEV0749
TXN007046,2026-08-28 18:54:59,ACC0033,ACC0491,3742.54,INR,IMPS,Delhi,mobile,DEV0284
TXN009997,2026-08-28 18:55:12,ACC0557,ACC0520,463033.32,INR,IMPS,Chennai,web,DEV0472
TXN001847,2026-08-28 18:55:21,ACC0407,ACC0493,533.3,INR,UPI,Chennai,branch,DEV0018
TXN009998,2026-08-28 18:56:56,ACC0520,ACC0576,450097.27,INR,IMPS,Chennai,web,DEV0473
TXN007644,2026-08-28 18:57:23,ACC0028,ACC0477,1323.71,INR,IMPS,Kochi,branch,DEV0839
TXN000427,2026-08-28 18:59:00,ACC0395,ACC0492,3251.68,INR,UPI,Hyderabad,mobile,DEV0327
TXN007323,2026-08-28 18:59:14,ACC0058,ACC0210,726.87,INR,NEFT,Pune,mobile,DEV0273
TXN009999,2026-08-28 19:00:02,ACC0576,ACC0549,430974.55,INR,IMPS,Kolkata,branch,DEV0439
TXN010000,2026-08-28 19:04:01,ACC0549,ACC0513,412746.96,INR,IMPS,Mumbai,atm,DEV0093
TXN002330,2026-08-28 19:08:26,ACC0176,ACC0103,1426.87,INR,UPI,Chennai,branch,DEV0478
TXN001192,2026-08-28 19:09:25,ACC0072,ACC0196,1045.2,INR,NEFT,Delhi,web,DEV0223
TXN009079,2026-08-28 19:09:28,ACC0254,ACC0482,310.53,INR,RTGS,Hyderabad,branch,DEV0058
TXN007166,2026-08-28 19:13:55,ACC0330,ACC0453,3069.77,INR,UPI,Chennai,atm,DEV0300
TXN007740,2026-08-28 19:14:14,ACC0303,ACC0488,1638.17,INR,NEFT,Pune,atm,DEV0051
TXN002476,2026-08-28 19:19:19,ACC0432,ACC0455,425.77,INR,NEFT,Kolkata,branch,DEV0267
TXN002112,2026-08-28 19:19:20,ACC0068,ACC0236,432.65,INR,UPI,Bengaluru,atm,DEV0488
TXN004386,2026-08-28 19:23:25,ACC0172,ACC0094,3191.48,INR,RTGS,Bengaluru,mobile,DEV0180
TXN007670,2026-08-28 19:30:49,ACC0449,ACC0340,4775.78,INR,NEFT,Pune,atm,DEV0229
TXN005592,2026-08-28 19:30:57,ACC0288,ACC0162,2797.08,INR,RTGS,Kolkata,branch,DEV0801
TXN009760,2026-08-28 19:31:58,ACC0368,ACC0460,308.84,INR,NEFT,Hyderabad,branch,DEV0162
TXN000666,2026-08-28 19:32:13,ACC0291,ACC0456,3048.59,INR,NEFT,Bengaluru,atm,DEV0569
TXN001338,2026-08-28 19:33:51,ACC0131,ACC0468,897.3,INR,UPI,Mumbai,web,DEV0290
TXN003781,2026-08-28 19:35:53,ACC0218,ACC0498,4334.08,INR,NEFT,Chennai,web,DEV0004
TXN009936,2026-08-28 19:38:10,ACC0274,ACC0103,864.15,INR,NEFT,Kolkata,branch,DEV0815
TXN006374,2026-08-28 19:43:39,ACC0013,ACC0458,4290.77,INR,IMPS,Delhi,atm,DEV0797
TXN002092,2026-08-28 19:44:59,ACC0042,ACC0480,1350.5,INR,NEFT,Kolkata,branch,DEV0218
TXN001452,2026-08-28 19:47:29,ACC0047,ACC0500,855.59,INR,NEFT,Mumbai,atm,DEV0055
TXN006440,2026-08-28 19:48:03,ACC0438,ACC0254,1299.99,INR,RTGS,Mumbai,atm,DEV0540
TXN001235,2026-08-28 19:49:01,ACC0006,ACC0488,7182.29,INR,NEFT,Kochi,branch,DEV0714
TXN008112,2026-08-28 19:49:08,ACC0064,ACC0479,786.06,INR,IMPS,Chennai,atm,DEV0660
TXN004825,2026-08-28 19:49:18,ACC0121,ACC0086,1108.47,INR,RTGS,Hyderabad,mobile,DEV0079
TXN003346,2026-08-28 19:50:16,ACC0078,ACC0066,340.2,INR,UPI,Delhi,atm,DEV0075
TXN006875,2026-08-28 19:51:21,ACC0159,ACC0462,4377.27,INR,RTGS,Hyderabad,web,DEV0831
TXN009696,2026-08-28 19:51:30,ACC0085,ACC0289,2674.81,INR,UPI,Kolkata,branch,DEV0893
TXN004621,2026-08-28 19:53:31,ACC0075,ACC0489,1802.33,INR,UPI,Chennai,mobile,DEV0730
TXN009689,2026-08-28 19:55:41,ACC0022,ACC0056,659.62,INR,NEFT,Hyderabad,web,DEV0797
TXN001627,2026-08-28 19:59:52,ACC0100,ACC0461,4821.8,INR,RTGS,Kolkata,web,DEV0228
TXN004487,2026-08-28 20:03:53,ACC0195,ACC0452,807.37,INR,UPI,Kolkata,mobile,DEV0880
TXN006868,2026-08-28 20:04:44,ACC0163,ACC0478,1070.88,INR,UPI,Bengaluru,web,DEV0784
TXN001482,2026-08-28 20:06:21,ACC0055,ACC0452,3356.17,INR,NEFT,Chennai,atm,DEV0464
TXN001270,2026-08-28 20:11:18,ACC0336,ACC0447,7786.57,INR,NEFT,Bengaluru,mobile,DEV0828
TXN003272,2026-08-28 20:11:26,ACC0287,ACC0386,1839.03,INR,NEFT,Mumbai,web,DEV0184
TXN002572,2026-08-28 20:19:31,ACC0139,ACC0359,159.0,INR,NEFT,Kolkata,mobile,DEV0791
TXN007005,2026-08-28 20:21:36,ACC0270,ACC0489,1861.71,INR,RTGS,Bengaluru,branch,DEV0710
TXN007169,2026-08-28 20:21:38,ACC0007,ACC0484,6789.69,INR,RTGS,Hyderabad,atm,DEV0541
TXN009784,2026-08-28 20:21:55,ACC0080,ACC0149,627.8,INR,NEFT,Mumbai,atm,DEV0591
TXN002737,2026-08-28 20:22:19,ACC0322,ACC0474,177.87,INR,NEFT,Mumbai,branch,DEV0502
TXN006997,2026-08-28 20:23:43,ACC0210,ACC0497,197.61,INR,RTGS,Mumbai,web,DEV0829
TXN009677,2026-08-28 20:28:58,ACC0389,ACC0460,628.51,INR,UPI,Chennai,web,DEV0133
TXN001465,2026-08-28 20:32:12,ACC0102,ACC0492,10244.65,INR,RTGS,Mumbai,web,DEV0704
TXN002775,2026-08-28 20:32:49,ACC0094,ACC0488,1585.09,INR,NEFT,Chennai,atm,DEV0807
TXN005065,2026-08-28 20:33:55,ACC0198,ACC0461,968.51,INR,NEFT,Bengaluru,branch,DEV0566
TXN001324,2026-08-28 20:34:19,ACC0365,ACC0487,15387.7,INR,UPI,Pune,mobile,DEV0320
TXN003796,2026-08-28 20:34:48,ACC0127,ACC0494,588.18,INR,UPI,Mumbai,mobile,DEV0798
TXN003143,2026-08-28 20:35:58,ACC0096,ACC0458,6749.01,INR,UPI,Chennai,branch,DEV0031
TXN005661,2026-08-28 20:36:55,ACC0233,ACC0476,961.2,INR,IMPS,Hyderabad,branch,DEV0584
TXN008805,2026-08-28 20:37:21,ACC0029,ACC0451,1356.9,INR,IMPS,Chennai,mobile,DEV0603
TXN007437,2026-08-28 20:45:24,ACC0283,ACC0199,649.09,INR,RTGS,Bengaluru,web,DEV0848
TXN009076,2026-08-28 20:46:40,ACC0422,ACC0467,795.08,INR,RTGS,Mumbai,atm,DEV0173
TXN001306,2026-08-28 20:47:32,ACC0076,ACC0493,811.06,INR,NEFT,Pune,mobile,DEV0466
TXN003062,2026-08-28 20:51:28,ACC0348,ACC0479,1630.62,INR,UPI,Chennai,atm,DEV0279
TXN008889,2026-08-28 20:54:20,ACC0183,ACC0466,8295.89,INR,IMPS,Kochi,web,DEV0437
TXN008933,2026-08-28 20:55:00,ACC0170,ACC0472,3686.14,INR,IMPS,Mumbai,atm,DEV0578
TXN006641,2026-08-28 20:57:00,ACC0354,ACC0192,3012.57,INR,IMPS,Bengaluru,branch,DEV0864
TXN006707,2026-08-28 20:57:21,ACC0349,ACC0461,523.86,INR,RTGS,Hyderabad,branch,DEV0232
TXN010001,2026-08-28 23:53:24,ACC0513,ACC0557,461808.08,INR,IMPS,Chennai,branch,DEV0540
TXN010002,2026-08-28 23:54:55,ACC0557,ACC0520,441020.36,INR,IMPS,Bengaluru,atm,DEV0740
TXN010003,2026-08-28 23:58:24,ACC0520,ACC0576,436470.42,INR,IMPS,Hyderabad,web,DEV0024
TXN010004,2026-08-28 23:59:47,ACC0576,ACC0549,431680.31,INR,IMPS,Hyderabad,web,DEV0106
TXN010005,2026-08-29 00:02:57,ACC0549,ACC0513,422097.41,INR,IMPS,Mumbai,web,DEV0062
TXN010006,2026-08-29 04:53:24,ACC0513,ACC0557,447953.84,INR,IMPS,Chennai,web,DEV0486
TXN010007,2026-08-29 04:55:52,ACC0557,ACC0520,443035.86,INR,IMPS,Kochi,mobile,DEV0179
TXN010008,2026-08-29 04:58:34,ACC0520,ACC0576,424414.46,INR,IMPS,Bengaluru,atm,DEV0774
TXN010009,2026-08-29 04:59:52,ACC0576,ACC0549,411007.58,INR,IMPS,Kolkata,mobile,DEV0105
TXN010010,2026-08-29 05:01:44,ACC0549,ACC0513,405286.76,INR,IMPS,Pune,web,DEV0675
TXN003618,2026-08-29 09:00:57,ACC0057,ACC0275,1361.71,INR,IMPS,Delhi,branch,DEV0377
TXN008126,2026-08-29 09:01:47,ACC0257,ACC0494,406.49,INR,UPI,Pune,branch,DEV0347
TXN001443,2026-08-29 09:02:09,ACC0014,ACC0451,4052.43,INR,NEFT,Bengaluru,mobile,DEV0243
TXN007737,2026-08-29 09:07:31,ACC0171,ACC0456,8579.3,INR,NEFT,Chennai,atm,DEV0491
TXN002107,2026-08-29 09:09:33,ACC0160,ACC0461,4385.91,INR,RTGS,Mumbai,atm,DEV0558
TXN005134,2026-08-29 09:10:23,ACC0321,ACC0498,141.96,INR,UPI,Hyderabad,mobile,DEV0082
TXN007960,2026-08-29 09:12:34,ACC0027,ACC0470,1612.33,INR,IMPS,Pune,atm,DEV0157
TXN008061,2026-08-29 09:19:56,ACC0259,ACC0489,1162.58,INR,NEFT,Mumbai,mobile,DEV0251
TXN000135,2026-08-29 09:20:59,ACC0151,ACC0463,901.83,INR,RTGS,Hyderabad,mobile,DEV0772
TXN006998,2026-08-29 09:21:10,ACC0154,ACC0463,1859.04,INR,UPI,Kochi,mobile,DEV0408
TXN001510,2026-08-29 09:21:11,ACC0110,ACC0477,575.91,INR,UPI,Pune,branch,DEV0799
TXN009863,2026-08-29 09:21:52,ACC0140,ACC0465,4189.9,INR,IMPS,Kolkata,atm,DEV0412
TXN007494,2026-08-29 09:24:14,ACC0052,ACC0468,778.29,INR,RTGS,Kochi,web,DEV0021
TXN006433,2026-08-29 09:30:19,ACC0152,ACC0499,10543.64,INR,NEFT,Chennai,web,DEV0729
TXN007778,2026-08-29 09:30:50,ACC0282,ACC0111,555.73,INR,RTGS,Chennai,mobile,DEV0038
TXN001174,2026-08-29 09:31:42,ACC0300,ACC0479,4922.9,INR,UPI,Kolkata,mobile,DEV0182
TXN008194,2026-08-29 09:32:52,ACC0301,ACC0461,172.71,INR,UPI,Hyderabad,atm,DEV0594
TXN004936,2026-08-29 09:34:43,ACC0083,ACC0455,4055.15,INR,NEFT,Mumbai,branch,DEV0458
TXN008705,2026-08-29 09:36:44,ACC0114,ACC0495,2881.27,INR,IMPS,Kochi,web,DEV0853
TXN002472,2026-08-29 09:40:04,ACC0169,ACC0451,1714.46,INR,NEFT,Bengaluru,branch,DEV0626
TXN007735,2026-08-29 09:44:03,ACC0281,ACC0486,829.96,INR,RTGS,Kochi,mobile,DEV0686
TXN003122,2026-08-29 09:48:15,ACC0129,ACC0467,8684.66,INR,IMPS,Mumbai,atm,DEV0637
TXN004346,2026-08-29 09:48:15,ACC0234,ACC0463,8484.47,INR,RTGS,Mumbai,branch,DEV0422
TXN007992,2026-08-29 09:50:58,ACC0384,ACC0100,903.16,INR,IMPS,Chennai,atm,DEV0433
TXN009738,2026-08-29 09:51:47,ACC0202,ACC0293,1261.81,INR,IMPS,Delhi,mobile,DEV0743
TXN004520,2026-08-29 09:52:38,ACC0087,ACC0334,2347.35,INR,UPI,Hyderabad,atm,DEV0283
TXN010011,2026-08-29 09:53:24,ACC0513,ACC0557,434515.22,INR,IMPS,Kochi,web,DEV0802
TXN005974,2026-08-29 09:54:10,ACC0041,ACC0150,3160.46,INR,UPI,Chennai,branch,DEV0057
TXN003132,2026-08-29 09:54:16,ACC0248,ACC0462,4950.33,INR,UPI,Bengaluru,branch,DEV0643
TXN008335,2026-08-29 09:54:17,ACC0374,ACC0097,313.97,INR,RTGS,Bengaluru,branch,DEV0813
TXN010012,2026-08-29 09:55:32,ACC0557,ACC0520,422285.71,INR,IMPS,Pune,branch,DEV0050
TXN008029,2026-08-29 09:55:58,ACC0398,ACC0180,3566.81,INR,RTGS,Kolkata,atm,DEV0761
TXN007973,2026-08-29 09:56:47,ACC0447,ACC0463,200.88,INR,UPI,Bengaluru,mobile,DEV0210
TXN004786,2026-08-29 09:57:41,ACC0123,ACC0486,4578.09,INR,IMPS,Bengaluru,mobile,DEV0291
TXN003471,2026-08-29 09:58:43,ACC0259,ACC0489,955.75,INR,RTGS,Kochi,web,DEV0782
TXN010013,2026-08-29 09:59:23,ACC0520,ACC0576,408596.37,INR,IMPS,Pune,web,DEV0430
TXN010014,2026-08-29 10:00:52,ACC0576,ACC0549,398512.3,INR,IMPS,Hyderabad,mobile,DEV0471
TXN010015,2026-08-29 10:02:35,ACC0549,ACC0513,383704.73,INR,IMPS,Hyderabad,mobile,DEV0644
TXN009572,2026-08-29 10:02:40,ACC0171,ACC0488,1845.61,INR,UPI,Kochi,atm,DEV0666
TXN005753,2026-08-29 10:06:55,ACC0119,ACC0101,5782.53,INR,NEFT,Mumbai,web,DEV0881
TXN001532,2026-08-29 10:07:08,ACC0075,ACC0433,3385.26,INR,RTGS,Mumbai,atm,DEV0449
TXN000420,2026-08-29 10:10:50,ACC0235,ACC0219,597.16,INR,IMPS,Delhi,atm,DEV0361
TXN006654,2026-08-29 10:12:32,ACC0345,ACC0393,386.26,INR,UPI,Kochi,web,DEV0350
TXN002497,2026-08-29 10:16:24,ACC0281,ACC0480,1505.48,INR,RTGS,Pune,atm,DEV0461
TXN001948,2026-08-29 10:18:19,ACC0207,ACC0451,287.15,INR,UPI,Hyderabad,web,DEV0874
TXN009150,2026-08-29 10:19:38,ACC0138,ACC0496,1572.16,INR,IMPS,Kochi,branch,DEV0236
TXN001808,2026-08-29 10:20:05,ACC0043,ACC0268,3255.46,INR,IMPS,Hyderabad,branch,DEV0514
TXN009894,2026-08-29 10:20:05,ACC0182,ACC0105,1345.49,INR,UPI,Chennai,atm,DEV0199
TXN008737,2026-08-29 10:23:31,ACC0294,ACC0489,635.42,INR,UPI,Bengaluru,atm,DEV0353
TXN002344,2026-08-29 10:24:29,ACC0185,ACC0430,757.01,INR,NEFT,Bengaluru,mobile,DEV0602
TXN002204,2026-08-29 10:25:41,ACC0107,ACC0254,4431.72,INR,NEFT,Kolkata,atm,DEV0866
TXN004929,2026-08-29 10:26:12,ACC0006,ACC0164,1875.97,INR,NEFT,Pune,atm,DEV0637
TXN004991,2026-08-29 10:28:08,ACC0129,ACC0105,2874.14,INR,UPI,Hyderabad,atm,DEV0215
TXN008872,2026-08-29 10:33:00,ACC0032,ACC0024,839.07,INR,NEFT,Mumbai,branch,DEV0188
TXN000912,2026-08-29 10:33:06,ACC0035,ACC0489,960.85,INR,UPI,Kochi,atm,DEV0057
TXN003799,2026-08-29 10:37:29,ACC0009,ACC0482,420.6,INR,RTGS,Hyderabad,branch,DEV0357
TXN005834,2026-08-29 10:38:21,ACC0343,ACC0243,6433.98,INR,NEFT,Chennai,web,DEV0272
TXN009994,2026-08-29 10:40:27,ACC0132,ACC0401,1952.38,INR,IMPS,Hyderabad,mobile,DEV0180
TXN002774,2026-08-29 10:42:46,ACC0330,ACC0456,201.51,INR,NEFT,Bengaluru,web,DEV0061
TXN004654,2026-08-29 10:43:54,ACC0044,ACC0469,572.08,INR,RTGS,Chennai,atm,DEV0677
TXN000041,2026-08-29 10:49:27,ACC0076,ACC0451,109.02,INR,RTGS,Chennai,web,DEV0869
TXN006256,2026-08-29 10:49:33,ACC0371,ACC0458,2535.36,INR,NEFT,Hyderabad,mobile,DEV0543
TXN000247,2026-08-29 10:49:57,ACC0400,ACC0376,1033.13,INR,UPI,Kochi,atm,DEV0524
TXN003420,2026-08-29 10:50:54,ACC0234,ACC0475,2015.06,INR,RTGS,Kolkata,branch,DEV0505
TXN004841,2026-08-29 10:51:31,ACC0368,ACC0159,317.89,INR,RTGS,Chennai,atm,DEV0892
TXN002288,2026-08-29 10:52:45,ACC0253,ACC0092,1360.19,INR,RTGS,Bengaluru,branch,DEV0367
TXN007790,2026-08-29 10:53:51,ACC0231,ACC0136,785.01,INR,RTGS,Chennai,atm,DEV0046
TXN002616,2026-08-29 10:56:11,ACC0239,ACC0463,182.48,INR,NEFT,Kolkata,branch,DEV0086
TXN002170,2026-08-29 11:01:52,ACC0003,ACC0459,15673.63,INR,IMPS,Hyderabad,web,DEV0398
TXN006474,2026-08-29 11:04:48,ACC0021,ACC0461,1333.42,INR,IMPS,Bengaluru,web,DEV0884
TXN007465,2026-08-29 11:04:48,ACC0436,ACC0451,2253.79,INR,NEFT,Bengaluru,branch,DEV0042
TXN003135,2026-08-29 11:05:14,ACC0076,ACC0453,445.54,INR,IMPS,Hyderabad,web,DEV0542
TXN003521,2026-08-29 11:18:04,ACC0450,ACC0491,1115.49,INR,UPI,Kolkata,branch,DEV0037
TXN001907,2026-08-29 11:18:35,ACC0154,ACC0453,760.99,INR,IMPS,Mumbai,atm,DEV0173
TXN004861,2026-08-29 11:19:04,ACC0266,ACC0474,1736.79,INR,NEFT,Kolkata,atm,DEV0654
TXN001198,2026-08-29 11:20:50,ACC0407,ACC0463,465.76,INR,NEFT,Bengaluru,atm,DEV0577
TXN004967,2026-08-29 11:23:21,ACC0067,ACC0466,860.65,INR,IMPS,Bengaluru,web,DEV0160
TXN002469,2026-08-29 11:25:24,ACC0245,ACC0469,3359.43,INR,IMPS,Delhi,mobile,DEV0227
TXN002016,2026-08-29 11:26:05,ACC0430,ACC0487,1271.7,INR,UPI,Pune,branch,DEV0365
TXN002842,2026-08-29 11:26:23,ACC0053,ACC0498,2077.01,INR,RTGS,Pune,web,DEV0207
TXN006141,2026-08-29 11:30:50,ACC0371,ACC0258,2094.53,INR,RTGS,Pune,branch,DEV0831
TXN003280,2026-08-29 11:32:49,ACC0241,ACC0476,3095.55,INR,UPI,Hyderabad,atm,DEV0289
TXN003589,2026-08-29 11:33:32,ACC0442,ACC0469,993.91,INR,RTGS,Bengaluru,branch,DEV0643
TXN001585,2026-08-29 11:34:22,ACC0173,ACC0316,511.92,INR,IMPS,Kolkata,web,DEV0047
TXN008826,2026-08-29 11:35:50,ACC0226,ACC0464,672.51,INR,UPI,Bengaluru,web,DEV0193
TXN006623,2026-08-29 11:38:32,ACC0020,ACC0022,575.2,INR,IMPS,Kolkata,web,DEV0826
TXN002859,2026-08-29 11:38:38,ACC0427,ACC0020,2697.33,INR,NEFT,Bengaluru,mobile,DEV0615
TXN004876,2026-08-29 11:45:57,ACC0275,ACC0397,739.88,INR,NEFT,Bengaluru,branch,DEV0266
TXN002202,2026-08-29 11:46:31,ACC0171,ACC0488,2569.32,INR,UPI,Chennai,web,DEV0022
TXN009598,2026-08-29 11:47:43,ACC0394,ACC0468,190.23,INR,IMPS,Delhi,atm,DEV0395
TXN003398,2026-08-29 11:48:51,ACC0082,ACC0491,2516.78,INR,RTGS,Kochi,atm,DEV0481
TXN001248,2026-08-29 11:49:41,ACC0034,ACC0496,492.05,INR,IMPS,Kochi,branch,DEV0311
TXN008875,2026-08-29 11:56:20,ACC0008,ACC0041,173.48,INR,RTGS,Mumbai,web,DEV0365
TXN005681,2026-08-29 11:58:57,ACC0046,ACC0457,520.37,INR,UPI,Mumbai,web,DEV0171
TXN006226,2026-08-29 12:00:15,ACC0416,ACC0180,466.44,INR,RTGS,Chennai,web,DEV0452
TXN007784,2026-08-29 12:07:56,ACC0189,ACC0498,201.01,INR,UPI,Pune,web,DEV0452
TXN007647,2026-08-29 12:11:32,ACC0216,ACC0483,254.01,INR,RTGS,Bengaluru,branch,DEV0238
TXN008678,2026-08-29 12:12:25,ACC0129,ACC0463,656.31,INR,UPI,Chennai,mobile,DEV0844
TXN002292,2026-08-29 12:13:39,ACC0206,ACC0455,700.44,INR,RTGS,Chennai,atm,DEV0710
TXN004563,2026-08-29 12:15:31,ACC0029,ACC0473,1209.41,INR,NEFT,Kochi,atm,DEV0354
TXN009808,2026-08-29 12:15:35,ACC0019,ACC0463,3153.07,INR,UPI,Chennai,mobile,DEV0502
TXN003309,2026-08-29 12:18:45,ACC0413,ACC0480,142.65,INR,RTGS,Hyderabad,atm,DEV0337
TXN003275,2026-08-29 12:22:25,ACC0134,ACC0027,852.39,INR,NEFT,Delhi,atm,DEV0487
TXN002320,2026-08-29 12:24:20,ACC0193,ACC0025,1381.3,INR,NEFT,Pune,web,DEV0260
TXN001364,2026-08-29 12:24:22,ACC0026,ACC0467,2171.13,INR,IMPS,Delhi,atm,DEV0387
TXN004192,2026-08-29 12:28:51,ACC0080,ACC0466,169.7,INR,RTGS,Bengaluru,web,DEV0647
TXN001290,2026-08-29 12:29:57,ACC0115,ACC0113,1853.89,INR,RTGS,Pune,branch,DEV0307
TXN004016,2026-08-29 12:30:04,ACC0445,ACC0493,116.02,INR,IMPS,Bengaluru,mobile,DEV0045
TXN009855,2026-08-29 12:30:10,ACC0174,ACC0461,7486.74,INR,RTGS,Delhi,web,DEV0076
TXN007394,2026-08-29 12:35:04,ACC0031,ACC0165,206.13,INR,IMPS,Hyderabad,atm,DEV0641
TXN005091,2026-08-29 12:35:09,ACC0011,ACC0076,1833.88,INR,UPI,Pune,mobile,DEV0239
TXN009902,2026-08-29 12:37:51,ACC0343,ACC0146,3346.07,INR,IMPS,Bengaluru,branch,DEV0155
TXN006048,2026-08-29 12:38:56,ACC0392,ACC0469,3268.34,INR,NEFT,Kolkata,web,DEV0843
TXN001876,2026-08-29 12:39:02,ACC0398,ACC0154,659.2,INR,UPI,Bengaluru,web,DEV0161
TXN008124,2026-08-29 12:40:19,ACC0340,ACC0472,2308.87,INR,RTGS,Pune,branch,DEV0455
TXN003873,2026-08-29 12:42:11,ACC0326,ACC0482,2474.42,INR,NEFT,Bengaluru,branch,DEV0650
TXN002286,2026-08-29 12:43:38,ACC0116,ACC0477,9338.1,INR,UPI,Delhi,atm,DEV0872
TXN001148,2026-08-29 12:45:20,ACC0051,ACC0462,594.74,INR,NEFT,Chennai,mobile,DEV0391
TXN007309,2026-08-29 12:46:48,ACC0093,ACC0418,7113.84,INR,UPI,Kolkata,branch,DEV0875
TXN004068,2026-08-29 12:47:16,ACC0282,ACC0484,700.26,INR,UPI,Hyderabad,branch,DEV0622
TXN006232,2026-08-29 12:48:02,ACC0066,ACC0466,12709.58,INR,IMPS,Delhi,branch,DEV0385
TXN005333,2026-08-29 12:51:42,ACC0157,ACC0200,968.2,INR,IMPS,Pune,branch,DEV0582
TXN003903,2026-08-29 12:51:46,ACC0187,ACC0452,404.62,INR,IMPS,Hyderabad,atm,DEV0618
TXN006847,2026-08-29 12:56:37,ACC0347,ACC0453,751.06,INR,UPI,Bengaluru,mobile,DEV0707
TXN008637,2026-08-29 12:56:49,ACC0301,ACC0496,1914.48,INR,RTGS,Chennai,branch,DEV0136
TXN006063,2026-08-29 12:57:35,ACC0265,ACC0452,1513.64,INR,UPI,Kochi,web,DEV0250
TXN002672,2026-08-29 13:00:47,ACC0087,ACC0146,4083.13,INR,RTGS,Bengaluru,branch,DEV0660
TXN003026,2026-08-29 13:01:29,ACC0052,ACC0452,594.9,INR,IMPS,Bengaluru,atm,DEV0045
TXN001112,2026-08-29 13:02:24,ACC0387,ACC0175,3853.03,INR,RTGS,Pune,web,DEV0898
TXN001674,2026-08-29 13:04:29,ACC0340,ACC0225,155.12,INR,UPI,Delhi,web,DEV0550
TXN003042,2026-08-29 13:05:47,ACC0067,ACC0463,954.01,INR,NEFT,Kochi,branch,DEV0622
TXN007515,2026-08-29 13:06:01,ACC0021,ACC0472,13338.0,INR,RTGS,Delhi,mobile,DEV0747
TXN002128,2026-08-29 13:06:39,ACC0009,ACC0013,80.97,INR,IMPS,Bengaluru,branch,DEV0080
TXN004872,2026-08-29 13:06:43,ACC0368,ACC0317,4772.69,INR,UPI,Hyderabad,branch,DEV0467
TXN004101,2026-08-29 13:10:22,ACC0284,ACC0476,721.99,INR,NEFT,Delhi,mobile,DEV0034
TXN005964,2026-08-29 13:10:36,ACC0120,ACC0458,4231.66,INR,RTGS,Pune,web,DEV0552
TXN006938,2026-08-29 13:11:07,ACC0101,ACC0062,6539.91,INR,RTGS,Delhi,web,DEV0819
TXN001571,2026-08-29 13:13:56,ACC0351,ACC0480,11739.93,INR,RTGS,Hyderabad,web,DEV0346
TXN002728,2026-08-29 13:22:10,ACC0433,ACC0340,6371.68,INR,RTGS,Bengaluru,web,DEV0011
TXN002241,2026-08-29 13:22:53,ACC0049,ACC0493,543.84,INR,NEFT,Kochi,mobile,DEV0784
TXN008202,2026-08-29 13:26:25,ACC0346,ACC0249,4466.2,INR,IMPS,Pune,branch,DEV0611
TXN003503,2026-08-29 13:26:28,ACC0413,ACC0474,7160.35,INR,RTGS,Hyderabad,mobile,DEV0588
TXN004719,2026-08-29 13:27:35,ACC0266,ACC0380,1907.78,INR,NEFT,Bengaluru,atm,DEV0337
TXN009634,2026-08-29 13:34:32,ACC0357,ACC0475,1669.84,INR,UPI,Hyderabad,mobile,DEV0098
TXN004732,2026-08-29 13:34:47,ACC0233,ACC0485,1310.42,INR,RTGS,Delhi,branch,DEV0625
TXN004854,2026-08-29 13:35:48,ACC0184,ACC0088,1423.53,INR,UPI,Hyderabad,mobile,DEV0787
TXN009886,2026-08-29 13:36:24,ACC0250,ACC0477,1017.02,INR,NEFT,Mumbai,branch,DEV0637
TXN002761,2026-08-29 13:37:51,ACC0149,ACC0451,332.79,INR,IMPS,Kochi,branch,DEV0471
TXN006293,2026-08-29 13:41:03,ACC0269,ACC0497,1780.44,INR,NEFT,Mumbai,branch,DEV0007
TXN000774,2026-08-29 13:42:34,ACC0024,ACC0266,1279.52,INR,IMPS,Kolkata,web,DEV0705
TXN000691,2026-08-29 13:46:11,ACC0102,ACC0465,830.05,INR,NEFT,Bengaluru,mobile,DEV0181
TXN009056,2026-08-29 13:55:18,ACC0050,ACC0498,4030.86,INR,UPI,Pune,web,DEV0113
TXN004241,2026-08-29 13:56:46,ACC0436,ACC0485,4685.17,INR,UPI,Bengaluru,branch,DEV0575
TXN009202,2026-08-29 13:58:20,ACC0376,ACC0190,7155.57,INR,NEFT,Kolkata,branch,DEV0379
TXN007531,2026-08-29 14:01:06,ACC0437,ACC0470,4129.72,INR,UPI,Kolkata,branch,DEV0779
TXN009796,2026-08-29 14:09:39,ACC0307,ACC0117,1135.24,INR,UPI,Kolkata,web,DEV0500
TXN003485,2026-08-29 14:11:09,ACC0237,ACC0458,4641.58,INR,NEFT,Delhi,atm,DEV0687
TXN003055,2026-08-29 14:13:29,ACC0297,ACC0490,1547.62,INR,NEFT,Hyderabad,web,DEV0900
TXN000030,2026-08-29 14:13:43,ACC0022,ACC0453,966.02,INR,RTGS,Delhi,web,DEV0886
TXN008654,2026-08-29 14:14:41,ACC0437,ACC0418,2295.33,INR,IMPS,Kochi,atm,DEV0727
TXN003189,2026-08-29 14:14:53,ACC0289,ACC0241,2856.55,INR,NEFT,Kochi,atm,DEV0723
TXN007527,2026-08-29 14:15:03,ACC0226,ACC0230,3565.92,INR,UPI,Kochi,branch,DEV0881
TXN004727,2026-08-29 14:16:53,ACC0229,ACC0485,798.43,INR,IMPS,Delhi,mobile,DEV0471
TXN004657,2026-08-29 14:21:09,ACC0069,ACC0475,3220.02,INR,RTGS,Bengaluru,branch,DEV0118
TXN007085,2026-08-29 14:23:42,ACC0308,ACC0480,1061.94,INR,NEFT,Chennai,mobile,DEV0378
TXN008442,2026-08-29 14:25:02,ACC0421,ACC0487,468.88,INR,RTGS,Bengaluru,atm,DEV0450
TXN008797,2026-08-29 14:25:07,ACC0147,ACC0311,946.57,INR,RTGS,Pune,mobile,DEV0322
TXN007551,2026-08-29 14:26:11,ACC0085,ACC0494,136.88,INR,NEFT,Bengaluru,mobile,DEV0152
TXN001562,2026-08-29 14:26:17,ACC0324,ACC0496,7886.68,INR,NEFT,Delhi,branch,DEV0868
TXN007894,2026-08-29 14:28:24,ACC0331,ACC0049,306.1,INR,UPI,Chennai,mobile,DEV0179
TXN006299,2026-08-29 14:31:45,ACC0096,ACC0470,1026.02,INR,NEFT,Kolkata,branch,DEV0646
TXN004662,2026-08-29 14:32:17,ACC0071,ACC0480,3813.12,INR,RTGS,Mumbai,web,DEV0478
TXN000328,2026-08-29 14:32:56,ACC0199,ACC0489,8288.95,INR,NEFT,Delhi,atm,DEV0617
TXN007343,2026-08-29 14:36:37,ACC0293,ACC0214,383.75,INR,RTGS,Kolkata,web,DEV0560
TXN003192,2026-08-29 14:38:57,ACC0267,ACC0475,10181.35,INR,UPI,Hyderabad,mobile,DEV0729
TXN007071,2026-08-29 14:39:02,ACC0131,ACC0099,1635.12,INR,RTGS,Kochi,mobile,DEV0365
TXN004779,2026-08-29 14:39:09,ACC0113,ACC0465,717.98,INR,IMPS,Mumbai,branch,DEV0329
TXN007140,2026-08-29 14:40:26,ACC0179,ACC0488,2983.02,INR,RTGS,Kochi,web,DEV0220
TXN005827,2026-08-29 14:40:41,ACC0054,ACC0238,2154.46,INR,RTGS,Delhi,mobile,DEV0516
TXN005092,2026-08-29 14:43:32,ACC0235,ACC0488,2195.62,INR,RTGS,Bengaluru,web,DEV0497
TXN008187,2026-08-29 14:43:56,ACC0434,ACC0452,1617.27,INR,NEFT,Kochi,mobile,DEV0287
TXN001539,2026-08-29 14:44:04,ACC0273,ACC0485,1445.99,INR,RTGS,Mumbai,mobile,DEV0658
TXN002857,2026-08-29 14:47:37,ACC0283,ACC0487,836.52,INR,NEFT,Chennai,atm,DEV0642
TXN003323,2026-08-29 14:47:50,ACC0376,ACC0493,835.86,INR,NEFT,Hyderabad,branch,DEV0603
TXN006330,2026-08-29 14:48:31,ACC0292,ACC0300,870.26,INR,IMPS,Mumbai,mobile,DEV0257
TXN009250,2026-08-29 14:52:07,ACC0199,ACC0329,13030.38,INR,IMPS,Kochi,web,DEV0518
TXN002971,2026-08-29 14:54:04,ACC0427,ACC0453,6821.2,INR,RTGS,Delhi,branch,DEV0818
TXN002425,2026-08-29 14:54:05,ACC0210,ACC0466,1545.39,INR,IMPS,Pune,web,DEV0791
TXN003777,2026-08-29 14:55:53,ACC0296,ACC0491,647.27,INR,IMPS,Pune,branch,DEV0659
TXN007105,2026-08-29 14:56:23,ACC0440,ACC0497,373.09,INR,UPI,Kolkata,atm,DEV0658
TXN008439,2026-08-29 15:04:42,ACC0197,ACC0457,3155.65,INR,IMPS,Chennai,branch,DEV0873
TXN003525,2026-08-29 15:07:27,ACC0436,ACC0499,524.65,INR,UPI,Hyderabad,mobile,DEV0195
TXN000818,2026-08-29 15:09:00,ACC0279,ACC0483,1392.33,INR,IMPS,Bengaluru,atm,DEV0704
TXN000669,2026-08-29 15:13:39,ACC0072,ACC0144,1712.92,INR,IMPS,Hyderabad,atm,DEV0280
TXN008220,2026-08-29 15:14:20,ACC0163,ACC0498,2758.67,INR,NEFT,Bengaluru,branch,DEV0187
TXN003911,2026-08-29 15:14:58,ACC0338,ACC0213,1244.59,INR,NEFT,Pune,atm,DEV0207
TXN001662,2026-08-29 15:16:01,ACC0116,ACC0468,1901.54,INR,NEFT,Delhi,web,DEV0049
TXN000049,2026-08-29 15:17:48,ACC0233,ACC0499,7129.55,INR,UPI,Kochi,mobile,DEV0768
TXN005568,2026-08-29 15:23:53,ACC0054,ACC0223,5376.06,INR,NEFT,Pune,web,DEV0001
TXN006645,2026-08-29 15:27:55,ACC0020,ACC0484,12338.14,INR,NEFT,Kolkata,mobile,DEV0564
TXN009594,2026-08-29 15:38:53,ACC0259,ACC0224,1749.29,INR,RTGS,Hyderabad,web,DEV0754
TXN009256,2026-08-29 15:39:45,ACC0207,ACC0466,7931.62,INR,NEFT,Kolkata,branch,DEV0124
TXN000883,2026-08-29 15:40:28,ACC0442,ACC0488,3177.48,INR,NEFT,Kochi,atm,DEV0288
TXN003780,2026-08-29 15:41:10,ACC0011,ACC0457,4171.38,INR,IMPS,Bengaluru,atm,DEV0355
TXN006794,2026-08-29 15:46:35,ACC0244,ACC0466,2906.5,INR,IMPS,Delhi,mobile,DEV0601
TXN006698,2026-08-29 15:51:19,ACC0033,ACC0472,1969.27,INR,RTGS,Mumbai,branch,DEV0848
TXN008604,2026-08-29 15:53:27,ACC0370,ACC0459,21259.24,INR,UPI,Kochi,mobile,DEV0165
TXN004877,2026-08-29 15:54:03,ACC0071,ACC0500,1749.3,INR,UPI,Hyderabad,branch,DEV0555
TXN007228,2026-08-29 15:55:27,ACC0363,ACC0475,3790.65,INR,UPI,Kolkata,atm,DEV0688
TXN005200,2026-08-29 15:55:42,ACC0260,ACC0473,5144.88,INR,RTGS,Mumbai,branch,DEV0265
TXN000589,2026-08-29 15:57:23,ACC0309,ACC0455,27854.98,INR,RTGS,Delhi,web,DEV0115
TXN003000,2026-08-29 16:00:08,ACC0117,ACC0477,987.29,INR,IMPS,Delhi,mobile,DEV0704
TXN009162,2026-08-29 16:06:51,ACC0354,ACC0473,8335.57,INR,NEFT,Chennai,mobile,DEV0453
TXN005130,2026-08-29 16:07:32,ACC0368,ACC0467,37068.28,INR,RTGS,Pune,mobile,DEV0502
TXN009389,2026-08-29 16:07:45,ACC0401,ACC0495,656.64,INR,UPI,Hyderabad,branch,DEV0281
TXN007083,2026-08-29 16:08:04,ACC0019,ACC0463,4284.56,INR,RTGS,Mumbai,branch,DEV0621
TXN004889,2026-08-29 16:09:03,ACC0446,ACC0466,369.84,INR,IMPS,Kolkata,atm,DEV0466
TXN002844,2026-08-29 16:12:52,ACC0436,ACC0070,6679.69,INR,IMPS,Mumbai,branch,DEV0609
TXN007464,2026-08-29 16:16:11,ACC0418,ACC0455,410.07,INR,IMPS,Hyderabad,branch,DEV0116
TXN001854,2026-08-29 16:18:52,ACC0272,ACC0462,515.83,INR,IMPS,Kochi,web,DEV0393
TXN007018,2026-08-29 16:21:17,ACC0220,ACC0417,18272.43,INR,IMPS,Delhi,web,DEV0217
TXN008101,2026-08-29 16:26:20,ACC0380,ACC0459,584.72,INR,NEFT,Chennai,mobile,DEV0753
TXN009838,2026-08-29 16:28:08,ACC0450,ACC0496,988.63,INR,NEFT,Kochi,branch,DEV0862
TXN003499,2026-08-29 16:28:28,ACC0086,ACC0188,495.6,INR,UPI,Kolkata,atm,DEV0088
TXN007050,2026-08-29 16:29:10,ACC0056,ACC0451,2356.53,INR,IMPS,Chennai,branch,DEV0367
TXN002466,2026-08-29 16:33:31,ACC0176,ACC0319,1047.73,INR,IMPS,Pune,branch,DEV0229
TXN009242,2026-08-29 16:38:52,ACC0090,ACC0403,1416.07,INR,NEFT,Delhi,mobile,DEV0203
TXN004440,2026-08-29 16:38:54,ACC0039,ACC0402,3003.47,INR,NEFT,Delhi,mobile,DEV0036
TXN008591,2026-08-29 16:39:46,ACC0320,ACC0474,436.26,INR,UPI,Kolkata,atm,DEV0190
TXN004873,2026-08-29 16:40:38,ACC0168,ACC0466,3130.47,INR,NEFT,Chennai,mobile,DEV0015
TXN009733,2026-08-29 16:40:47,ACC0383,ACC0452,5786.72,INR,IMPS,Chennai,web,DEV0837
TXN004649,2026-08-29 16:42:31,ACC0035,ACC0486,1340.1,INR,RTGS,Bengaluru,atm,DEV0675
TXN003380,2026-08-29 16:43:29,ACC0393,ACC0319,2575.05,INR,NEFT,Delhi,mobile,DEV0046
TXN006596,2026-08-29 16:51:19,ACC0011,ACC0176,255.96,INR,NEFT,Pune,mobile,DEV0706
TXN005246,2026-08-29 16:53:41,ACC0253,ACC0405,2816.48,INR,UPI,Hyderabad,atm,DEV0764
TXN007627,2026-08-29 16:55:39,ACC0185,ACC0466,1580.25,INR,IMPS,Hyderabad,branch,DEV0538
TXN004814,2026-08-29 16:57:27,ACC0364,ACC0474,3543.27,INR,IMPS,Bengaluru,atm,DEV0463
TXN008372,2026-08-29 17:01:45,ACC0130,ACC0453,144.76,INR,RTGS,Chennai,mobile,DEV0830
TXN008449,2026-08-29 17:02:02,ACC0002,ACC0329,5709.53,INR,RTGS,Kolkata,web,DEV0418
TXN003292,2026-08-29 17:04:22,ACC0401,ACC0493,3163.07,INR,IMPS,Delhi,mobile,DEV0866
TXN008496,2026-08-29 17:04:24,ACC0033,ACC0480,1024.68,INR,UPI,Bengaluru,mobile,DEV0820
TXN007463,2026-08-29 17:04:41,ACC0405,ACC0498,1875.9,INR,RTGS,Kochi,web,DEV0288
TXN005315,2026-08-29 17:04:42,ACC0306,ACC0465,810.34,INR,IMPS,Chennai,mobile,DEV0866
TXN002818,2026-08-29 17:05:07,ACC0416,ACC0297,1174.64,INR,IMPS,Delhi,mobile,DEV0030
TXN006403,2026-08-29 17:08:02,ACC0233,ACC0464,1495.83,INR,NEFT,Hyderabad,atm,DEV0348
TXN000092,2026-08-29 17:08:24,ACC0253,ACC0466,1254.54,INR,RTGS,Delhi,atm,DEV0671
TXN004769,2026-08-29 17:15:21,ACC0405,ACC0483,9562.34,INR,IMPS,Bengaluru,web,DEV0442
TXN007292,2026-08-29 17:23:22,ACC0223,ACC0482,1399.05,INR,NEFT,Chennai,mobile,DEV0447
TXN006011,2026-08-29 17:29:50,ACC0032,ACC0283,3207.68,INR,RTGS,Bengaluru,web,DEV0239
TXN001069,2026-08-29 17:30:31,ACC0094,ACC0471,1360.35,INR,RTGS,Kolkata,web,DEV0199
TXN003635,2026-08-29 17:32:49,ACC0169,ACC0464,1588.33,INR,NEFT,Delhi,branch,DEV0803
TXN001716,2026-08-29 17:33:06,ACC0298,ACC0491,977.08,INR,NEFT,Kochi,atm,DEV0420
TXN006800,2026-08-29 17:33:45,ACC0263,ACC0464,2038.17,INR,NEFT,Bengaluru,web,DEV0520
TXN008373,2026-08-29 17:40:52,ACC0297,ACC0257,1305.98,INR,NEFT,Bengaluru,branch,DEV0666
TXN007399,2026-08-29 17:45:53,ACC0045,ACC0496,1777.11,INR,NEFT,Kochi,branch,DEV0219
TXN007927,2026-08-29 17:47:48,ACC0362,ACC0451,4408.08,INR,NEFT,Chennai,web,DEV0546
TXN000378,2026-08-29 17:52:50,ACC0060,ACC0132,2597.11,INR,RTGS,Kochi,web,DEV0776
TXN006285,2026-08-29 17:53:38,ACC0179,ACC0294,543.86,INR,NEFT,Pune,branch,DEV0401
TXN006619,2026-08-29 17:56:26,ACC0271,ACC0115,9392.96,INR,IMPS,Chennai,atm,DEV0309
TXN001886,2026-08-29 17:57:17,ACC0304,ACC0498,1092.42,INR,UPI,Bengaluru,web,DEV0723
TXN000878,2026-08-29 17:58:33,ACC0431,ACC0019,12871.62,INR,IMPS,Kolkata,branch,DEV0410
TXN008477,2026-08-29 18:00:13,ACC0055,ACC0460,1128.45,INR,IMPS,Chennai,atm,DEV0318
TXN004056,2026-08-29 18:03:17,ACC0203,ACC0468,458.02,INR,RTGS,Mumbai,atm,DEV0663
TXN002922,2026-08-29 18:05:49,ACC0352,ACC0474,605.76,INR,NEFT,Bengaluru,mobile,DEV0500
TXN009928,2026-08-29 18:07:05,ACC0340,ACC0467,2133.76,INR,NEFT,Bengaluru,mobile,DEV0517
TXN009535,2026-08-29 18:11:27,ACC0202,ACC0454,420.47,INR,NEFT,Pune,mobile,DEV0815
TXN001423,2026-08-29 18:21:54,ACC0150,ACC0470,4067.42,INR,UPI,Mumbai,branch,DEV0356
TXN006435,2026-08-29 18:24:19,ACC0371,ACC0467,7053.86,INR,NEFT,Pune,atm,DEV0598
TXN007616,2026-08-29 18:25:17,ACC0020,ACC0488,3227.93,INR,IMPS,Pune,mobile,DEV0611
TXN004173,2026-08-29 18:26:01,ACC0193,ACC0462,954.36,INR,NEFT,Mumbai,branch,DEV0696
TXN008861,2026-08-29 18:28:39,ACC0257,ACC0495,921.24,INR,RTGS,Bengaluru,branch,DEV0463
TXN004373,2026-08-29 18:28:56,ACC0398,ACC0463,2133.81,INR,RTGS,Delhi,mobile,DEV0893
TXN007261,2026-08-29 18:29:41,ACC0081,ACC0479,876.79,INR,NEFT,Kochi,atm,DEV0684
TXN000200,2026-08-29 18:30:17,ACC0109,ACC0355,1851.82,INR,IMPS,Chennai,web,DEV0602
TXN001146,2026-08-29 18:34:11,ACC0158,ACC0383,4536.78,INR,UPI,Chennai,branch,DEV0395
TXN000946,2026-08-29 18:35:20,ACC0297,ACC0142,7545.46,INR,IMPS,Hyderabad,branch,DEV0890
TXN002108,2026-08-29 18:38:02,ACC0017,ACC0038,935.23,INR,NEFT,Hyderabad,branch,DEV0310
TXN009171,2026-08-29 18:47:35,ACC0298,ACC0496,973.41,INR,RTGS,Kochi,atm,DEV0414
TXN006424,2026-08-29 18:48:47,ACC0139,ACC0054,938.67,INR,IMPS,Delhi,atm,DEV0691
TXN006669,2026-08-29 18:53:11,ACC0267,ACC0486,5947.24,INR,NEFT,Pune,atm,DEV0162
TXN004712,2026-08-29 18:53:48,ACC0280,ACC0456,6373.6,INR,NEFT,Kochi,atm,DEV0519
TXN001930,2026-08-29 18:58:46,ACC0195,ACC0467,33612.39,INR,UPI,Kolkata,mobile,DEV0205
TXN006110,2026-08-29 18:59:28,ACC0324,ACC0492,1205.37,INR,IMPS,Delhi,web,DEV0792
TXN005868,2026-08-29 19:01:38,ACC0396,ACC0479,1498.92,INR,RTGS,Kochi,web,DEV0852
TXN000843,2026-08-29 19:02:39,ACC0212,ACC0467,10161.31,INR,UPI,Delhi,mobile,DEV0298
TXN008304,2026-08-29 19:06:24,ACC0001,ACC0321,1834.52,INR,NEFT,Chennai,atm,DEV0521
TXN007513,2026-08-29 19:13:21,ACC0375,ACC0271,408.68,INR,RTGS,Chennai,branch,DEV0628
TXN000308,2026-08-29 19:16:49,ACC0334,ACC0193,1752.66,INR,UPI,Mumbai,mobile,DEV0050
TXN003876,2026-08-29 19:16:52,ACC0171,ACC0174,320.73,INR,RTGS,Delhi,atm,DEV0826
TXN003384,2026-08-29 19:18:56,ACC0338,ACC0494,7341.3,INR,NEFT,Hyderabad,web,DEV0874
TXN007210,2026-08-29 19:19:18,ACC0334,ACC0004,1315.77,INR,RTGS,Kochi,mobile,DEV0115
TXN000631,2026-08-29 19:26:56,ACC0162,ACC0468,1480.91,INR,IMPS,Kochi,atm,DEV0022
TXN005751,2026-08-29 19:29:58,ACC0157,ACC0489,885.55,INR,NEFT,Delhi,web,DEV0210
TXN004922,2026-08-29 19:34:51,ACC0042,ACC0477,977.75,INR,UPI,Pune,atm,DEV0577
TXN004424,2026-08-29 19:35:16,ACC0049,ACC0498,569.17,INR,UPI,Mumbai,web,DEV0722
TXN004041,2026-08-29 19:35:58,ACC0432,ACC0030,1390.26,INR,UPI,Chennai,branch,DEV0002
TXN005426,2026-08-29 19:36:25,ACC0308,ACC0495,1435.49,INR,IMPS,Bengaluru,atm,DEV0030
TXN006171,2026-08-29 19:37:57,ACC0005,ACC0348,1485.28,INR,NEFT,Chennai,branch,DEV0185
TXN009295,2026-08-29 19:38:39,ACC0221,ACC0480,4464.74,INR,UPI,Hyderabad,branch,DEV0616
TXN004090,2026-08-29 19:39:45,ACC0269,ACC0497,304.6,INR,IMPS,Delhi,atm,DEV0170
TXN007241,2026-08-29 19:44:13,ACC0361,ACC0474,4757.53,INR,NEFT,Hyderabad,atm,DEV0689
TXN009671,2026-08-29 19:48:13,ACC0125,ACC0459,3760.0,INR,IMPS,Kolkata,mobile,DEV0313
TXN003813,2026-08-29 19:50:16,ACC0006,ACC0454,7508.14,INR,UPI,Delhi,branch,DEV0292
TXN000481,2026-08-29 19:51:00,ACC0419,ACC0488,6840.05,INR,RTGS,Hyderabad,atm,DEV0631
TXN000230,2026-08-29 19:52:06,ACC0294,ACC0483,1370.13,INR,IMPS,Delhi,web,DEV0256
TXN003448,2026-08-29 19:52:32,ACC0179,ACC0437,363.38,INR,NEFT,Bengaluru,atm,DEV0300
TXN007998,2026-08-29 19:56:31,ACC0127,ACC0480,1169.52,INR,IMPS,Kochi,branch,DEV0252
TXN009414,2026-08-29 19:57:22,ACC0288,ACC0477,9179.63,INR,RTGS,Pune,branch,DEV0701
TXN003891,2026-08-29 19:58:08,ACC0068,ACC0472,391.53,INR,UPI,Kochi,branch,DEV0214
TXN007303,2026-08-29 19:59:06,ACC0239,ACC0476,2071.65,INR,IMPS,Delhi,branch,DEV0268
TXN004288,2026-08-29 19:59:10,ACC0408,ACC0471,891.52,INR,NEFT,Delhi,branch,DEV0084
TXN001517,2026-08-29 20:02:22,ACC0127,ACC0475,408.19,INR,RTGS,Chennai,web,DEV0853
TXN002681,2026-08-29 20:04:58,ACC0154,ACC0365,1587.54,INR,NEFT,Mumbai,mobile,DEV0519
TXN006504,2026-08-29 20:06:27,ACC0255,ACC0467,1801.56,INR,IMPS,Pune,mobile,DEV0707
TXN002872,2026-08-29 20:07:08,ACC0448,ACC0469,622.05,INR,IMPS,Bengaluru,atm,DEV0611
TXN001005,2026-08-29 20:10:57,ACC0429,ACC0471,1266.47,INR,RTGS,Pune,mobile,DEV0067
TXN000012,2026-08-29 20:16:32,ACC0081,ACC0497,4465.4,INR,UPI,Hyderabad,web,DEV0157
TXN004120,2026-08-29 20:21:20,ACC0136,ACC0486,3655.92,INR,NEFT,Delhi,branch,DEV0033
TXN004656,2026-08-29 20:21:23,ACC0213,ACC0457,2524.77,INR,RTGS,Hyderabad,mobile,DEV0756
TXN005877,2026-08-29 20:25:09,ACC0235,ACC0498,4360.13,INR,RTGS,Hyderabad,atm,DEV0542
TXN005997,2026-08-29 20:27:45,ACC0388,ACC0265,1297.49,INR,RTGS,Chennai,mobile,DEV0338
TXN008144,2026-08-29 20:29:57,ACC0160,ACC0453,1330.11,INR,NEFT,Hyderabad,branch,DEV0194
TXN003358,2026-08-29 20:35:58,ACC0242,ACC0139,1591.85,INR,NEFT,Pune,mobile,DEV0223
TXN001398,2026-08-29 20:36:39,ACC0340,ACC0460,1439.28,INR,NEFT,Pune,branch,DEV0558
TXN000486,2026-08-29 20:38:59,ACC0413,ACC0480,1378.93,INR,RTGS,Kochi,atm,DEV0364
TXN004086,2026-08-29 20:44:12,ACC0444,ACC0483,254.22,INR,RTGS,Pune,web,DEV0855
TXN000674,2026-08-29 20:45:38,ACC0186,ACC0482,826.43,INR,RTGS,Mumbai,branch,DEV0583
TXN009714,2026-08-29 20:46:26,ACC0298,ACC0393,4624.07,INR,UPI,Bengaluru,branch,DEV0620
TXN005612,2026-08-29 20:48:21,ACC0231,ACC0468,3327.4,INR,NEFT,Kolkata,atm,DEV0644
TXN002091,2026-08-29 20:48:24,ACC0128,ACC0463,1590.09,INR,IMPS,Mumbai,branch,DEV0487
TXN001618,2026-08-29 20:51:17,ACC0233,ACC0496,5334.31,INR,NEFT,Kolkata,web,DEV0448
TXN007812,2026-08-29 20:55:10,ACC0157,ACC0500,305.2,INR,UPI,Hyderabad,web,DEV0618
TXN000317,2026-08-29 20:57:08,ACC0184,ACC0494,1537.05,INR,RTGS,Kochi,mobile,DEV0065
TXN003058,2026-08-29 20:57:37,ACC0297,ACC0478,2954.43,INR,IMPS,Pune,atm,DEV0190
TXN003767,2026-08-30 09:01:57,ACC0295,ACC0457,5100.78,INR,NEFT,Kolkata,mobile,DEV0231
TXN007751,2026-08-30 09:02:15,ACC0437,ACC0454,1010.78,INR,RTGS,Chennai,mobile,DEV0838
TXN007367,2026-08-30 09:04:11,ACC0045,ACC0459,88.05,INR,IMPS,Mumbai,atm,DEV0066
TXN001580,2026-08-30 09:05:20,ACC0214,ACC0359,642.48,INR,NEFT,Kolkata,branch,DEV0451
TXN007239,2026-08-30 09:06:32,ACC0199,ACC0481,17161.57,INR,UPI,Mumbai,mobile,DEV0723
TXN002949,2026-08-30 09:06:54,ACC0431,ACC0458,1719.71,INR,RTGS,Mumbai,web,DEV0160
TXN004495,2026-08-30 09:13:19,ACC0084,ACC0485,556.74,INR,NEFT,Kochi,branch,DEV0649
TXN007158,2026-08-30 09:21:57,ACC0299,ACC0461,12274.72,INR,RTGS,Kochi,branch,DEV0657
TXN001976,2026-08-30 09:25:15,ACC0265,ACC0472,390.74,INR,RTGS,Chennai,branch,DEV0046
TXN006172,2026-08-30 09:28:53,ACC0297,ACC0161,1184.47,INR,NEFT,Pune,mobile,DEV0689
TXN005664,2026-08-30 09:32:59,ACC0027,ACC0482,1973.18,INR,RTGS,Chennai,atm,DEV0680
TXN004744,2026-08-30 09:36:01,ACC0421,ACC0473,2430.89,INR,IMPS,Mumbai,branch,DEV0041
TXN004636,2026-08-30 09:36:39,ACC0401,ACC0290,2377.81,INR,IMPS,Pune,atm,DEV0430
TXN006354,2026-08-30 09:38:22,ACC0231,ACC0492,655.67,INR,UPI,Delhi,web,DEV0160
TXN006357,2026-08-30 09:39:28,ACC0252,ACC0469,19327.29,INR,UPI,Hyderabad,branch,DEV0316
TXN007409,2026-08-30 09:39:53,ACC0375,ACC0237,2429.66,INR,NEFT,Mumbai,mobile,DEV0782
TXN000505,2026-08-30 09:42:24,ACC0077,ACC0451,376.36,INR,RTGS,Chennai,atm,DEV0490
TXN001392,2026-08-30 09:45:28,ACC0149,ACC0462,122.91,INR,RTGS,Pune,branch,DEV0851
TXN005879,2026-08-30 09:46:09,ACC0012,ACC0476,7555.77,INR,NEFT,Hyderabad,branch,DEV0121
TXN000694,2026-08-30 09:48:39,ACC0220,ACC0126,5075.0,INR,IMPS,Delhi,branch,DEV0254
TXN001061,2026-08-30 09:53:47,ACC0236,ACC0491,1735.38,INR,NEFT,Kolkata,mobile,DEV0409
TXN002004,2026-08-30 09:53:59,ACC0216,ACC0487,1397.01,INR,UPI,Bengaluru,atm,DEV0196
TXN009942,2026-08-30 09:57:30,ACC0026,ACC0468,1032.2,INR,NEFT,Kochi,atm,DEV0669
TXN008690,2026-08-30 09:57:39,ACC0236,ACC0280,18147.28,INR,IMPS,Delhi,branch,DEV0891
TXN009512,2026-08-30 09:59:55,ACC0193,ACC0420,1224.81,INR,RTGS,Delhi,web,DEV0576
TXN009243,2026-08-30 10:03:06,ACC0365,ACC0459,2325.48,INR,UPI,Mumbai,atm,DEV0410
TXN002311,2026-08-30 10:05:01,ACC0434,ACC0479,2035.37,INR,RTGS,Mumbai,branch,DEV0402
TXN009726,2026-08-30 10:05:14,ACC0328,ACC0210,2192.61,INR,UPI,Hyderabad,mobile,DEV0420
TXN002411,2026-08-30 10:07:33,ACC0420,ACC0469,2456.89,INR,IMPS,Mumbai,web,DEV0392
TXN006415,2026-08-30 10:07:53,ACC0063,ACC0485,1736.89,INR,NEFT,Bengaluru,mobile,DEV0217
TXN000904,2026-08-30 10:18:14,ACC0376,ACC0488,374.33,INR,RTGS,Pune,atm,DEV0101
TXN008506,2026-08-30 10:19:59,ACC0406,ACC0435,850.26,INR,RTGS,Mumbai,branch,DEV0785
TXN003334,2026-08-30 10:20:45,ACC0318,ACC0495,3863.11,INR,NEFT,Pune,mobile,DEV0244
TXN001431,2026-08-30 10:21:25,ACC0100,ACC0487,2715.86,INR,IMPS,Kochi,web,DEV0352
TXN002474,2026-08-30 10:22:15,ACC0247,ACC0409,545.16,INR,NEFT,Hyderabad,atm,DEV0747
TXN003212,2026-08-30 10:22:43,ACC0352,ACC0174,67.82,INR,UPI,Kolkata,branch,DEV0761
TXN002482,2026-08-30 10:25:03,ACC0118,ACC0471,268.86,INR,RTGS,Mumbai,branch,DEV0366
TXN005360,2026-08-30 10:27:58,ACC0318,ACC0300,1292.26,INR,UPI,Chennai,branch,DEV0774
TXN001687,2026-08-30 10:29:54,ACC0381,ACC0493,1087.38,INR,NEFT,Delhi,branch,DEV0107
TXN007842,2026-08-30 10:33:28,ACC0030,ACC0343,17627.66,INR,IMPS,Chennai,mobile,DEV0359
TXN001013,2026-08-30 10:33:42,ACC0112,ACC0453,2621.41,INR,RTGS,Kolkata,branch,DEV0578
TXN006062,2026-08-30 10:34:22,ACC0308,ACC0453,5386.32,INR,IMPS,Kochi,branch,DEV0294
TXN000376,2026-08-30 10:35:18,ACC0008,ACC0036,4306.66,INR,IMPS,Kolkata,branch,DEV0232
TXN001875,2026-08-30 10:36:53,ACC0280,ACC0496,8143.71,INR,NEFT,Delhi,mobile,DEV0381
TXN009333,2026-08-30 10:37:59,ACC0007,ACC0469,2980.92,INR,NEFT,Kochi,branch,DEV0343
TXN006295,2026-08-30 10:47:28,ACC0169,ACC0468,5466.74,INR,RTGS,Pune,mobile,DEV0101
TXN005867,2026-08-30 10:51:08,ACC0228,ACC0461,1245.83,INR,NEFT,Mumbai,branch,DEV0127
TXN003629,2026-08-30 10:52:53,ACC0333,ACC0255,1780.23,INR,IMPS,Mumbai,mobile,DEV0053
TXN009015,2026-08-30 10:53:01,ACC0126,ACC0487,4740.5,INR,IMPS,Delhi,atm,DEV0574
TXN004943,2026-08-30 10:59:41,ACC0077,ACC0454,1138.69,INR,UPI,Chennai,branch,DEV0129
TXN008603,2026-08-30 11:02:13,ACC0235,ACC0459,2660.71,INR,IMPS,Chennai,branch,DEV0821
TXN004309,2026-08-30 11:02:28,ACC0071,ACC0480,1085.35,INR,RTGS,Kolkata,web,DEV0843
TXN009586,2026-08-30 11:02:34,ACC0087,ACC0400,3068.11,INR,IMPS,Pune,mobile,DEV0232
TXN009821,2026-08-30 11:06:03,ACC0371,ACC0480,312.32,INR,IMPS,Kolkata,mobile,DEV0886
TXN001783,2026-08-30 11:09:48,ACC0316,ACC0491,1861.18,INR,RTGS,Hyderabad,atm,DEV0210
TXN000249,2026-08-30 11:11:59,ACC0024,ACC0475,12090.28,INR,RTGS,Bengaluru,branch,DEV0255
TXN000550,2026-08-30 11:12:11,ACC0237,ACC0387,3954.05,INR,RTGS,Chennai,branch,DEV0855
TXN001474,2026-08-30 11:13:54,ACC0188,ACC0499,6671.54,INR,IMPS,Delhi,atm,DEV0237
TXN008076,2026-08-30 11:17:25,ACC0237,ACC0021,339.82,INR,RTGS,Pune,mobile,DEV0369
TXN004565,2026-08-30 11:21:24,ACC0117,ACC0463,3430.28,INR,IMPS,Kochi,branch,DEV0069
TXN003022,2026-08-30 11:22:11,ACC0404,ACC0151,408.95,INR,RTGS,Kochi,atm,DEV0260
TXN001045,2026-08-30 11:25:18,ACC0423,ACC0081,6927.0,INR,UPI,Pune,atm,DEV0429
TXN008435,2026-08-30 11:26:20,ACC0187,ACC0474,1032.05,INR,RTGS,Bengaluru,web,DEV0303
TXN008159,2026-08-30 11:26:23,ACC0041,ACC0485,2644.59,INR,RTGS,Bengaluru,branch,DEV0521
TXN000169,2026-08-30 11:26:56,ACC0379,ACC0020,3190.17,INR,IMPS,Chennai,mobile,DEV0306
TXN000441,2026-08-30 11:27:58,ACC0353,ACC0269,751.43,INR,UPI,Delhi,branch,DEV0860
TXN006484,2026-08-30 11:30:34,ACC0256,ACC0340,640.41,INR,IMPS,Pune,atm,DEV0811
TXN007508,2026-08-30 11:34:10,ACC0240,ACC0454,6728.22,INR,UPI,Kolkata,web,DEV0491
TXN002613,2026-08-30 11:34:19,ACC0264,ACC0480,418.61,INR,NEFT,Delhi,atm,DEV0704
TXN000223,2026-08-30 11:35:10,ACC0276,ACC0492,1599.21,INR,IMPS,Kochi,mobile,DEV0887
TXN007595,2026-08-30 11:38:13,ACC0064,ACC0484,5825.52,INR,IMPS,Hyderabad,atm,DEV0894
TXN005677,2026-08-30 11:38:25,ACC0258,ACC0358,170.11,INR,UPI,Delhi,atm,DEV0320
TXN005944,2026-08-30 11:41:32,ACC0049,ACC0471,4726.79,INR,RTGS,Mumbai,mobile,DEV0365
TXN007064,2026-08-30 11:43:19,ACC0092,ACC0458,8606.67,INR,RTGS,Delhi,branch,DEV0559
TXN003641,2026-08-30 11:43:23,ACC0314,ACC0487,763.08,INR,UPI,Pune,mobile,DEV0376
TXN004541,2026-08-30 11:45:43,ACC0275,ACC0463,1206.92,INR,IMPS,Pune,mobile,DEV0213
TXN008109,2026-08-30 11:46:26,ACC0240,ACC0474,1649.76,INR,RTGS,Hyderabad,branch,DEV0048
TXN004384,2026-08-30 11:47:27,ACC0318,ACC0475,5357.72,INR,NEFT,Bengaluru,branch,DEV0821
TXN008081,2026-08-30 11:47:57,ACC0153,ACC0496,775.4,INR,RTGS,Delhi,web,DEV0070
TXN004609,2026-08-30 11:50:41,ACC0408,ACC0494,1716.38,INR,IMPS,Mumbai,mobile,DEV0548
TXN005741,2026-08-30 11:52:15,ACC0301,ACC0458,1643.81,INR,UPI,Kochi,branch,DEV0669
TXN005522,2026-08-30 11:53:14,ACC0056,ACC0468,1235.89,INR,RTGS,Kochi,mobile,DEV0278
TXN004942,2026-08-30 11:54:29,ACC0386,ACC0119,2869.75,INR,UPI,Kolkata,atm,DEV0373
TXN002234,2026-08-30 11:54:37,ACC0117,ACC0251,627.86,INR,IMPS,Chennai,web,DEV0576
TXN005998,2026-08-30 11:56:42,ACC0367,ACC0469,211.78,INR,RTGS,Chennai,branch,DEV0384
TXN002143,2026-08-30 11:57:07,ACC0045,ACC0485,1152.87,INR,NEFT,Pune,atm,DEV0619
TXN008727,2026-08-30 12:05:02,ACC0291,ACC0466,1358.16,INR,RTGS,Delhi,mobile,DEV0371
TXN004619,2026-08-30 12:12:22,ACC0179,ACC0496,9768.08,INR,IMPS,Chennai,atm,DEV0068
TXN009691,2026-08-30 12:12:31,ACC0074,ACC0472,1591.16,INR,NEFT,Hyderabad,mobile,DEV0331
TXN005805,2026-08-30 12:15:24,ACC0290,ACC0466,710.51,INR,NEFT,Chennai,branch,DEV0682
TXN006898,2026-08-30 12:18:19,ACC0131,ACC0494,145.93,INR,NEFT,Bengaluru,atm,DEV0853
TXN005109,2026-08-30 12:23:14,ACC0244,ACC0307,5390.09,INR,IMPS,Pune,web,DEV0820
TXN000604,2026-08-30 12:23:37,ACC0135,ACC0479,3108.07,INR,UPI,Kochi,web,DEV0893
TXN001800,2026-08-30 12:25:38,ACC0378,ACC0271,5737.01,INR,IMPS,Pune,branch,DEV0460
TXN006407,2026-08-30 12:26:57,ACC0192,ACC0496,806.68,INR,UPI,Bengaluru,mobile,DEV0048
TXN006190,2026-08-30 12:27:05,ACC0433,ACC0124,2028.29,INR,NEFT,Kolkata,branch,DEV0611
TXN001757,2026-08-30 12:27:31,ACC0051,ACC0407,2937.29,INR,RTGS,Mumbai,mobile,DEV0187
TXN003941,2026-08-30 12:29:34,ACC0127,ACC0472,5130.5,INR,NEFT,Chennai,web,DEV0011
TXN009523,2026-08-30 12:29:44,ACC0091,ACC0489,2884.22,INR,NEFT,Delhi,atm,DEV0802
TXN009247,2026-08-30 12:33:37,ACC0364,ACC0452,1549.54,INR,UPI,Delhi,atm,DEV0357
TXN005498,2026-08-30 12:41:22,ACC0215,ACC0461,9370.39,INR,RTGS,Hyderabad,branch,DEV0029
TXN003290,2026-08-30 12:42:12,ACC0130,ACC0465,4636.13,INR,UPI,Hyderabad,atm,DEV0589
TXN007368,2026-08-30 12:54:37,ACC0334,ACC0470,994.54,INR,UPI,Kochi,web,DEV0069
TXN009920,2026-08-30 12:58:50,ACC0146,ACC0462,499.79,INR,UPI,Pune,atm,DEV0826
TXN004461,2026-08-30 12:59:18,ACC0207,ACC0463,11150.02,INR,UPI,Pune,atm,DEV0158
TXN001812,2026-08-30 13:00:09,ACC0114,ACC0489,6826.63,INR,UPI,Kolkata,mobile,DEV0509
TXN000702,2026-08-30 13:00:49,ACC0386,ACC0279,194.5,INR,RTGS,Pune,mobile,DEV0484
TXN001149,2026-08-30 13:00:57,ACC0106,ACC0060,118.06,INR,IMPS,Delhi,atm,DEV0847
TXN009748,2026-08-30 13:01:53,ACC0322,ACC0494,830.56,INR,RTGS,Hyderabad,web,DEV0364
TXN008058,2026-08-30 13:03:13,ACC0212,ACC0484,2836.21,INR,NEFT,Mumbai,web,DEV0059
TXN003804,2026-08-30 13:04:43,ACC0392,ACC0457,878.65,INR,RTGS,Pune,web,DEV0154
TXN005443,2026-08-30 13:05:18,ACC0364,ACC0466,456.21,INR,NEFT,Pune,branch,DEV0553
TXN007922,2026-08-30 13:06:05,ACC0233,ACC0452,825.17,INR,IMPS,Bengaluru,web,DEV0607
TXN009946,2026-08-30 13:06:17,ACC0158,ACC0462,8042.61,INR,UPI,Kolkata,mobile,DEV0735
TXN006417,2026-08-30 13:06:29,ACC0383,ACC0023,607.04,INR,IMPS,Mumbai,mobile,DEV0256
TXN002121,2026-08-30 13:07:53,ACC0022,ACC0492,850.5,INR,RTGS,Delhi,branch,DEV0042
TXN002194,2026-08-30 13:08:43,ACC0366,ACC0461,743.26,INR,NEFT,Kochi,web,DEV0712
TXN003785,2026-08-30 13:08:51,ACC0101,ACC0218,1463.22,INR,IMPS,Bengaluru,atm,DEV0645
TXN004329,2026-08-30 13:10:53,ACC0116,ACC0498,7015.76,INR,IMPS,Pune,atm,DEV0463
TXN002477,2026-08-30 13:11:41,ACC0338,ACC0366,741.4,INR,RTGS,Delhi,mobile,DEV0753
TXN006968,2026-08-30 13:14:00,ACC0394,ACC0470,2484.19,INR,UPI,Kolkata,mobile,DEV0141
TXN000081,2026-08-30 13:14:47,ACC0036,ACC0494,8598.26,INR,UPI,Kochi,web,DEV0711
TXN001939,2026-08-30 13:15:24,ACC0390,ACC0459,180.34,INR,IMPS,Chennai,branch,DEV0364
TXN000594,2026-08-30 13:19:05,ACC0227,ACC0476,107.85,INR,NEFT,Kochi,branch,DEV0832
TXN004663,2026-08-30 13:25:54,ACC0028,ACC0467,2180.59,INR,UPI,Chennai,atm,DEV0409
TXN001771,2026-08-30 13:26:53,ACC0105,ACC0491,3310.84,INR,NEFT,Kochi,web,DEV0009
TXN009130,2026-08-30 13:28:57,ACC0388,ACC0055,6193.29,INR,RTGS,Hyderabad,branch,DEV0851
TXN006559,2026-08-30 13:29:23,ACC0362,ACC0491,1145.07,INR,UPI,Bengaluru,web,DEV0709
TXN004427,2026-08-30 13:30:32,ACC0185,ACC0483,4883.11,INR,RTGS,Hyderabad,branch,DEV0875
TXN006870,2026-08-30 13:34:34,ACC0077,ACC0370,607.92,INR,RTGS,Kochi,mobile,DEV0755
TXN006966,2026-08-30 13:37:10,ACC0295,ACC0310,399.82,INR,NEFT,Chennai,web,DEV0498
TXN008395,2026-08-30 13:46:27,ACC0094,ACC0463,294.67,INR,RTGS,Kolkata,web,DEV0172
TXN002816,2026-08-30 13:46:49,ACC0106,ACC0451,864.54,INR,RTGS,Delhi,mobile,DEV0412
TXN009727,2026-08-30 13:48:37,ACC0075,ACC0482,542.68,INR,IMPS,Kolkata,branch,DEV0423
TXN007704,2026-08-30 13:50:54,ACC0144,ACC0459,2222.45,INR,RTGS,Pune,branch,DEV0197
TXN004984,2026-08-30 13:51:38,ACC0412,ACC0482,2143.34,INR,RTGS,Pune,mobile,DEV0089
TXN001486,2026-08-30 13:53:27,ACC0415,ACC0226,6036.33,INR,NEFT,Mumbai,branch,DEV0600
TXN008408,2026-08-30 13:53:59,ACC0407,ACC0452,557.44,INR,RTGS,Chennai,branch,DEV0518
TXN003689,2026-08-30 13:54:20,ACC0277,ACC0336,3922.97,INR,NEFT,Mumbai,web,DEV0536
TXN001249,2026-08-30 13:54:30,ACC0429,ACC0471,1694.54,INR,NEFT,Kochi,branch,DEV0094
TXN007938,2026-08-30 13:54:32,ACC0221,ACC0082,1717.82,INR,NEFT,Bengaluru,mobile,DEV0668
TXN001655,2026-08-30 13:56:05,ACC0294,ACC0479,1353.55,INR,IMPS,Pune,mobile,DEV0264
TXN008594,2026-08-30 14:00:49,ACC0210,ACC0458,2702.51,INR,IMPS,Chennai,mobile,DEV0171
TXN002341,2026-08-30 14:04:32,ACC0049,ACC0464,1057.86,INR,IMPS,Pune,branch,DEV0548
TXN008472,2026-08-30 14:09:26,ACC0312,ACC0451,5937.26,INR,UPI,Hyderabad,atm,DEV0078
TXN000638,2026-08-30 14:10:46,ACC0323,ACC0464,810.45,INR,RTGS,Mumbai,web,DEV0663
TXN004064,2026-08-30 14:10:54,ACC0085,ACC0485,642.66,INR,UPI,Kolkata,mobile,DEV0809
TXN008544,2026-08-30 14:13:39,ACC0427,ACC0486,3139.75,INR,IMPS,Kochi,mobile,DEV0697
TXN000105,2026-08-30 14:22:00,ACC0140,ACC0159,810.99,INR,RTGS,Mumbai,web,DEV0759
TXN004501,2026-08-30 14:26:53,ACC0048,ACC0477,534.21,INR,RTGS,Kolkata,branch,DEV0878
TXN007911,2026-08-30 14:28:34,ACC0161,ACC0486,1779.45,INR,RTGS,Kolkata,branch,DEV0008
TXN008160,2026-08-30 14:30:06,ACC0382,ACC0487,463.13,INR,NEFT,Kochi,mobile,DEV0623
TXN009367,2026-08-30 14:30:45,ACC0183,ACC0199,857.14,INR,NEFT,Mumbai,web,DEV0869
TXN009307,2026-08-30 14:32:28,ACC0114,ACC0498,1869.54,INR,RTGS,Mumbai,web,DEV0268
TXN007777,2026-08-30 14:34:25,ACC0051,ACC0487,201.21,INR,UPI,Kochi,mobile,DEV0330
TXN007300,2026-08-30 14:34:53,ACC0037,ACC0293,1242.63,INR,NEFT,Kolkata,atm,DEV0719
TXN000036,2026-08-30 14:39:20,ACC0221,ACC0493,2326.73,INR,IMPS,Hyderabad,atm,DEV0335
TXN002230,2026-08-30 14:41:35,ACC0380,ACC0339,5945.36,INR,NEFT,Delhi,mobile,DEV0882
TXN007949,2026-08-30 14:41:52,ACC0183,ACC0475,932.57,INR,UPI,Pune,web,DEV0890
TXN002881,2026-08-30 14:43:30,ACC0041,ACC0474,2635.88,INR,UPI,Kochi,web,DEV0229
TXN003011,2026-08-30 14:44:24,ACC0127,ACC0467,3163.53,INR,UPI,Delhi,atm,DEV0377
TXN005584,2026-08-30 14:46:28,ACC0299,ACC0418,226.53,INR,UPI,Kochi,atm,DEV0278
TXN003810,2026-08-30 14:50:59,ACC0062,ACC0471,1307.73,INR,NEFT,Mumbai,mobile,DEV0798
TXN009717,2026-08-30 14:53:27,ACC0006,ACC0454,1019.81,INR,RTGS,Hyderabad,mobile,DEV0890
TXN000077,2026-08-30 14:55:12,ACC0391,ACC0480,352.91,INR,RTGS,Chennai,branch,DEV0763
TXN001086,2026-08-30 14:57:56,ACC0341,ACC0487,4265.87,INR,NEFT,Delhi,web,DEV0316
TXN002462,2026-08-30 14:58:20,ACC0053,ACC0491,2209.21,INR,NEFT,Chennai,atm,DEV0343
TXN007436,2026-08-30 15:00:47,ACC0206,ACC0064,944.42,INR,NEFT,Chennai,web,DEV0371
TXN009775,2026-08-30 15:03:56,ACC0261,ACC0458,872.94,INR,RTGS,Mumbai,atm,DEV0866
TXN005590,2026-08-30 15:04:25,ACC0152,ACC0051,995.11,INR,UPI,Bengaluru,mobile,DEV0407
TXN003174,2026-08-30 15:04:45,ACC0127,ACC0274,198.24,INR,IMPS,Hyderabad,atm,DEV0332
TXN003051,2026-08-30 15:09:06,ACC0350,ACC0133,1571.87,INR,NEFT,Hyderabad,web,DEV0879
TXN009009,2026-08-30 15:11:22,ACC0428,ACC0472,2141.81,INR,IMPS,Kolkata,atm,DEV0429
TXN008580,2026-08-30 15:11:57,ACC0089,ACC0490,257.35,INR,RTGS,Mumbai,branch,DEV0168
TXN001696,2026-08-30 15:13:02,ACC0147,ACC0471,624.18,INR,RTGS,Bengaluru,atm,DEV0251
TXN005106,2026-08-30 15:13:09,ACC0395,ACC0277,913.16,INR,RTGS,Hyderabad,atm,DEV0271
TXN006066,2026-08-30 15:13:37,ACC0190,ACC0473,407.19,INR,RTGS,Hyderabad,web,DEV0137
TXN009434,2026-08-30 15:14:39,ACC0378,ACC0480,830.02,INR,NEFT,Delhi,atm,DEV0117
TXN002716,2026-08-30 15:16:16,ACC0214,ACC0470,865.67,INR,UPI,Bengaluru,mobile,DEV0777
TXN004953,2026-08-30 15:16:36,ACC0277,ACC0486,3800.72,INR,NEFT,Bengaluru,web,DEV0119
TXN008963,2026-08-30 15:16:57,ACC0410,ACC0055,3811.74,INR,IMPS,Bengaluru,web,DEV0629
TXN008073,2026-08-30 15:23:33,ACC0348,ACC0472,6794.67,INR,IMPS,Hyderabad,atm,DEV0492
TXN008630,2026-08-30 15:26:41,ACC0302,ACC0465,98.78,INR,UPI,Pune,branch,DEV0017
TXN003128,2026-08-30 15:30:11,ACC0126,ACC0489,2933.59,INR,NEFT,Mumbai,atm,DEV0498
TXN008673,2026-08-30 15:30:15,ACC0407,ACC0470,5205.58,INR,UPI,Chennai,mobile,DEV0200
TXN005190,2026-08-30 15:32:17,ACC0097,ACC0484,1703.01,INR,NEFT,Hyderabad,atm,DEV0077
TXN000377,2026-08-30 15:36:00,ACC0311,ACC0233,764.8,INR,UPI,Mumbai,branch,DEV0349
TXN008139,2026-08-30 15:37:58,ACC0138,ACC0382,2012.21,INR,RTGS,Bengaluru,branch,DEV0530
TXN007509,2026-08-30 15:39:13,ACC0235,ACC0496,3653.2,INR,UPI,Chennai,branch,DEV0549
TXN006928,2026-08-30 15:44:02,ACC0262,ACC0260,523.94,INR,UPI,Delhi,web,DEV0321
TXN003578,2026-08-30 15:51:39,ACC0207,ACC0477,2341.88,INR,NEFT,Kochi,atm,DEV0698
TXN005473,2026-08-30 15:59:28,ACC0428,ACC0500,420.05,INR,RTGS,Chennai,mobile,DEV0755
TXN007952,2026-08-30 16:00:29,ACC0162,ACC0489,2176.73,INR,UPI,Hyderabad,branch,DEV0290
TXN007544,2026-08-30 16:00:57,ACC0249,ACC0268,2779.27,INR,NEFT,Hyderabad,branch,DEV0822
TXN005266,2026-08-30 16:07:38,ACC0138,ACC0432,690.85,INR,IMPS,Kochi,web,DEV0705
TXN006139,2026-08-30 16:08:27,ACC0056,ACC0454,1980.85,INR,UPI,Pune,branch,DEV0762
TXN004764,2026-08-30 16:10:18,ACC0314,ACC0281,1775.28,INR,NEFT,Pune,mobile,DEV0357
TXN004142,2026-08-30 16:11:24,ACC0080,ACC0492,1105.42,INR,NEFT,Hyderabad,web,DEV0034
TXN006764,2026-08-30 16:18:59,ACC0305,ACC0454,12536.01,INR,UPI,Kochi,atm,DEV0515
TXN003021,2026-08-30 16:20:02,ACC0266,ACC0452,1700.45,INR,RTGS,Bengaluru,branch,DEV0266
TXN006149,2026-08-30 16:20:04,ACC0301,ACC0500,576.14,INR,NEFT,Bengaluru,web,DEV0408
TXN004979,2026-08-30 16:21:40,ACC0387,ACC0455,1142.43,INR,RTGS,Bengaluru,branch,DEV0495
TXN003505,2026-08-30 16:25:56,ACC0063,ACC0456,6795.55,INR,RTGS,Mumbai,web,DEV0666
TXN006364,2026-08-30 16:27:31,ACC0058,ACC0493,415.91,INR,UPI,Pune,branch,DEV0562
TXN004352,2026-08-30 16:27:39,ACC0302,ACC0475,1746.75,INR,UPI,Chennai,mobile,DEV0289
TXN003427,2026-08-30 16:29:14,ACC0218,ACC0488,3705.78,INR,NEFT,Pune,atm,DEV0422
TXN001255,2026-08-30 16:29:59,ACC0097,ACC0131,618.63,INR,NEFT,Hyderabad,mobile,DEV0438
TXN001694,2026-08-30 16:30:20,ACC0120,ACC0479,3172.48,INR,IMPS,Delhi,mobile,DEV0429
TXN008033,2026-08-30 16:31:47,ACC0406,ACC0385,420.52,INR,IMPS,Bengaluru,web,DEV0114
TXN001989,2026-08-30 16:37:03,ACC0349,ACC0356,869.84,INR,UPI,Pune,atm,DEV0762
TXN006809,2026-08-30 16:43:19,ACC0319,ACC0496,1032.4,INR,IMPS,Pune,atm,DEV0564
TXN003682,2026-08-30 16:44:41,ACC0348,ACC0478,239.27,INR,RTGS,Hyderabad,atm,DEV0154
TXN000399,2026-08-30 16:48:30,ACC0241,ACC0495,325.34,INR,IMPS,Bengaluru,mobile,DEV0562
TXN008563,2026-08-30 16:52:14,ACC0258,ACC0450,3568.32,INR,RTGS,Chennai,atm,DEV0024
TXN007008,2026-08-30 16:52:41,ACC0283,ACC0485,379.18,INR,UPI,Kolkata,branch,DEV0461
TXN000602,2026-08-30 16:52:43,ACC0368,ACC0500,1612.86,INR,NEFT,Bengaluru,branch,DEV0295
TXN006070,2026-08-30 16:53:07,ACC0174,ACC0498,1704.23,INR,IMPS,Kolkata,mobile,DEV0177
TXN008289,2026-08-30 16:56:56,ACC0224,ACC0467,993.54,INR,NEFT,Pune,mobile,DEV0295
TXN001756,2026-08-30 16:57:05,ACC0277,ACC0489,620.83,INR,IMPS,Hyderabad,branch,DEV0831
TXN000789,2026-08-30 16:57:39,ACC0264,ACC0019,290.66,INR,IMPS,Kolkata,mobile,DEV0006
TXN004339,2026-08-30 16:59:11,ACC0442,ACC0478,3123.2,INR,UPI,Kolkata,mobile,DEV0557
TXN002867,2026-08-30 17:07:36,ACC0303,ACC0454,962.78,INR,IMPS,Hyderabad,branch,DEV0760
TXN001281,2026-08-30 17:10:00,ACC0181,ACC0470,2822.63,INR,UPI,Bengaluru,branch,DEV0025
TXN003867,2026-08-30 17:10:34,ACC0272,ACC0467,2422.36,INR,UPI,Kolkata,web,DEV0880
TXN005653,2026-08-30 17:11:43,ACC0036,ACC0473,1249.41,INR,IMPS,Kochi,web,DEV0305
TXN002069,2026-08-30 17:20:00,ACC0111,ACC0406,1172.09,INR,NEFT,Hyderabad,branch,DEV0700
TXN007504,2026-08-30 17:22:32,ACC0381,ACC0460,5358.48,INR,UPI,Pune,branch,DEV0397
TXN006157,2026-08-30 17:33:31,ACC0029,ACC0213,2299.37,INR,UPI,Kolkata,atm,DEV0664
TXN004795,2026-08-30 17:34:07,ACC0368,ACC0472,9958.34,INR,NEFT,Kochi,atm,DEV0429
TXN007569,2026-08-30 17:35:45,ACC0137,ACC0108,303.19,INR,UPI,Hyderabad,mobile,DEV0805
TXN006700,2026-08-30 17:35:59,ACC0444,ACC0457,813.93,INR,RTGS,Chennai,web,DEV0770
TXN008098,2026-08-30 17:36:22,ACC0251,ACC0489,1065.01,INR,UPI,Hyderabad,mobile,DEV0346
TXN007910,2026-08-30 17:40:46,ACC0101,ACC0473,2314.95,INR,NEFT,Mumbai,atm,DEV0175
TXN003971,2026-08-30 17:42:30,ACC0324,ACC0359,4161.02,INR,IMPS,Chennai,branch,DEV0194
TXN001390,2026-08-30 17:47:57,ACC0153,ACC0493,1792.04,INR,NEFT,Bengaluru,branch,DEV0630
TXN000015,2026-08-30 17:48:46,ACC0447,ACC0464,5699.85,INR,RTGS,Kolkata,atm,DEV0530
TXN005908,2026-08-30 17:49:24,ACC0318,ACC0490,1561.16,INR,IMPS,Kochi,mobile,DEV0371
TXN007884,2026-08-30 17:51:12,ACC0328,ACC0489,129.12,INR,IMPS,Hyderabad,branch,DEV0206
TXN003119,2026-08-30 17:52:45,ACC0156,ACC0212,2077.98,INR,UPI,Hyderabad,atm,DEV0182
TXN002691,2026-08-30 17:53:44,ACC0269,ACC0167,555.13,INR,IMPS,Hyderabad,branch,DEV0324
TXN003607,2026-08-30 17:53:57,ACC0026,ACC0132,1127.55,INR,RTGS,Kolkata,mobile,DEV0858
TXN009607,2026-08-30 17:55:16,ACC0409,ACC0467,1093.52,INR,UPI,Chennai,atm,DEV0717
TXN005643,2026-08-30 17:56:33,ACC0398,ACC0120,606.78,INR,IMPS,Bengaluru,atm,DEV0096
TXN003832,2026-08-30 17:58:44,ACC0038,ACC0494,719.88,INR,NEFT,Bengaluru,atm,DEV0039
TXN004214,2026-08-30 17:59:19,ACC0283,ACC0462,1177.97,INR,RTGS,Mumbai,mobile,DEV0438
TXN002584,2026-08-30 18:00:41,ACC0357,ACC0496,2512.04,INR,IMPS,Hyderabad,branch,DEV0474
TXN000951,2026-08-30 18:01:06,ACC0023,ACC0460,4778.48,INR,IMPS,Bengaluru,atm,DEV0851
TXN001949,2026-08-30 18:04:13,ACC0018,ACC0375,1760.99,INR,IMPS,Delhi,atm,DEV0136
TXN003985,2026-08-30 18:08:30,ACC0137,ACC0484,809.68,INR,NEFT,Hyderabad,mobile,DEV0519
TXN006973,2026-08-30 18:09:19,ACC0061,ACC0241,818.61,INR,UPI,Mumbai,branch,DEV0855
TXN005922,2026-08-30 18:15:02,ACC0174,ACC0466,202.65,INR,IMPS,Mumbai,mobile,DEV0486
TXN006065,2026-08-30 18:15:07,ACC0198,ACC0420,19941.09,INR,NEFT,Mumbai,atm,DEV0146
TXN009888,2026-08-30 18:17:31,ACC0046,ACC0500,111.23,INR,NEFT,Mumbai,mobile,DEV0719
TXN006744,2026-08-30 18:19:40,ACC0106,ACC0046,2427.84,INR,UPI,Bengaluru,atm,DEV0839
TXN000440,2026-08-30 18:21:28,ACC0079,ACC0470,1808.9,INR,NEFT,Bengaluru,web,DEV0317
TXN002706,2026-08-30 18:21:45,ACC0216,ACC0482,2582.4,INR,UPI,Hyderabad,web,DEV0609
TXN004321,2026-08-30 18:29:31,ACC0277,ACC0456,1668.62,INR,RTGS,Pune,branch,DEV0875
TXN000265,2026-08-30 18:32:20,ACC0279,ACC0177,1265.46,INR,IMPS,Bengaluru,mobile,DEV0831
TXN002587,2026-08-30 18:33:21,ACC0334,ACC0108,1364.17,INR,RTGS,Kolkata,branch,DEV0462
TXN005954,2026-08-30 18:36:16,ACC0063,ACC0295,6279.13,INR,UPI,Mumbai,web,DEV0198
TXN009751,2026-08-30 18:37:22,ACC0002,ACC0419,1861.89,INR,UPI,Mumbai,branch,DEV0890
TXN004665,2026-08-30 18:37:35,ACC0170,ACC0485,1571.32,INR,IMPS,Hyderabad,atm,DEV0249
TXN001669,2026-08-30 18:39:13,ACC0221,ACC0041,5089.3,INR,IMPS,Hyderabad,web,DEV0266
TXN000697,2026-08-30 18:41:02,ACC0138,ACC0491,1453.73,INR,NEFT,Hyderabad,atm,DEV0387
TXN001918,2026-08-30 18:41:17,ACC0094,ACC0481,6316.29,INR,RTGS,Pune,branch,DEV0224
TXN005919,2026-08-30 18:41:43,ACC0205,ACC0193,4545.46,INR,UPI,Mumbai,branch,DEV0141
TXN003475,2026-08-30 18:41:55,ACC0271,ACC0378,1193.68,INR,UPI,Kolkata,branch,DEV0794
TXN008405,2026-08-30 18:42:41,ACC0243,ACC0481,103.93,INR,IMPS,Kolkata,web,DEV0028
TXN002935,2026-08-30 18:42:43,ACC0123,ACC0490,744.62,INR,IMPS,Pune,atm,DEV0770
TXN003208,2026-08-30 18:43:48,ACC0232,ACC0384,599.0,INR,IMPS,Chennai,web,DEV0516
TXN009725,2026-08-30 18:44:03,ACC0114,ACC0458,650.98,INR,UPI,Bengaluru,mobile,DEV0487
TXN008447,2026-08-30 18:45:20,ACC0321,ACC0462,11584.88,INR,UPI,Mumbai,mobile,DEV0819
TXN005760,2026-08-30 18:47:39,ACC0277,ACC0465,1691.18,INR,RTGS,Mumbai,web,DEV0640
TXN004314,2026-08-30 18:47:41,ACC0131,ACC0493,4864.84,INR,NEFT,Hyderabad,web,DEV0193
TXN000549,2026-08-30 18:48:24,ACC0269,ACC0034,439.17,INR,IMPS,Pune,web,DEV0570
TXN005384,2026-08-30 18:48:50,ACC0360,ACC0476,2956.78,INR,UPI,Bengaluru,web,DEV0309
TXN000941,2026-08-30 18:48:57,ACC0391,ACC0452,270.82,INR,IMPS,Bengaluru,mobile,DEV0350
TXN008736,2026-08-30 18:49:43,ACC0375,ACC0456,176.16,INR,UPI,Delhi,atm,DEV0401
TXN004429,2026-08-30 18:53:18,ACC0448,ACC0480,1047.85,INR,UPI,Pune,web,DEV0820
TXN008069,2026-08-30 18:54:14,ACC0151,ACC0478,1086.27,INR,IMPS,Chennai,mobile,DEV0268
TXN002100,2026-08-30 18:55:51,ACC0056,ACC0498,8608.95,INR,UPI,Bengaluru,atm,DEV0841
TXN001822,2026-08-30 18:56:28,ACC0067,ACC0455,5570.52,INR,RTGS,Hyderabad,branch,DEV0485
TXN002352,2026-08-30 18:58:46,ACC0214,ACC0456,909.72,INR,UPI,Chennai,web,DEV0164
TXN004354,2026-08-30 18:59:21,ACC0196,ACC0459,1670.9,INR,RTGS,Kochi,web,DEV0112
TXN006653,2026-08-30 18:59:28,ACC0059,ACC0461,2271.73,INR,NEFT,Chennai,branch,DEV0193
TXN007222,2026-08-30 19:00:03,ACC0130,ACC0028,2201.85,INR,IMPS,Pune,atm,DEV0205
TXN000410,2026-08-30 19:03:03,ACC0047,ACC0472,1185.3,INR,UPI,Delhi,atm,DEV0239
TXN009770,2026-08-30 19:07:50,ACC0188,ACC0470,1202.58,INR,RTGS,Hyderabad,atm,DEV0011
TXN000330,2026-08-30 19:08:45,ACC0366,ACC0473,1675.78,INR,IMPS,Mumbai,branch,DEV0576
TXN003478,2026-08-30 19:11:51,ACC0020,ACC0211,1589.25,INR,NEFT,Delhi,branch,DEV0108
TXN004655,2026-08-30 19:16:27,ACC0261,ACC0457,2968.25,INR,UPI,Kolkata,web,DEV0629
TXN005500,2026-08-30 19:16:35,ACC0075,ACC0079,1924.34,INR,IMPS,Kochi,atm,DEV0554
TXN009298,2026-08-30 19:16:39,ACC0357,ACC0471,3570.08,INR,UPI,Delhi,branch,DEV0210
TXN006001,2026-08-30 19:16:46,ACC0448,ACC0138,2114.63,INR,RTGS,Chennai,atm,DEV0199
TXN006570,2026-08-30 19:22:05,ACC0164,ACC0485,3638.21,INR,RTGS,Hyderabad,mobile,DEV0393
TXN007815,2026-08-30 19:31:47,ACC0065,ACC0462,2383.91,INR,NEFT,Bengaluru,atm,DEV0678
TXN002647,2026-08-30 19:33:45,ACC0072,ACC0461,1870.68,INR,UPI,Kolkata,branch,DEV0400
TXN009585,2026-08-30 19:38:48,ACC0249,ACC0454,2378.34,INR,RTGS,Hyderabad,atm,DEV0326
TXN006697,2026-08-30 19:41:28,ACC0416,ACC0453,1692.56,INR,RTGS,Mumbai,atm,DEV0686
TXN003226,2026-08-30 19:42:55,ACC0035,ACC0463,2325.39,INR,UPI,Kochi,atm,DEV0815
TXN001629,2026-08-30 19:44:22,ACC0032,ACC0453,5858.48,INR,UPI,Chennai,mobile,DEV0156
TXN009025,2026-08-30 19:46:22,ACC0199,ACC0498,2958.18,INR,RTGS,Hyderabad,atm,DEV0707
TXN001671,2026-08-30 19:47:08,ACC0098,ACC0081,506.89,INR,IMPS,Kochi,branch,DEV0188
TXN009092,2026-08-30 19:47:44,ACC0247,ACC0498,669.38,INR,RTGS,Chennai,web,DEV0743
TXN006980,2026-08-30 19:49:08,ACC0171,ACC0478,3925.2,INR,NEFT,Mumbai,atm,DEV0127
TXN004627,2026-08-30 19:50:11,ACC0349,ACC0470,4209.85,INR,IMPS,Hyderabad,atm,DEV0553
TXN003522,2026-08-30 19:53:59,ACC0416,ACC0497,3176.75,INR,RTGS,Chennai,mobile,DEV0404
TXN006482,2026-08-30 19:57:41,ACC0023,ACC0471,814.78,INR,IMPS,Bengaluru,web,DEV0872
TXN004436,2026-08-30 19:58:32,ACC0062,ACC0463,3490.84,INR,IMPS,Kolkata,web,DEV0068
TXN008022,2026-08-30 20:06:35,ACC0292,ACC0477,5283.55,INR,UPI,Pune,web,DEV0361
TXN009852,2026-08-30 20:11:17,ACC0333,ACC0499,12679.11,INR,RTGS,Bengaluru,atm,DEV0310
TXN007925,2026-08-30 20:14:06,ACC0036,ACC0461,593.9,INR,RTGS,Kolkata,branch,DEV0879
TXN000217,2026-08-30 20:15:33,ACC0056,ACC0461,787.24,INR,RTGS,Kochi,web,DEV0817
TXN009443,2026-08-30 20:17:35,ACC0014,ACC0472,3184.61,INR,NEFT,Kolkata,branch,DEV0703
TXN000673,2026-08-30 20:22:12,ACC0011,ACC0349,221.03,INR,IMPS,Bengaluru,web,DEV0506
TXN005617,2026-08-30 20:23:13,ACC0392,ACC0451,6484.08,INR,IMPS,Kochi,mobile,DEV0706
TXN003331,2026-08-30 20:26:29,ACC0281,ACC0482,91.86,INR,NEFT,Kochi,mobile,DEV0148
TXN005890,2026-08-30 20:27:31,ACC0349,ACC0170,10539.56,INR,RTGS,Pune,web,DEV0310
TXN007582,2026-08-30 20:27:38,ACC0186,ACC0493,233.48,INR,NEFT,Bengaluru,branch,DEV0308
TXN009521,2026-08-30 20:27:49,ACC0289,ACC0337,1010.93,INR,UPI,Pune,mobile,DEV0075
TXN005283,2026-08-30 20:28:25,ACC0131,ACC0498,9806.54,INR,IMPS,Bengaluru,branch,DEV0811
TXN009205,2026-08-30 20:30:38,ACC0440,ACC0471,803.14,INR,UPI,Kochi,atm,DEV0668
TXN008689,2026-08-30 20:36:10,ACC0352,ACC0219,3770.3,INR,UPI,Kochi,web,DEV0771
TXN004949,2026-08-30 20:37:57,ACC0132,ACC0490,432.91,INR,RTGS,Pune,branch,DEV0004
TXN003821,2026-08-30 20:43:16,ACC0008,ACC0477,1741.44,INR,IMPS,Chennai,web,DEV0602
TXN002980,2026-08-30 20:45:59,ACC0338,ACC0458,1282.18,INR,UPI,Bengaluru,atm,DEV0235
TXN005038,2026-08-30 20:47:25,ACC0375,ACC0485,3554.21,INR,NEFT,Bengaluru,atm,DEV0548
TXN008510,2026-08-30 20:48:32,ACC0166,ACC0492,194.09,INR,NEFT,Hyderabad,branch,DEV0810
TXN000451,2026-08-30 20:50:10,ACC0129,ACC0492,2618.03,INR,UPI,Kochi,branch,DEV0088
TXN000921,2026-08-30 20:50:15,ACC0119,ACC0414,3291.37,INR,RTGS,Mumbai,mobile,DEV0627
TXN005398,2026-08-30 20:51:24,ACC0425,ACC0463,803.06,INR,IMPS,Chennai,atm,DEV0003
TXN005846,2026-08-30 20:56:21,ACC0129,ACC0493,1929.33,INR,RTGS,Hyderabad,web,DEV0456
TXN003053,2026-08-30 20:57:53,ACC0262,ACC0443,9951.93,INR,RTGS,Hyderabad,mobile,DEV0770
